customer_class,month_1_consumption,month_2_consumption,month_3_consumption,month_4_consumption,month_1_month,month_2_month,month_3_month,month_4_month,avg_consumption,consumption_trend,next_month_consumption
RESIDENT,21.37,20.89,27.88,30.1,2,3,4,5,25.06,2.91,34.76
RESIDENT,35.34,35.76,38.52,37.68,4,5,6,7,36.83,0.78,30.71
RESIDENT,22.06,18.71,20.36,23.42,2,3,4,5,21.14,0.45,23.51
ORGANIZATION,118.82,108.83,112.81,136.83,2,3,4,5,119.32,6.0,119.56
FACTORY,1188.63,1021.69,946.47,1119.18,10,11,12,1,1068.99,-23.15,1039.14
RESIDENT,12.1,10.67,8.91,16.6,11,12,1,2,12.07,1.5,18.73
RESIDENT,6.12,8.64,10.79,16.82,12,1,2,3,10.59,3.57,14.9
RESIDENT,34.71,29.45,27.19,25.36,7,8,9,10,29.18,-3.12,23.13
ORGANIZATION,71.57,74.46,54.42,31.38,7,8,9,10,57.96,-13.4,64.69
RESIDENT,7.99,5.05,10.07,5.75,9,10,11,12,7.21,-0.75,7.56
RESIDENT,36.52,34.77,52.27,19.87,7,8,9,10,35.86,-5.55,27.14
RESIDENT,2.94,7.58,11.38,7.46,12,1,2,3,7.34,1.51,10.91
GOVERNMENT,439.65,410.53,531.74,379.45,8,9,10,11,440.34,-20.07,358.32
RESIDENT,30.42,29.15,32.96,29.59,10,11,12,1,30.53,-0.28,35.82
RESIDENT,31.39,31.14,35.18,30.13,5,6,7,8,31.96,-0.42,27.33
ORGANIZATION,188.97,195.27,162.43,174.24,8,9,10,11,180.23,-4.91,202.68
RESIDENT,27.99,27.59,23.91,26.68,9,10,11,12,26.54,-0.44,29.35
PUBLIC_SERVICE,77.28,65.89,60.49,75.89,2,3,4,5,69.89,-0.46,89.76
RESIDENT,14.69,9.29,5.91,12.38,9,10,11,12,10.57,-0.77,9.96
FACTORY,1148.23,1432.43,1219.94,1502.94,1,2,3,4,1325.88,118.24,1280.8
RESIDENT,33.32,27.48,29.25,26.72,9,10,11,12,29.19,-2.2,30.43
GOVERNMENT,526.67,477.74,453.8,506.72,6,7,8,9,491.23,-6.65,516.96
FACTORY,1075.41,1004.86,1023.74,972.07,11,12,1,2,1019.02,-34.45,1142.92
RESIDENT,23.27,17.71,19.23,11.49,8,9,10,11,17.93,-3.93,15.25
FACTORY,1284.35,1246.14,983.38,1060.26,5,6,7,8,1143.53,-74.7,970.06
RESIDENT,9.11,5.09,16.99,18.88,1,2,3,4,12.52,3.26,15.35
RESIDENT,36.77,34.45,42.06,36.3,4,5,6,7,37.39,-0.16,38.5
FACTORY,1319.03,1549.51,1166.23,1404.34,6,7,8,9,1359.78,28.44,1077.8
ORGANIZATION,132.9,141.38,119.27,120.03,8,9,10,11,128.39,-4.29,136.47
RESIDENT,26.98,33.83,31.54,34.96,12,1,2,3,31.83,2.66,36.98
RESIDENT,22.54,15.39,15.51,15.78,7,8,9,10,17.3,-2.25,11.8
ORGANIZATION,220.08,150.34,159.42,192.5,12,1,2,3,180.59,-9.19,179.95
RESIDENT,11.57,12.35,9.3,13.24,11,12,1,2,11.62,0.56,16.52
FACTORY,1769.15,1787.43,1724.95,1871.05,4,5,6,7,1788.14,33.97,1675.18
RESIDENT,12.74,10.61,13.46,16.91,10,11,12,1,13.43,1.39,16.9
FACTORY,396.19,425.87,561.51,643.91,11,12,1,2,506.87,82.57,637.45
RESIDENT,18.61,11.57,23.48,20.79,1,2,3,4,18.61,0.73,19.04
RESIDENT,12.08,8.09,12.37,18.44,9,10,11,12,12.75,2.12,15.94
RESIDENT,21.84,16.79,14.65,14.7,3,4,5,6,16.99,-2.38,12.75
FACTORY,848.47,707.8,824.99,997.48,10,11,12,1,844.69,49.67,1058.05
FACTORY,1586.1,1801.19,1516.01,1547.72,3,4,5,6,1612.76,-12.79,1461.25
RESIDENT,25.63,21.89,18.69,10.66,6,7,8,9,19.22,-4.99,11.76
RESIDENT,20.92,21.77,18.93,14.85,6,7,8,9,19.12,-2.02,15.86
RESIDENT,12.61,9.95,9.36,10.88,7,8,9,10,10.7,-0.58,0.5
RESIDENT,20.25,21.58,21.18,20.24,9,10,11,12,20.81,-0.0,23.94
RESIDENT,34.11,24.95,33.84,27.74,12,1,2,3,30.16,-2.12,32.25
RESIDENT,26.62,28.25,31.34,21.64,6,7,8,9,26.96,-1.66,18.7
PUBLIC_SERVICE,125.91,101.6,141.04,133.65,11,12,1,2,125.55,2.58,123.85
RESIDENT,22.1,26.92,23.96,21.81,8,9,10,11,23.7,-0.1,28.97
RESIDENT,40.77,46.32,37.07,38.35,5,6,7,8,40.63,-0.81,38.6
RESIDENT,25.67,21.51,25.51,22.65,9,10,11,12,23.84,-1.01,22.71
RESIDENT,28.07,22.2,23.06,18.56,8,9,10,11,22.97,-3.17,20.83
GOVERNMENT,478.45,435.66,632.69,373.32,5,6,7,8,480.03,-35.04,391.74
GOVERNMENT,411.96,454.89,457.59,351.11,6,7,8,9,418.89,-20.28,365.79
RESIDENT,2.86,0.74,4.37,4.23,10,11,12,1,3.05,0.46,5.47
GOVERNMENT,412.15,415.8,441.6,419.48,3,4,5,6,422.26,2.44,392.39
RESIDENT,13.0,16.71,17.02,19.27,11,12,1,2,16.5,2.09,23.04
PUBLIC_SERVICE,11.23,30.6,29.42,36.74,9,10,11,12,27.0,8.5,47.46
RESIDENT,23.88,27.21,24.3,23.78,6,7,8,9,24.79,-0.03,21.52
RESIDENT,15.61,26.6,19.4,20.54,3,4,5,6,20.54,1.64,20.4
RESIDENT,33.03,32.63,33.5,30.71,4,5,6,7,32.47,-0.77,33.17
ORGANIZATION,67.16,87.23,100.76,118.64,11,12,1,2,93.45,17.16,91.38
RESIDENT,37.18,42.9,43.92,37.62,4,5,6,7,40.41,0.15,39.12
RESIDENT,13.44,13.32,8.92,6.65,5,6,7,8,10.58,-2.26,5.12
GOVERNMENT,255.07,186.68,183.1,156.32,6,7,8,9,195.29,-32.92,185.52
RESIDENT,1.35,2.3,0.5,4.09,11,12,1,2,2.06,0.91,6.27
PUBLIC_SERVICE,61.36,30.87,28.7,16.41,8,9,10,11,34.34,-14.98,11.35
RESIDENT,5.46,5.87,4.78,5.26,11,12,1,2,5.34,-0.07,12.41
RESIDENT,23.9,20.49,22.54,26.24,5,6,7,8,23.29,0.78,22.89
FACTORY,1605.19,1684.87,1730.96,1346.72,7,8,9,10,1591.94,-86.16,1627.56
RESIDENT,6.7,5.41,4.23,11.6,11,12,1,2,6.98,1.63,7.6
RESIDENT,19.66,22.83,17.4,17.34,3,4,5,6,19.31,-0.77,12.37
ORGANIZATION,195.07,181.95,159.93,162.85,8,9,10,11,174.95,-10.74,165.24
RESIDENT,15.16,13.14,9.5,12.69,8,9,10,11,12.62,-0.82,15.21
RESIDENT,10.65,14.24,4.48,6.59,6,7,8,9,8.99,-1.35,0.5
RESIDENT,3.47,9.21,9.02,11.13,2,3,4,5,8.21,2.55,6.86
FACTORY,1555.37,1729.01,1909.88,2064.26,12,1,2,3,1814.63,169.63,1995.84
RESIDENT,20.61,25.81,25.74,26.5,9,10,11,12,24.66,1.96,18.67
RESIDENT,5.45,2.78,10.89,10.98,12,1,2,3,7.53,1.84,9.91
RESIDENT,26.36,25.04,32.28,22.62,5,6,7,8,26.58,-1.25,20.55
RESIDENT,13.9,19.3,25.13,18.9,2,3,4,5,19.31,1.67,20.19
RESIDENT,20.35,26.96,25.58,28.88,2,3,4,5,25.44,2.84,26.41
RESIDENT,16.43,30.37,22.52,29.29,3,4,5,6,24.65,4.29,18.01
FACTORY,671.2,579.77,639.05,503.07,7,8,9,10,598.27,-56.04,525.91
ORGANIZATION,198.0,172.94,158.41,174.05,4,5,6,7,175.85,-7.98,163.48
PUBLIC_SERVICE,15.19,35.3,27.52,39.19,11,12,1,2,29.3,8.0,54.78
RESIDENT,16.04,23.28,25.98,25.23,1,2,3,4,22.63,3.06,28.43
RESIDENT,38.79,39.47,44.69,46.05,3,4,5,6,42.25,2.42,39.22
GOVERNMENT,285.23,223.6,193.79,164.77,7,8,9,10,216.85,-40.15,178.22
RESIDENT,19.85,9.92,8.96,13.09,6,7,8,9,12.96,-2.25,6.8
ORGANIZATION,150.97,164.89,150.07,126.87,10,11,12,1,148.2,-8.03,136.52
RESIDENT,32.98,34.22,38.13,37.96,3,4,5,6,35.82,1.66,36.23
ORGANIZATION,69.28,24.69,25.31,38.11,7,8,9,10,39.35,-10.39,31.59
PUBLIC_SERVICE,109.29,92.19,94.28,124.77,10,11,12,1,105.13,5.16,120.16
RESIDENT,7.6,4.51,10.3,10.37,12,1,2,3,8.2,0.92,14.62
PUBLIC_SERVICE,55.04,49.47,53.44,44.15,9,10,11,12,50.52,-3.63,56.65
ORGANIZATION,120.44,181.24,101.73,127.56,2,3,4,5,132.74,2.37,123.17
RESIDENT,16.15,16.46,15.38,33.31,11,12,1,2,20.33,5.72,24.82
FACTORY,1460.3,1461.36,1355.61,1531.47,10,11,12,1,1452.18,23.72,1402.41
RESIDENT,19.26,18.17,18.17,20.45,11,12,1,2,19.01,0.4,23.21
RESIDENT,22.91,21.58,17.29,18.44,7,8,9,10,20.05,-1.49,19.87
RESIDENT,38.16,36.49,28.41,29.84,6,7,8,9,33.23,-2.77,30.57
ORGANIZATION,95.85,127.28,89.45,63.79,6,7,8,9,94.09,-10.69,90.27
RESIDENT,23.65,30.26,30.49,31.22,2,3,4,5,28.9,2.52,34.57
ORGANIZATION,75.22,85.38,97.85,95.43,4,5,6,7,88.47,6.74,78.65
RESIDENT,19.23,20.43,23.01,19.76,2,3,4,5,20.61,0.18,21.94
RESIDENT,24.95,38.66,27.08,31.23,11,12,1,2,30.48,2.09,32.11
RESIDENT,13.4,17.59,15.73,10.73,6,7,8,9,14.36,-0.89,6.12
RESIDENT,10.21,11.94,23.15,21.48,1,2,3,4,16.7,3.76,20.15
RESIDENT,35.43,35.88,31.59,29.84,6,7,8,9,33.19,-1.86,26.05
RESIDENT,17.96,6.52,14.48,5.13,6,7,8,9,11.02,-4.28,4.18
RESIDENT,12.83,12.27,20.13,27.59,12,1,2,3,18.21,4.92,19.97
RESIDENT,2.91,0.74,9.54,8.71,11,12,1,2,5.47,1.93,10.37
GOVERNMENT,395.07,375.97,381.19,326.65,6,7,8,9,369.72,-22.81,285.34
RESIDENT,32.01,28.98,44.6,23.93,5,6,7,8,32.38,-2.69,27.64
GOVERNMENT,258.94,194.28,175.96,196.53,8,9,10,11,206.43,-20.8,146.87
RESIDENT,22.96,26.52,26.5,31.87,1,2,3,4,26.96,2.97,30.36
RESIDENT,0.91,13.76,16.71,14.39,1,2,3,4,11.44,4.49,10.41
RESIDENT,24.82,16.15,19.64,19.37,9,10,11,12,20.0,-1.82,16.52
RESIDENT,34.52,26.02,26.25,27.88,8,9,10,11,28.67,-2.21,30.68
ORGANIZATION,85.4,60.27,74.45,52.85,9,10,11,12,68.24,-10.85,87.42
RESIDENT,26.02,19.4,14.86,13.49,8,9,10,11,18.44,-4.18,15.08
RESIDENT,13.58,17.71,12.98,17.12,11,12,1,2,15.35,1.18,21.12
ORGANIZATION,146.66,137.19,171.1,248.61,11,12,1,2,175.89,33.98,159.81
RESIDENT,12.77,15.79,16.52,9.42,4,5,6,7,13.62,-1.12,9.12
RESIDENT,9.06,0.5,12.78,9.28,1,2,3,4,7.9,0.07,16.92
ORGANIZATION,140.76,204.84,130.15,143.57,10,11,12,1,154.83,0.94,153.71
RESIDENT,6.05,10.4,11.11,12.45,9,10,11,12,10.0,2.13,13.04
RESIDENT,19.83,14.02,10.33,9.74,4,5,6,7,13.48,-3.36,10.23
ORGANIZATION,159.89,155.31,179.31,163.74,3,4,5,6,164.56,1.28,146.21
GOVERNMENT,311.64,377.0,423.82,351.28,3,4,5,6,365.94,13.21,348.48
RESIDENT,15.59,19.48,24.03,23.3,2,3,4,5,20.6,2.57,22.13
RESIDENT,26.67,17.97,28.26,22.49,11,12,1,2,23.85,-1.39,28.97
RESIDENT,27.24,29.1,32.79,33.4,3,4,5,6,30.63,2.05,31.15
RESIDENT,18.95,22.52,22.71,30.23,11,12,1,2,23.6,3.76,30.58
PUBLIC_SERVICE,29.1,17.34,67.53,47.13,11,12,1,2,40.27,6.01,43.79
RESIDENT,11.3,7.16,9.24,2.79,7,8,9,10,7.62,-2.84,0.5
RESIDENT,11.71,11.56,13.77,12.86,11,12,1,2,12.48,0.38,26.31
RESIDENT,6.26,4.05,5.61,0.5,9,10,11,12,4.1,-1.92,1.83
FACTORY,913.42,754.15,808.49,816.59,8,9,10,11,823.16,-32.28,778.81
GOVERNMENT,170.81,205.04,184.78,255.04,1,2,3,4,203.92,28.08,279.1
RESIDENT,25.67,24.76,30.23,24.27,11,12,1,2,26.23,-0.47,35.35
RESIDENT,29.98,19.84,18.7,32.89,12,1,2,3,25.35,0.97,28.77
ORGANIZATION,136.28,132.34,114.48,111.85,7,8,9,10,123.74,-8.14,142.81
RESIDENT,31.87,34.42,42.34,35.77,2,3,4,5,36.1,1.3,35.04
ORGANIZATION,126.56,84.62,45.7,84.17,8,9,10,11,85.26,-14.13,86.66
ORGANIZATION,132.44,119.14,104.97,105.24,4,5,6,7,115.45,-9.07,113.34
RESIDENT,14.02,12.3,2.48,2.97,7,8,9,10,7.94,-3.68,5.89
RESIDENT,9.27,16.51,10.59,14.06,6,7,8,9,12.61,1.6,9.75
RESIDENT,34.32,27.35,33.33,36.82,3,4,5,6,32.95,0.83,28.66
ORGANIZATION,157.41,160.4,169.16,174.31,1,2,3,4,165.32,5.63,189.82
FACTORY,1596.76,1570.27,1670.5,1721.33,8,9,10,11,1639.71,41.52,1589.76
RESIDENT,5.25,0.54,4.28,0.5,9,10,11,12,2.64,-1.58,6.85
ORGANIZATION,116.7,105.39,103.04,58.67,6,7,8,9,95.95,-19.34,83.26
FACTORY,671.56,792.2,913.31,1370.89,12,1,2,3,936.99,233.11,1056.97
PUBLIC_SERVICE,48.94,58.15,74.73,64.48,2,3,4,5,61.58,5.18,86.3
RESIDENT,25.98,31.38,29.78,29.61,2,3,4,5,29.19,1.21,30.75
FACTORY,713.72,798.01,860.19,631.04,9,10,11,12,750.74,-27.56,1322.32
RESIDENT,7.12,4.14,0.5,8.71,9,10,11,12,5.12,0.53,5.31
ORGANIZATION,148.18,139.75,117.73,142.62,6,7,8,9,137.07,-1.85,120.11
FACTORY,663.9,711.51,674.89,836.53,5,6,7,8,721.71,57.54,554.57
PUBLIC_SERVICE,66.31,38.19,77.92,48.63,9,10,11,12,57.76,-5.89,70.88
PUBLIC_SERVICE,18.88,3.53,26.78,29.0,10,11,12,1,19.55,3.37,49.27
GOVERNMENT,149.63,212.95,209.6,187.91,10,11,12,1,190.02,12.76,208.09
RESIDENT,17.55,23.3,9.64,13.38,6,7,8,9,15.97,-1.39,20.31
RESIDENT,10.73,10.19,16.99,14.36,11,12,1,2,13.07,1.21,22.55
RESIDENT,20.52,22.14,28.68,30.77,1,2,3,4,25.53,3.42,29.64
RESIDENT,27.14,21.69,16.74,8.28,7,8,9,10,18.46,-6.29,18.62
RESIDENT,8.39,8.42,13.25,2.03,8,9,10,11,8.02,-2.12,7.86
RESIDENT,27.16,23.12,19.77,20.11,6,7,8,9,22.54,-2.35,23.57
RESIDENT,14.78,18.07,16.47,13.18,8,9,10,11,15.62,-0.53,17.31
FACTORY,2855.29,1816.62,1973.26,2012.83,1,2,3,4,2164.5,-280.82,2118.86
GOVERNMENT,363.88,367.4,534.4,287.71,8,9,10,11,388.35,-25.39,520.05
RESIDENT,13.1,18.55,13.68,9.95,8,9,10,11,13.82,-1.05,10.78
RESIDENT,12.05,14.67,3.55,5.17,7,8,9,10,8.86,-2.29,0.5
RESIDENT,19.62,10.34,10.24,6.71,7,8,9,10,11.73,-4.3,1.33
PUBLIC_SERVICE,120.56,128.27,116.18,123.27,9,10,11,12,122.07,0.9,140.42
ORGANIZATION,74.51,104.65,84.79,65.58,4,5,6,7,82.38,-2.98,74.48
RESIDENT,28.2,29.16,38.53,34.3,11,12,1,2,32.55,2.03,38.67
PUBLIC_SERVICE,95.22,121.58,106.17,147.85,1,2,3,4,117.71,17.54,97.96
RESIDENT,25.6,26.81,27.4,37.87,1,2,3,4,29.42,4.09,30.99
RESIDENT,36.91,39.49,37.76,42.97,3,4,5,6,39.28,2.02,36.94
GOVERNMENT,261.73,180.34,131.05,175.52,7,8,9,10,187.16,-28.74,101.28
RESIDENT,14.33,18.08,9.82,12.19,4,5,6,7,13.6,-0.71,9.77
RESIDENT,13.18,12.42,12.03,9.98,4,5,6,7,11.9,-1.07,5.8
RESIDENT,24.81,22.17,29.05,32.87,12,1,2,3,27.23,2.69,28.22
RESIDENT,18.29,13.9,18.82,18.54,3,4,5,6,17.39,0.08,15.47
RESIDENT,17.96,29.41,35.71,27.66,1,2,3,4,27.69,3.23,26.05
RESIDENT,13.04,19.91,17.6,26.84,9,10,11,12,19.35,4.6,19.45
PUBLIC_SERVICE,164.92,162.15,155.55,163.63,4,5,6,7,161.56,-0.43,152.44
RESIDENT,29.2,38.23,37.36,39.57,11,12,1,2,36.09,3.46,40.02
GOVERNMENT,555.1,542.07,534.77,557.36,3,4,5,6,547.33,0.75,574.2
GOVERNMENT,637.76,456.25,441.85,423.9,7,8,9,10,489.94,-71.29,419.83
ORGANIZATION,170.43,152.7,178.9,190.81,12,1,2,3,173.21,6.79,210.48
RESIDENT,15.06,15.97,19.97,18.78,10,11,12,1,17.45,1.24,20.72
RESIDENT,27.4,19.07,27.74,26.85,10,11,12,1,25.27,-0.18,25.85
RESIDENT,6.25,11.22,7.82,5.17,5,6,7,8,7.62,-0.36,0.93
PUBLIC_SERVICE,104.2,129.2,131.7,128.16,10,11,12,1,123.31,7.99,136.26
RESIDENT,11.38,12.62,18.37,19.99,12,1,2,3,15.59,2.87,15.75
RESIDENT,20.35,22.4,27.05,31.69,12,1,2,3,25.37,3.78,24.29
RESIDENT,30.04,26.67,24.25,26.95,4,5,6,7,26.98,-1.03,23.48
RESIDENT,21.67,16.92,18.25,16.0,8,9,10,11,18.21,-1.89,15.27
ORGANIZATION,73.79,8.17,36.2,76.43,9,10,11,12,48.65,0.88,42.57
RESIDENT,17.62,17.23,20.33,24.98,12,1,2,3,20.04,2.45,24.4
RESIDENT,11.68,18.48,16.24,14.79,4,5,6,7,15.3,1.04,11.54
RESIDENT,6.56,0.5,0.5,7.64,8,9,10,11,3.8,0.36,3.33
PUBLIC_SERVICE,29.31,17.23,11.44,22.14,9,10,11,12,20.03,-2.39,37.72
FACTORY,1698.5,1400.23,1638.76,1557.35,7,8,9,10,1573.71,-47.05,1594.82
RESIDENT,7.34,7.6,16.58,19.29,1,2,3,4,12.7,3.98,19.46
RESIDENT,36.69,31.43,30.45,33.93,7,8,9,10,33.12,-0.92,35.88
ORGANIZATION,68.71,73.05,82.05,91.28,1,2,3,4,78.77,7.52,95.65
RESIDENT,17.88,18.72,21.71,22.54,2,3,4,5,20.21,1.55,23.39
RESIDENT,29.64,38.23,40.48,36.36,3,4,5,6,36.18,2.24,39.15
RESIDENT,6.45,7.76,17.67,19.54,10,11,12,1,12.86,4.36,13.44
FACTORY,2152.76,1398.55,1493.49,1215.63,9,10,11,12,1565.11,-312.38,1421.9
FACTORY,468.06,509.4,722.97,689.2,1,2,3,4,597.41,73.71,1124.34
FACTORY,302.38,554.52,401.12,511.71,10,11,12,1,442.43,69.78,767.7
ORGANIZATION,125.44,114.62,90.93,159.96,6,7,8,9,122.74,11.51,91.52
GOVERNMENT,207.66,198.88,161.66,121.58,6,7,8,9,172.44,-28.69,106.5
RESIDENT,2.32,8.18,8.64,12.62,3,4,5,6,7.94,3.43,3.8
PUBLIC_SERVICE,42.33,66.01,37.25,37.02,9,10,11,12,45.65,-1.77,39.79
RESIDENT,13.06,21.31,17.97,17.92,3,4,5,6,17.56,1.62,26.45
RESIDENT,27.89,23.77,19.74,14.71,4,5,6,7,21.53,-4.39,13.48
PUBLIC_SERVICE,35.89,55.25,50.2,67.65,12,1,2,3,52.25,10.59,46.37
ORGANIZATION,58.0,71.0,130.26,91.31,10,11,12,1,87.64,11.1,123.36
PUBLIC_SERVICE,94.32,102.93,130.42,121.89,1,2,3,4,112.39,9.19,101.59
RESIDENT,30.5,35.88,34.19,28.5,2,3,4,5,32.27,-0.67,40.42
PUBLIC_SERVICE,45.35,35.04,50.21,19.18,7,8,9,10,37.45,-8.72,30.2
RESIDENT,32.88,35.79,27.28,29.25,6,7,8,9,31.3,-1.21,24.35
RESIDENT,6.52,5.95,2.56,16.88,2,3,4,5,7.98,3.45,4.52
RESIDENT,18.93,25.58,18.57,9.86,6,7,8,9,18.23,-3.02,8.73
RESIDENT,23.1,22.1,26.13,27.8,1,2,3,4,24.78,1.57,32.41
RESIDENT,22.42,31.22,29.64,38.23,1,2,3,4,30.38,5.27,40.48
ORGANIZATION,194.24,99.53,127.84,115.06,8,9,10,11,134.17,-26.39,109.04
PUBLIC_SERVICE,124.82,97.57,116.57,98.53,8,9,10,11,109.37,-8.76,98.91
RESIDENT,3.08,2.86,0.74,4.37,9,10,11,12,2.76,0.43,4.23
PUBLIC_SERVICE,108.94,104.4,145.37,125.57,5,6,7,8,121.07,5.54,73.14
GOVERNMENT,155.41,114.09,229.37,92.97,7,8,9,10,147.96,-20.81,121.16
PUBLIC_SERVICE,115.78,121.2,115.11,156.52,11,12,1,2,127.15,13.58,146.41
RESIDENT,4.45,0.57,3.69,7.02,11,12,1,2,3.93,0.86,9.92
RESIDENT,47.64,29.29,32.07,30.2,11,12,1,2,34.8,-5.81,33.74
PUBLIC_SERVICE,148.86,127.55,130.35,107.21,5,6,7,8,128.49,-13.88,110.75
RESIDENT,36.78,33.05,27.86,30.84,3,4,5,6,32.13,-1.98,30.04
PUBLIC_SERVICE,175.06,143.1,143.57,118.68,5,6,7,8,145.1,-18.79,140.59
FACTORY,1491.69,1099.04,1322.55,1304.35,9,10,11,12,1304.41,-62.45,1098.82
GOVERNMENT,278.36,338.64,346.09,248.07,3,4,5,6,302.79,-10.1,324.17
GOVERNMENT,443.3,457.43,438.02,539.2,11,12,1,2,469.49,31.97,546.93
RESIDENT,11.99,13.3,10.62,5.6,10,11,12,1,10.38,-2.13,16.23
RESIDENT,5.55,9.89,12.34,11.88,1,2,3,4,9.92,2.11,15.04
ORGANIZATION,76.06,77.98,67.31,61.87,7,8,9,10,70.81,-4.73,55.98
ORGANIZATION,97.27,115.8,76.55,117.32,9,10,11,12,101.73,6.68,110.83
RESIDENT,35.54,32.42,30.68,24.96,6,7,8,9,30.9,-3.53,23.78
ORGANIZATION,132.41,151.33,146.22,114.05,4,5,6,7,136.0,-6.12,144.44
RESIDENT,10.25,13.81,6.52,14.55,5,6,7,8,11.28,1.43,2.52
ORGANIZATION,87.46,69.05,118.85,117.85,1,2,3,4,98.3,10.13,167.02
RESIDENT,16.57,25.2,16.46,19.32,8,9,10,11,19.39,0.92,8.25
RESIDENT,21.08,17.09,16.42,14.48,6,7,8,9,17.27,-2.2,18.18
RESIDENT,17.38,23.72,20.03,30.7,3,4,5,6,22.96,4.44,17.88
RESIDENT,31.81,37.1,35.82,27.74,6,7,8,9,33.12,-1.36,30.31
FACTORY,1368.76,1265.32,1501.17,1411.19,12,1,2,3,1386.61,14.14,1364.43
RESIDENT,31.58,33.12,39.46,31.74,3,4,5,6,33.98,0.05,31.92
ORGANIZATION,143.74,187.51,178.73,201.9,1,2,3,4,177.97,19.39,214.91
RESIDENT,18.38,25.18,25.71,30.34,1,2,3,4,24.9,3.99,30.4
GOVERNMENT,75.96,27.44,68.18,74.64,10,11,12,1,61.55,-0.44,100.83
PUBLIC_SERVICE,117.69,135.39,123.87,151.07,1,2,3,4,132.0,11.13,146.91
RESIDENT,40.79,38.28,34.07,33.66,6,7,8,9,36.7,-2.38,30.17
GOVERNMENT,246.41,266.78,203.4,204.53,5,6,7,8,230.28,-13.96,200.0
RESIDENT,15.27,29.05,15.17,12.97,6,7,8,9,18.12,-0.77,17.38
RESIDENT,32.68,23.57,18.55,25.32,6,7,8,9,25.03,-2.45,19.93
RESIDENT,21.6,16.75,21.06,15.18,5,6,7,8,18.65,-2.14,8.67
RESIDENT,19.72,22.84,29.1,31.75,2,3,4,5,25.85,4.01,31.49
RESIDENT,20.38,16.14,20.2,10.3,6,7,8,9,16.75,-3.36,14.12
RESIDENT,26.57,35.28,38.01,38.5,1,2,3,4,34.59,3.98,34.65
GOVERNMENT,264.17,287.86,300.37,281.66,7,8,9,10,283.51,5.83,422.61
RESIDENT,15.14,14.03,15.82,6.9,5,6,7,8,12.97,-2.75,1.28
RESIDENT,17.28,20.08,17.29,14.33,8,9,10,11,17.25,-0.98,18.48
PUBLIC_SERVICE,63.0,66.31,62.43,67.64,8,9,10,11,64.84,1.55,50.18
ORGANIZATION,84.94,78.97,100.59,123.64,11,12,1,2,97.03,12.9,125.88
GOVERNMENT,206.75,163.86,214.25,174.88,5,6,7,8,189.94,-10.62,98.38
RESIDENT,13.54,16.62,12.04,8.09,7,8,9,10,12.57,-1.82,7.77
PUBLIC_SERVICE,153.7,168.09,135.94,126.11,6,7,8,9,145.96,-9.2,140.49
RESIDENT,13.67,18.45,17.76,21.92,4,5,6,7,17.95,2.75,17.15
RESIDENT,29.53,31.54,27.81,33.23,12,1,2,3,30.53,1.23,37.79
RESIDENT,16.7,18.18,11.18,15.14,5,6,7,8,15.3,-0.52,14.61
FACTORY,1762.26,1632.16,1790.41,1506.57,8,9,10,11,1672.85,-85.23,1620.24
RESIDENT,21.62,17.13,18.92,9.18,5,6,7,8,16.71,-4.15,6.73
RESIDENT,27.92,21.48,20.7,27.87,8,9,10,11,24.49,-0.02,23.54
RESIDENT,31.26,26.16,19.21,20.6,1,2,3,4,24.31,-3.55,35.75
RESIDENT,31.67,26.33,26.42,31.36,10,11,12,1,28.95,-0.1,31.09
RESIDENT,4.98,9.64,7.89,4.61,9,10,11,12,6.78,-0.12,9.63
RESIDENT,4.44,9.37,8.57,10.86,11,12,1,2,8.31,2.14,10.31
RESIDENT,50.35,36.18,35.59,35.43,3,4,5,6,39.39,-4.97,35.88
RESIDENT,22.77,18.35,15.5,10.14,6,7,8,9,16.69,-4.21,11.29
RESIDENT,12.83,22.14,17.77,20.45,4,5,6,7,18.3,2.54,17.34
RESIDENT,33.67,35.92,34.99,28.73,7,8,9,10,33.33,-1.65,26.73
FACTORY,1483.22,1243.13,1349.05,1204.45,7,8,9,10,1319.96,-92.92,1047.89
RESIDENT,16.5,19.6,22.17,23.77,11,12,1,2,20.51,2.42,23.81
GOVERNMENT,243.56,237.32,310.3,297.01,12,1,2,3,272.05,17.82,330.07
PUBLIC_SERVICE,132.79,128.82,150.18,147.81,12,1,2,3,139.9,5.01,144.8
RESIDENT,23.06,18.56,20.83,24.7,10,11,12,1,21.79,0.55,25.18
PUBLIC_SERVICE,68.4,61.53,51.93,20.81,7,8,9,10,50.67,-15.86,30.12
ORGANIZATION,110.39,78.12,118.1,96.78,11,12,1,2,100.85,-4.54,144.06
RESIDENT,31.28,29.49,32.74,29.96,11,12,1,2,30.87,-0.44,32.8
RESIDENT,12.51,14.17,2.56,2.48,7,8,9,10,7.93,-3.34,3.42
PUBLIC_SERVICE,101.95,125.23,142.48,118.99,4,5,6,7,122.16,5.68,115.82
RESIDENT,15.79,23.23,21.96,27.33,1,2,3,4,22.08,3.85,19.01
RESIDENT,28.38,22.42,31.22,29.64,12,1,2,3,27.91,0.42,38.23
GOVERNMENT,393.08,339.2,578.23,397.36,10,11,12,1,426.97,1.43,456.91
RESIDENT,6.31,10.77,13.86,15.33,12,1,2,3,11.57,3.01,21.94
RESIDENT,22.73,26.36,30.05,26.57,3,4,5,6,26.43,1.28,23.95
ORGANIZATION,145.78,191.81,176.97,152.95,2,3,4,5,166.88,2.39,129.39
FACTORY,1200.64,984.49,1021.69,953.59,7,8,9,10,1040.1,-82.35,1051.18
ORGANIZATION,89.76,146.38,102.92,112.86,9,10,11,12,112.98,7.7,103.81
PUBLIC_SERVICE,81.12,86.44,74.11,96.62,12,1,2,3,84.57,5.17,125.18
RESIDENT,16.68,18.84,21.71,27.88,12,1,2,3,21.28,3.73,27.69
RESIDENT,25.81,19.79,14.87,11.87,6,7,8,9,18.08,-4.65,12.17
RESIDENT,18.73,12.26,14.04,22.69,10,11,12,1,16.93,1.32,17.11
GOVERNMENT,357.96,445.43,342.92,448.46,9,10,11,12,398.69,30.17,460.63
RESIDENT,12.04,16.06,17.26,14.9,6,7,8,9,15.06,0.95,8.36
FACTORY,761.39,887.41,1020.15,904.2,10,11,12,1,893.29,47.6,1057.23
RESIDENT,5.71,7.02,6.37,6.14,11,12,1,2,6.31,0.14,17.26
RESIDENT,37.94,42.65,35.16,45.55,4,5,6,7,40.33,2.54,36.2
RESIDENT,20.66,16.09,14.21,15.16,10,11,12,1,16.53,-1.83,22.03
RESIDENT,37.15,36.25,37.98,31.93,6,7,8,9,35.83,-1.74,33.34
ORGANIZATION,89.88,115.21,123.13,129.63,1,2,3,4,114.46,13.25,121.95
RESIDENT,30.54,32.88,23.5,30.29,10,11,12,1,29.3,-0.08,31.31
ORGANIZATION,93.45,79.02,49.79,39.26,6,7,8,9,65.38,-18.06,72.72
RESIDENT,23.57,18.74,27.54,17.95,9,10,11,12,21.95,-1.87,19.35
RESIDENT,10.22,6.18,1.3,4.89,7,8,9,10,5.65,-1.78,1.13
RESIDENT,17.64,16.53,20.94,14.61,2,3,4,5,17.43,-1.01,21.24
RESIDENT,7.15,6.51,1.5,0.5,7,8,9,10,3.92,-2.22,0.5
RESIDENT,12.55,10.68,11.52,16.8,10,11,12,1,12.89,1.42,18.55
RESIDENT,13.18,17.31,13.2,24.76,11,12,1,2,17.11,3.86,21.0
RESIDENT,11.46,11.17,7.4,7.6,8,9,10,11,9.41,-1.29,13.74
RESIDENT,21.92,24.21,24.17,18.05,4,5,6,7,22.09,-1.29,14.67
RESIDENT,5.59,10.8,6.3,8.85,11,12,1,2,7.88,1.09,12.22
FACTORY,2748.66,1840.98,1783.56,1720.21,7,8,9,10,2023.35,-342.82,1575.82
RESIDENT,15.43,16.04,10.91,14.9,8,9,10,11,14.32,-0.18,19.93
RESIDENT,38.04,33.71,32.56,31.45,5,6,7,8,33.94,-2.2,29.35
RESIDENT,8.99,13.16,12.16,9.05,5,6,7,8,10.84,0.02,6.73
PUBLIC_SERVICE,87.13,98.32,117.88,120.76,2,3,4,5,106.02,11.21,108.13
RESIDENT,39.86,39.66,35.61,31.33,6,7,8,9,36.61,-2.84,33.01
FACTORY,1693.94,1638.85,1758.05,1483.61,3,4,5,6,1643.61,-70.11,1593.49
RESIDENT,26.24,22.89,17.35,15.95,8,9,10,11,20.61,-3.43,20.2
RESIDENT,40.99,47.07,36.11,31.23,6,7,8,9,38.85,-3.25,29.63
RESIDENT,25.1,21.85,22.35,17.81,9,10,11,12,21.78,-2.43,35.45
RESIDENT,6.27,7.98,13.69,7.0,12,1,2,3,8.73,0.24,17.35
FACTORY,1405.97,1454.31,1601.71,1592.28,11,12,1,2,1513.57,62.1,1734.04
RESIDENT,17.31,23.09,26.43,23.5,11,12,1,2,22.58,2.06,24.03
FACTORY,867.53,849.62,1049.68,989.6,12,1,2,3,939.11,40.69,1131.58
FACTORY,991.6,800.93,798.01,940.52,2,3,4,5,882.76,-17.03,832.41
RESIDENT,4.09,8.32,8.19,15.0,1,2,3,4,8.9,3.64,14.88
PUBLIC_SERVICE,121.23,133.25,111.24,137.2,10,11,12,1,125.73,5.32,151.18
RESIDENT,25.02,25.03,21.8,22.65,8,9,10,11,23.62,-0.79,18.72
RESIDENT,20.44,27.34,27.27,35.52,2,3,4,5,27.64,5.03,27.1
ORGANIZATION,123.09,101.37,100.76,93.76,12,1,2,3,104.75,-9.78,111.9
RESIDENT,25.47,25.39,30.4,32.47,11,12,1,2,28.43,2.33,31.86
PUBLIC_SERVICE,124.82,134.66,115.1,124.15,5,6,7,8,124.68,-0.22,111.3
RESIDENT,4.58,9.61,5.19,2.28,7,8,9,10,5.42,-0.77,1.17
PUBLIC_SERVICE,165.93,221.74,187.59,165.76,4,5,6,7,185.25,-0.06,180.11
PUBLIC_SERVICE,127.01,101.52,104.88,83.56,6,7,8,9,104.24,-14.48,104.56
GOVERNMENT,416.17,658.92,438.66,417.56,9,10,11,12,482.83,0.46,435.96
FACTORY,968.17,710.88,846.05,955.43,3,4,5,6,870.13,-4.25,831.03
RESIDENT,10.35,14.57,16.94,14.78,3,4,5,6,14.16,1.48,18.24
RESIDENT,21.06,15.18,8.67,3.5,7,8,9,10,12.1,-5.85,9.13
FACTORY,1836.34,1756.82,1857.41,2012.21,10,11,12,1,1865.69,58.62,2160.27
ORGANIZATION,91.44,132.83,130.09,117.39,2,3,4,5,117.94,8.65,149.49
RESIDENT,35.88,35.8,39.83,57.87,3,4,5,6,42.34,7.33,38.27
GOVERNMENT,253.61,248.79,239.97,252.69,11,12,1,2,248.76,-0.31,270.46
RESIDENT,33.48,26.04,22.3,21.44,6,7,8,9,25.81,-4.01,23.32
ORGANIZATION,161.71,171.57,167.43,171.39,1,2,3,4,168.02,3.23,209.79
ORGANIZATION,106.79,129.09,118.62,138.44,2,3,4,5,123.23,10.55,121.91
RESIDENT,7.55,10.02,4.81,2.6,8,9,10,11,6.25,-1.65,8.91
RESIDENT,16.82,14.9,18.45,14.39,3,4,5,6,16.14,-0.81,13.66
RESIDENT,13.3,11.34,11.7,16.39,12,1,2,3,13.18,1.03,16.63
PUBLIC_SERVICE,125.11,142.96,140.73,141.32,2,3,4,5,137.53,5.4,137.26
RESIDENT,24.79,28.9,29.04,29.21,4,5,6,7,27.98,1.47,27.3
RESIDENT,0.5,1.05,1.66,12.32,11,12,1,2,3.88,3.94,9.89
FACTORY,1294.19,1322.06,1302.55,1212.31,9,10,11,12,1282.78,-27.29,1396.3
RESIDENT,9.61,5.19,2.28,1.17,8,9,10,11,4.56,-2.81,0.5
FACTORY,1564.87,1786.6,1760.97,1574.03,2,3,4,5,1671.62,3.05,1773.61
FACTORY,1536.67,1601.26,1486.18,1630.86,10,11,12,1,1563.74,31.4,1362.8
RESIDENT,30.34,30.54,24.46,19.48,5,6,7,8,26.21,-3.62,20.9
RESIDENT,6.81,14.76,18.69,25.47,12,1,2,3,16.43,6.22,16.48
RESIDENT,21.33,23.05,22.5,23.49,10,11,12,1,22.59,0.72,19.85
GOVERNMENT,420.0,545.15,589.33,582.04,4,5,6,7,534.13,54.01,529.79
PUBLIC_SERVICE,100.32,93.95,110.09,113.33,12,1,2,3,104.42,4.34,118.01
RESIDENT,11.73,11.72,17.09,19.33,1,2,3,4,14.97,2.53,20.37
PUBLIC_SERVICE,38.19,77.92,48.63,70.88,10,11,12,1,58.91,10.9,66.6
RESIDENT,12.0,14.95,13.51,18.7,12,1,2,3,14.79,2.23,20.22
RESIDENT,21.93,19.26,18.72,23.26,2,3,4,5,20.79,0.44,30.08
RESIDENT,20.72,18.21,15.84,18.14,7,8,9,10,18.23,-0.86,14.84
RESIDENT,9.28,6.17,13.06,11.8,10,11,12,1,10.08,0.84,10.63
FACTORY,1271.87,1510.07,1309.29,1408.98,4,5,6,7,1375.05,45.7,1361.4
PUBLIC_SERVICE,111.2,130.69,150.16,118.25,1,2,3,4,127.57,2.35,150.64
RESIDENT,17.52,15.17,17.15,12.88,11,12,1,2,15.68,-1.55,33.34
RESIDENT,31.46,38.83,40.75,45.1,3,4,5,6,39.03,4.55,44.03
GOVERNMENT,120.38,87.42,122.31,87.63,8,9,10,11,104.44,-10.92,13.21
RESIDENT,19.33,22.89,29.29,24.92,3,4,5,6,24.11,1.86,23.35
RESIDENT,12.85,5.11,14.42,6.01,8,9,10,11,9.6,-2.28,7.95
RESIDENT,17.13,18.92,9.18,6.73,6,7,8,9,12.99,-3.47,4.05
FACTORY,1851.79,1695.51,1856.42,1730.67,3,4,5,6,1783.6,-40.37,1586.52
RESIDENT,17.74,12.61,9.95,9.36,6,7,8,9,12.41,-2.79,10.88
RESIDENT,29.87,24.99,28.13,21.96,6,7,8,9,26.24,-2.64,18.63
RESIDENT,8.02,6.45,8.77,11.55,1,2,3,4,8.7,1.18,11.62
RESIDENT,38.35,40.16,30.75,33.57,6,7,8,9,35.71,-1.59,28.65
RESIDENT,17.05,9.78,12.18,10.71,7,8,9,10,12.43,-2.11,8.57
RESIDENT,28.97,28.27,25.05,28.93,2,3,4,5,27.8,-0.01,31.34
PUBLIC_SERVICE,38.42,32.9,53.26,60.64,1,2,3,4,46.3,7.41,62.84
PUBLIC_SERVICE,129.7,127.6,139.06,127.8,5,6,7,8,131.04,-0.63,118.48
GOVERNMENT,446.27,441.59,514.09,470.59,10,11,12,1,468.13,8.11,530.56
FACTORY,898.59,968.17,710.88,846.05,2,3,4,5,855.92,-17.51,955.43
FACTORY,1887.39,2071.89,2089.47,1927.84,4,5,6,7,1994.15,13.48,1714.66
PUBLIC_SERVICE,77.17,94.63,72.72,93.58,4,5,6,7,84.53,5.47,85.69
GOVERNMENT,428.42,396.68,332.67,360.13,8,9,10,11,379.48,-22.76,375.33
RESIDENT,0.5,4.07,4.73,7.2,11,12,1,2,4.12,2.23,11.14
RESIDENT,5.19,3.78,13.31,15.0,1,2,3,4,9.32,3.27,14.19
RESIDENT,36.96,37.86,43.69,37.02,3,4,5,6,38.88,0.02,37.32
RESIDENT,4.85,1.58,0.5,0.5,9,10,11,12,1.86,-1.45,0.5
FACTORY,1238.29,1271.9,1453.89,1315.07,3,4,5,6,1319.79,25.59,1506.72
RESIDENT,5.47,7.19,5.76,9.34,12,1,2,3,6.94,1.29,15.3
ORGANIZATION,171.3,154.26,162.61,173.12,10,11,12,1,165.32,0.61,189.57
RESIDENT,9.14,10.45,17.82,15.16,1,2,3,4,13.14,2.01,19.62
RESIDENT,3.72,0.5,0.5,4.76,11,12,1,2,2.37,0.35,13.27
RESIDENT,23.42,19.32,22.26,14.12,8,9,10,11,19.78,-3.1,20.49
ORGANIZATION,132.41,112.46,122.62,83.52,6,7,8,9,112.75,-16.3,117.07
RESIDENT,18.79,24.88,25.59,28.7,3,4,5,6,24.49,3.3,19.93
RESIDENT,18.85,24.49,20.66,26.99,12,1,2,3,22.75,2.71,29.53
RESIDENT,11.39,15.54,19.07,7.28,5,6,7,8,13.32,-1.37,9.39
ORGANIZATION,70.04,68.47,71.87,81.73,10,11,12,1,73.03,3.9,79.11
RESIDENT,27.87,25.67,19.3,25.61,9,10,11,12,24.61,-0.75,21.16
FACTORY,1544.55,1536.06,1673.82,1486.83,2,3,4,5,1560.31,-19.24,2350.07
PUBLIC_SERVICE,162.15,155.55,163.63,152.44,5,6,7,8,158.44,-3.24,133.02
ORGANIZATION,117.69,129.58,133.67,123.33,10,11,12,1,126.07,1.88,155.35
ORGANIZATION,84.89,94.2,96.27,85.87,7,8,9,10,90.31,0.33,39.71
FACTORY,548.48,991.6,800.93,798.01,1,2,3,4,784.75,83.18,940.52
RESIDENT,3.99,14.26,9.3,11.28,10,11,12,1,9.71,2.43,14.6
RESIDENT,24.31,31.66,20.72,21.32,7,8,9,10,24.5,-1.0,24.23
FACTORY,2013.92,1930.69,1865.26,2154.04,1,2,3,4,1990.98,46.71,2108.21
RESIDENT,19.36,15.4,17.62,17.23,10,11,12,1,17.4,-0.71,20.33
RESIDENT,40.73,40.41,48.89,33.76,5,6,7,8,40.95,-2.32,30.9
FACTORY,1595.63,1698.5,1400.23,1638.76,6,7,8,9,1583.28,14.38,1557.35
GOVERNMENT,434.18,386.56,386.74,361.55,8,9,10,11,392.26,-24.21,442.86
RESIDENT,10.35,14.14,17.71,28.09,2,3,4,5,17.57,5.91,18.19
GOVERNMENT,386.71,370.01,362.4,356.04,8,9,10,11,368.79,-10.22,331.51
RESIDENT,17.18,10.42,14.17,12.38,6,7,8,9,13.54,-1.6,4.29
RESIDENT,27.62,27.72,26.03,26.37,6,7,8,9,26.94,-0.42,21.99
GOVERNMENT,257.41,344.93,319.03,453.66,1,2,3,4,343.76,65.42,344.82
FACTORY,1553.05,1891.59,1776.8,1791.94,12,1,2,3,1753.34,79.63,2993.2
PUBLIC_SERVICE,119.55,141.1,134.05,119.37,5,6,7,8,128.52,-0.06,118.9
RESIDENT,17.25,16.13,16.21,24.67,11,12,1,2,18.56,2.47,39.76
FACTORY,1323.66,1200.46,1108.41,930.61,7,8,9,10,1140.78,-131.02,1113.25
RESIDENT,17.09,19.33,20.37,23.45,3,4,5,6,20.06,2.12,19.1
ORGANIZATION,200.12,192.3,196.53,251.25,12,1,2,3,210.05,17.04,227.18
RESIDENT,14.33,13.16,10.11,7.0,5,6,7,8,11.15,-2.44,3.72
RESIDENT,37.13,36.75,40.27,29.78,6,7,8,9,35.98,-2.45,28.27
RESIDENT,27.23,32.29,24.89,50.91,9,10,11,12,33.83,7.89,49.23
RESIDENT,24.61,22.11,32.31,28.95,11,12,1,2,27.0,1.45,30.77
RESIDENT,20.47,21.94,15.81,16.06,4,5,6,7,18.57,-1.47,17.28
RESIDENT,30.75,33.57,28.65,30.99,8,9,10,11,30.99,0.08,34.79
RESIDENT,18.29,15.6,18.42,21.75,4,5,6,7,18.52,1.15,16.02
RESIDENT,29.29,24.92,23.35,21.93,5,6,7,8,24.87,-2.45,33.48
RESIDENT,12.79,8.1,14.56,7.48,3,4,5,6,10.73,-1.77,14.8
RESIDENT,23.13,20.83,29.03,27.53,10,11,12,1,25.13,1.47,35.7
RESIDENT,7.41,9.88,6.73,12.44,1,2,3,4,9.12,1.68,14.47
RESIDENT,22.29,14.51,18.67,16.5,8,9,10,11,17.99,-1.93,13.46
GOVERNMENT,304.12,395.67,302.01,298.9,4,5,6,7,325.17,-1.74,334.19
RESIDENT,24.4,24.13,21.27,25.82,7,8,9,10,23.91,0.47,20.88
ORGANIZATION,210.7,214.9,171.67,182.61,6,7,8,9,194.97,-9.36,170.7
GOVERNMENT,265.49,342.24,238.68,216.42,6,7,8,9,265.71,-16.36,230.41
RESIDENT,14.98,8.73,14.71,14.89,11,12,1,2,13.33,-0.03,18.47
PUBLIC_SERVICE,63.57,61.21,44.77,49.24,5,6,7,8,54.7,-4.78,44.12
RESIDENT,20.66,20.96,29.85,22.05,11,12,1,2,23.38,0.46,24.07
PUBLIC_SERVICE,92.34,111.16,99.99,92.5,2,3,4,5,99.0,0.05,91.66
FACTORY,2015.28,1962.34,1895.05,1931.7,9,10,11,12,1951.09,-27.86,1812.09
RESIDENT,9.09,15.12,7.09,15.37,10,11,12,1,11.67,2.09,15.51
ORGANIZATION,122.11,137.96,138.43,131.21,4,5,6,7,132.43,3.03,131.82
RESIDENT,16.19,15.74,20.45,24.92,1,2,3,4,19.32,2.91,21.32
RESIDENT,18.47,21.93,13.87,19.86,10,11,12,1,18.53,0.46,20.99
RESIDENT,39.56,41.52,37.61,29.79,4,5,6,7,37.12,-3.26,27.53
FACTORY,739.94,771.58,959.54,663.23,2,3,4,5,783.57,-25.57,878.05
RESIDENT,29.49,26.63,25.44,25.36,6,7,8,9,26.73,-1.38,19.39
ORGANIZATION,27.73,67.18,59.6,75.67,11,12,1,2,57.55,15.98,117.42
PUBLIC_SERVICE,56.45,68.73,75.5,89.82,9,10,11,12,72.62,11.12,113.9
ORGANIZATION,103.11,126.56,84.62,45.7,7,8,9,10,90.0,-19.14,84.17
RESIDENT,29.86,24.07,30.75,29.14,4,5,6,7,28.46,-0.24,29.33
ORGANIZATION,28.13,42.12,14.45,48.5,8,9,10,11,33.3,6.79,44.96
RESIDENT,10.84,11.18,20.09,16.76,1,2,3,4,14.72,1.97,14.42
RESIDENT,20.65,16.23,16.86,16.42,4,5,6,7,17.54,-1.41,14.09
ORGANIZATION,184.45,169.85,212.66,200.29,12,1,2,3,191.81,5.28,204.75
GOVERNMENT,321.89,315.12,265.93,181.15,7,8,9,10,271.02,-46.91,220.51
RESIDENT,36.45,28.47,45.65,28.44,8,9,10,11,34.75,-2.67,35.85
PUBLIC_SERVICE,46.34,45.75,58.81,33.39,4,5,6,7,46.07,-4.32,9.08
RESIDENT,18.7,20.22,25.68,23.39,3,4,5,6,22.0,1.56,19.32
ORGANIZATION,133.97,108.49,127.85,139.28,3,4,5,6,127.4,1.77,143.5
PUBLIC_SERVICE,68.83,66.71,57.41,82.28,10,11,12,1,68.81,4.48,76.14
RESIDENT,20.49,9.31,12.63,13.99,11,12,1,2,14.11,-2.17,15.24
RESIDENT,15.52,21.18,16.98,23.65,12,1,2,3,19.33,2.71,20.34
GOVERNMENT,261.31,265.49,342.24,238.68,5,6,7,8,276.93,-7.54,216.42
RESIDENT,35.09,33.79,30.68,31.74,5,6,7,8,32.83,-1.12,34.1
RESIDENT,10.66,10.87,1.8,3.43,7,8,9,10,6.69,-2.41,5.54
RESIDENT,27.31,18.46,25.62,21.23,9,10,11,12,23.16,-2.03,27.56
RESIDENT,10.42,1.82,0.5,4.96,8,9,10,11,4.42,-1.82,5.27
ORGANIZATION,166.86,138.59,153.07,129.14,2,3,4,5,146.92,-12.57,130.94
RESIDENT,26.07,31.18,35.16,35.9,2,3,4,5,32.08,3.28,36.49
RESIDENT,19.92,38.32,27.84,39.48,1,2,3,4,31.39,6.52,40.76
RESIDENT,19.27,21.65,36.21,25.95,2,3,4,5,25.77,2.23,29.66
RESIDENT,13.57,16.98,15.35,5.22,6,7,8,9,12.78,-2.78,7.56
RESIDENT,11.03,10.32,17.64,16.53,12,1,2,3,13.88,1.83,20.94
PUBLIC_SERVICE,73.26,63.27,66.94,79.06,8,9,10,11,70.63,1.93,72.96
RESIDENT,10.63,6.69,5.43,2.93,6,7,8,9,6.42,-2.57,4.07
RESIDENT,6.35,2.54,0.5,2.7,11,12,1,2,3.02,-1.22,3.57
RESIDENT,29.02,31.91,28.23,30.75,4,5,6,7,29.98,0.58,21.14
RESIDENT,4.48,10.06,10.02,6.57,2,3,4,5,7.78,0.7,11.83
RESIDENT,15.17,12.97,17.38,15.49,8,9,10,11,15.25,0.11,11.35
RESIDENT,22.54,20.4,23.58,24.14,2,3,4,5,22.66,0.53,23.38
PUBLIC_SERVICE,59.54,64.43,64.01,60.11,12,1,2,3,62.02,0.19,59.66
RESIDENT,36.01,43.33,34.56,39.4,4,5,6,7,38.33,1.13,30.44
RESIDENT,21.82,24.65,22.5,22.53,4,5,6,7,22.88,0.24,21.94
ORGANIZATION,136.27,166.66,154.39,194.49,10,11,12,1,162.95,19.41,196.95
ORGANIZATION,223.05,224.86,205.23,230.36,4,5,6,7,220.88,2.44,207.69
RESIDENT,4.79,10.9,11.4,16.27,12,1,2,3,10.84,3.83,20.55
GOVERNMENT,523.98,523.47,551.35,535.85,6,7,8,9,533.66,3.96,502.93
RESIDENT,30.13,28.77,31.91,28.26,9,10,11,12,29.77,-0.62,30.3
GOVERNMENT,220.01,262.71,258.96,243.52,1,2,3,4,246.3,7.84,305.92
RESIDENT,13.61,19.71,12.32,15.6,10,11,12,1,15.31,0.66,21.17
RESIDENT,18.92,20.95,19.37,18.83,4,5,6,7,19.52,-0.03,16.01
GOVERNMENT,313.13,293.66,289.55,455.76,9,10,11,12,338.02,47.54,277.42
RESIDENT,20.54,15.51,16.29,15.55,6,7,8,9,16.97,-1.66,7.96
RESIDENT,13.42,14.96,19.29,22.06,11,12,1,2,17.43,2.88,31.29
GOVERNMENT,161.97,96.33,150.36,171.8,3,4,5,6,145.12,3.28,121.56
RESIDENT,34.02,33.31,29.39,29.61,4,5,6,7,31.58,-1.47,25.78
RESIDENT,30.48,33.53,34.72,35.48,12,1,2,3,33.55,1.67,43.98
RESIDENT,8.6,7.83,12.46,13.65,12,1,2,3,10.63,1.68,15.99
GOVERNMENT,124.52,86.45,175.35,136.25,12,1,2,3,130.64,3.91,138.35
FACTORY,1565.33,1736.54,1565.16,1413.73,10,11,12,1,1570.19,-50.53,1502.94
RESIDENT,4.29,13.14,11.44,20.15,2,3,4,5,12.25,5.29,14.31
RESIDENT,14.38,11.55,18.51,12.66,3,4,5,6,14.27,-0.57,17.04
GOVERNMENT,285.14,221.36,278.63,275.52,8,9,10,11,265.16,-3.21,242.56
RESIDENT,13.84,14.37,11.76,16.4,5,6,7,8,14.09,0.85,19.81
ORGANIZATION,76.39,68.15,89.32,86.46,3,4,5,6,80.08,3.36,76.14
RESIDENT,10.12,5.2,1.03,3.61,8,9,10,11,4.99,-2.17,0.61
ORGANIZATION,195.63,188.99,204.46,210.26,12,1,2,3,199.84,4.88,230.18
RESIDENT,16.89,13.84,12.24,13.0,9,10,11,12,13.99,-1.3,11.5
RESIDENT,31.13,30.46,30.35,35.92,11,12,1,2,31.96,1.6,38.75
RESIDENT,13.18,7.39,9.72,11.42,10,11,12,1,10.43,-0.59,15.15
RESIDENT,21.81,17.32,9.86,9.75,6,7,8,9,14.68,-4.02,14.14
RESIDENT,16.23,13.23,15.12,12.55,7,8,9,10,14.28,-1.23,16.4
RESIDENT,13.29,15.37,20.89,22.9,1,2,3,4,18.11,3.2,23.68
RESIDENT,13.83,14.27,17.04,19.21,12,1,2,3,16.09,1.79,22.41
RESIDENT,14.41,15.65,21.14,21.76,1,2,3,4,18.24,2.45,24.34
ORGANIZATION,80.59,93.52,134.64,101.73,1,2,3,4,102.62,7.05,139.15
RESIDENT,28.51,27.47,34.78,26.29,4,5,6,7,29.26,-0.74,22.18
FACTORY,1586.13,1431.26,1415.16,1423.65,8,9,10,11,1464.05,-54.16,1386.25
RESIDENT,25.11,27.18,23.12,30.63,8,9,10,11,26.51,1.84,37.32
ORGANIZATION,122.55,120.45,182.04,94.31,9,10,11,12,129.84,-9.41,109.89
PUBLIC_SERVICE,87.83,109.69,86.35,102.68,10,11,12,1,96.64,4.95,102.33
RESIDENT,16.25,9.33,4.56,4.74,7,8,9,10,8.72,-3.84,4.08
PUBLIC_SERVICE,45.75,58.81,33.39,9.08,5,6,7,8,36.76,-12.22,25.24
RESIDENT,31.98,26.36,25.04,32.28,4,5,6,7,28.91,0.1,22.62
ORGANIZATION,94.92,114.2,91.97,121.21,2,3,4,5,105.58,8.76,144.62
ORGANIZATION,262.76,246.51,183.49,176.28,12,1,2,3,217.26,-28.83,240.48
RESIDENT,29.09,29.4,30.13,30.84,2,3,4,5,29.86,0.58,33.98
GOVERNMENT,528.63,555.1,542.07,534.77,2,3,4,5,540.14,2.05,557.36
RESIDENT,3.3,3.59,6.97,4.04,10,11,12,1,4.47,0.25,8.37
FACTORY,1715.6,1586.13,1431.26,1415.16,7,8,9,10,1537.04,-100.15,1423.65
RESIDENT,12.25,13.89,10.5,21.02,2,3,4,5,14.41,2.92,11.44
GOVERNMENT,425.71,416.59,452.94,454.44,12,1,2,3,437.42,9.58,487.75
FACTORY,339.93,336.65,495.48,588.16,11,12,1,2,440.05,82.74,472.81
ORGANIZATION,79.15,123.09,101.37,100.76,11,12,1,2,101.09,7.2,93.76
RESIDENT,27.15,29.29,24.13,27.9,4,5,6,7,27.12,0.25,27.41
ORGANIZATION,150.57,172.57,141.9,117.36,5,6,7,8,145.6,-11.07,107.99
PUBLIC_SERVICE,68.17,62.96,48.82,45.59,6,7,8,9,56.38,-7.53,52.52
FACTORY,580.57,626.01,478.97,690.84,9,10,11,12,594.1,36.76,540.34
FACTORY,884.87,914.22,837.45,863.48,10,11,12,1,875.0,-7.13,1282.39
FACTORY,811.81,761.39,887.41,1020.15,9,10,11,12,870.19,69.45,904.2
RESIDENT,29.91,22.1,32.05,27.73,8,9,10,11,27.95,-0.73,26.44
PUBLIC_SERVICE,114.33,117.67,111.2,130.69,11,12,1,2,118.47,5.45,150.16
ORGANIZATION,175.99,172.14,134.82,122.88,5,6,7,8,151.46,-17.7,138.63
RESIDENT,12.81,13.66,18.12,17.38,12,1,2,3,15.49,1.52,23.72
GOVERNMENT,467.32,398.7,545.65,418.24,3,4,5,6,457.48,-16.36,389.51
GOVERNMENT,415.4,371.79,464.15,377.41,9,10,11,12,407.19,-12.66,469.4
RESIDENT,40.24,43.63,44.35,41.07,3,4,5,6,42.32,0.28,45.54
RESIDENT,9.62,7.1,6.07,8.43,8,9,10,11,7.8,-0.4,1.99
ORGANIZATION,185.72,195.57,186.73,182.86,7,8,9,10,187.72,-0.95,179.37
GOVERNMENT,147.5,149.55,159.46,122.48,5,6,7,8,144.75,-8.34,137.42
FACTORY,2034.77,1614.3,1649.29,1565.33,7,8,9,10,1715.92,-156.48,1736.54
ORGANIZATION,171.87,171.25,141.21,169.23,2,3,4,5,163.39,-0.88,191.55
FACTORY,2730.85,1744.23,1655.79,1496.76,6,7,8,9,1906.91,-411.36,1339.91
RESIDENT,21.52,28.12,41.77,33.68,10,11,12,1,31.27,4.05,36.87
RESIDENT,41.1,37.12,37.84,33.64,6,7,8,9,37.42,-2.49,32.14
RESIDENT,23.74,25.88,37.87,35.99,1,2,3,4,30.87,4.08,28.69
RESIDENT,16.11,24.29,20.42,21.99,2,3,4,5,20.7,1.96,20.81
RESIDENT,22.84,13.21,8.13,9.87,6,7,8,9,13.51,-4.32,3.45
RESIDENT,20.5,13.54,16.7,18.18,3,4,5,6,17.23,-0.77,11.18
RESIDENT,17.8,14.81,11.96,9.46,9,10,11,12,13.51,-2.78,18.11
RESIDENT,24.39,20.46,17.93,16.67,7,8,9,10,19.86,-2.57,16.59
FACTORY,1756.82,1857.41,2012.21,2160.27,11,12,1,2,1946.68,134.48,2125.12
RESIDENT,17.33,14.24,15.4,12.18,5,6,7,8,14.79,-1.72,9.7
GOVERNMENT,231.44,197.48,184.16,210.38,8,9,10,11,205.86,-7.02,189.24
RESIDENT,15.52,16.11,13.21,14.4,10,11,12,1,14.81,-0.37,19.86
RESIDENT,33.66,41.4,37.38,40.84,3,4,5,6,38.32,2.39,35.22
RESIDENT,10.96,11.5,16.39,16.41,10,11,12,1,13.82,1.82,17.59
GOVERNMENT,310.7,362.83,350.24,380.71,9,10,11,12,351.12,23.34,403.0
GOVERNMENT,129.02,157.82,149.73,205.64,4,5,6,7,160.55,25.54,175.0
RESIDENT,4.54,1.86,1.9,1.21,8,9,10,11,2.38,-1.11,7.61
RESIDENT,39.38,31.75,34.73,34.28,6,7,8,9,35.03,-1.7,27.62
ORGANIZATION,96.08,102.12,93.08,83.44,4,5,6,7,93.68,-4.21,81.85
PUBLIC_SERVICE,126.36,117.54,109.29,92.19,8,9,10,11,111.34,-11.39,94.28
PUBLIC_SERVICE,111.62,120.0,137.06,133.93,1,2,3,4,125.65,7.44,147.18
RESIDENT,21.44,22.43,25.81,19.79,4,5,6,7,22.37,-0.55,14.87
RESIDENT,9.43,10.96,11.5,16.39,9,10,11,12,12.07,2.32,16.41
RESIDENT,21.26,17.88,9.04,8.42,5,6,7,8,14.15,-4.28,13.34
GOVERNMENT,196.53,146.87,214.72,237.08,11,12,1,2,198.8,13.52,251.88
RESIDENT,11.0,12.53,13.41,21.11,12,1,2,3,14.51,3.37,19.1
RESIDENT,12.97,17.38,15.49,11.35,9,10,11,12,14.3,-0.54,10.91
RESIDENT,24.81,22.61,17.32,19.22,5,6,7,8,20.99,-1.86,18.8
RESIDENT,11.96,4.58,9.61,5.19,6,7,8,9,7.83,-2.26,2.28
FACTORY,412.91,161.14,613.77,477.05,10,11,12,1,416.22,21.38,451.31
RESIDENT,53.45,29.03,28.7,32.52,10,11,12,1,35.93,-6.98,32.76
RESIDENT,49.92,36.41,37.38,35.16,2,3,4,5,39.72,-4.92,39.91
ORGANIZATION,120.29,116.38,105.0,98.43,8,9,10,11,110.03,-7.29,102.93
GOVERNMENT,380.71,403.0,369.98,383.17,12,1,2,3,384.22,0.82,411.36
RESIDENT,5.95,2.56,16.88,4.52,3,4,5,6,7.48,-0.48,6.56
RESIDENT,5.16,10.75,12.85,9.81,4,5,6,7,9.64,1.55,7.4
RESIDENT,14.11,28.0,17.61,21.3,2,3,4,5,20.25,2.4,20.05
RESIDENT,22.85,24.81,23.79,18.67,7,8,9,10,22.53,-1.39,19.26
RESIDENT,12.31,13.5,14.23,22.12,9,10,11,12,15.54,3.27,14.61
RESIDENT,32.66,35.95,28.48,26.78,4,5,6,7,30.97,-1.96,28.58
RESIDENT,29.17,30.46,40.24,43.63,1,2,3,4,35.88,4.82,44.35
RESIDENT,33.59,36.38,37.87,42.66,1,2,3,4,37.62,3.02,36.68
RESIDENT,19.71,12.32,15.6,21.17,11,12,1,2,17.2,0.49,21.32
ORGANIZATION,115.32,122.58,116.08,82.54,10,11,12,1,109.13,-10.93,114.9
RESIDENT,29.18,30.79,31.19,28.75,5,6,7,8,29.98,-0.14,26.41
RESIDENT,3.2,5.56,0.5,7.97,9,10,11,12,4.31,1.59,5.93
RESIDENT,41.0,25.66,16.7,18.69,6,7,8,9,25.51,-7.44,15.45
RESIDENT,30.77,30.88,43.27,41.59,2,3,4,5,36.63,3.61,40.04
RESIDENT,39.49,37.76,42.97,36.94,4,5,6,7,39.29,-0.85,38.49
RESIDENT,11.75,12.04,16.06,17.26,5,6,7,8,14.28,1.84,14.9
RESIDENT,29.77,33.44,22.45,32.65,4,5,6,7,29.58,0.96,34.33
RESIDENT,22.89,29.29,24.92,23.35,4,5,6,7,25.11,0.15,21.93
RESIDENT,28.09,30.89,25.37,23.45,8,9,10,11,26.95,-1.55,24.25
RESIDENT,20.52,19.03,20.6,20.28,7,8,9,10,20.11,-0.08,15.31
RESIDENT,14.48,18.36,27.98,24.08,12,1,2,3,21.23,3.2,28.62
PUBLIC_SERVICE,107.2,133.81,125.91,101.6,9,10,11,12,117.13,-1.87,141.04
RESIDENT,33.56,38.71,41.89,35.5,3,4,5,6,37.42,0.65,32.55
RESIDENT,24.31,25.04,29.97,32.41,11,12,1,2,27.93,2.7,40.01
ORGANIZATION,206.34,159.27,210.76,212.47,1,2,3,4,197.21,2.04,215.35
PUBLIC_SERVICE,88.18,81.59,49.69,46.83,6,7,8,9,66.57,-13.78,44.09
RESIDENT,32.05,27.37,21.98,20.08,8,9,10,11,25.37,-3.99,24.31
RESIDENT,29.29,18.18,19.27,17.25,5,6,7,8,21.0,-4.01,9.89
RESIDENT,24.72,38.51,21.37,32.61,7,8,9,10,29.3,2.63,17.12
GOVERNMENT,119.4,171.72,148.02,64.99,8,9,10,11,126.03,-18.14,117.89
RESIDENT,26.86,23.79,25.71,33.97,12,1,2,3,27.58,2.37,52.43
GOVERNMENT,194.0,272.85,219.81,183.7,5,6,7,8,217.59,-3.43,142.12
RESIDENT,18.63,14.71,25.4,18.99,3,4,5,6,19.43,0.12,15.8
FACTORY,686.02,826.09,691.25,904.5,11,12,1,2,776.97,72.83,781.59
RESIDENT,24.88,31.66,22.1,22.5,7,8,9,10,25.29,-0.79,18.3
RESIDENT,34.09,37.18,42.9,43.92,3,4,5,6,39.52,3.28,37.62
PUBLIC_SERVICE,139.81,119.77,134.35,135.89,8,9,10,11,132.45,-1.31,137.98
FACTORY,738.21,794.07,578.81,616.32,8,9,10,11,681.85,-40.63,456.93
GOVERNMENT,233.56,207.26,193.52,189.6,5,6,7,8,205.99,-14.65,159.37
PUBLIC_SERVICE,140.46,114.74,124.96,127.7,3,4,5,6,126.96,-4.25,151.06
RESIDENT,23.99,17.9,23.74,17.61,6,7,8,9,20.81,-2.13,14.58
RESIDENT,28.09,34.55,49.39,37.12,3,4,5,6,37.29,3.01,30.45
RESIDENT,2.1,0.5,2.91,2.41,8,9,10,11,1.98,0.1,0.5
RESIDENT,10.69,8.9,2.78,0.5,6,7,8,9,5.72,-3.4,2.84
RESIDENT,14.13,17.64,17.17,36.63,12,1,2,3,21.39,7.5,22.74
RESIDENT,31.36,36.4,30.57,24.99,5,6,7,8,30.83,-2.12,22.23
RESIDENT,26.98,28.54,22.83,35.09,7,8,9,10,28.36,2.7,14.62
RESIDENT,11.14,3.63,19.29,16.94,1,2,3,4,12.75,1.93,17.72
FACTORY,1831.4,1678.39,1598.86,1530.03,6,7,8,9,1659.67,-100.46,1718.79
RESIDENT,2.04,0.5,0.5,9.87,9,10,11,12,3.23,2.61,4.14
PUBLIC_SERVICE,116.81,116.11,92.33,124.82,5,6,7,8,112.52,2.67,97.57
RESIDENT,21.9,19.08,36.02,20.9,10,11,12,1,24.48,-0.33,25.82
ORGANIZATION,164.89,150.07,126.87,136.52,11,12,1,2,144.59,-9.46,178.52
RESIDENT,4.61,2.44,9.92,9.97,11,12,1,2,6.73,1.79,18.73
ORGANIZATION,148.59,119.31,100.88,55.15,9,10,11,12,105.98,-31.15,150.04
ORGANIZATION,91.59,93.45,79.02,49.79,5,6,7,8,78.46,-13.93,39.26
PUBLIC_SERVICE,43.98,34.5,43.45,31.81,6,7,8,9,38.43,-4.06,19.51
PUBLIC_SERVICE,82.04,116.21,121.84,113.61,12,1,2,3,108.43,10.52,123.65
RESIDENT,21.35,25.94,31.36,29.55,1,2,3,4,27.05,2.73,32.21
RESIDENT,20.5,30.36,28.27,30.95,1,2,3,4,27.52,3.48,30.22
RESIDENT,0.5,3.17,0.5,3.26,10,11,12,1,1.86,0.92,6.59
RESIDENT,32.04,27.56,29.78,20.84,5,6,7,8,27.55,-3.73,16.31
RESIDENT,30.0,23.75,24.03,28.78,8,9,10,11,26.64,-0.41,24.97
RESIDENT,26.22,25.15,19.9,24.17,8,9,10,11,23.86,-0.68,20.32
RESIDENT,27.4,32.07,23.61,23.22,5,6,7,8,26.57,-1.39,23.84
RESIDENT,20.52,14.71,25.29,20.88,10,11,12,1,20.35,0.12,29.72
PUBLIC_SERVICE,39.0,51.57,23.89,32.08,9,10,11,12,36.63,-2.31,44.69
RESIDENT,6.26,5.12,10.7,0.5,9,10,11,12,5.64,-1.92,3.86
RESIDENT,2.71,11.87,16.7,16.45,11,12,1,2,11.93,4.58,20.92
RESIDENT,32.4,31.49,37.51,33.62,3,4,5,6,33.76,0.41,33.53
GOVERNMENT,418.1,413.96,342.43,339.01,8,9,10,11,378.38,-26.36,352.72
GOVERNMENT,406.18,438.48,411.65,477.58,1,2,3,4,433.47,23.8,480.52
RESIDENT,18.47,18.02,15.45,18.86,9,10,11,12,17.7,0.13,12.14
RESIDENT,8.77,8.91,0.5,0.5,7,8,9,10,4.67,-2.76,0.53
ORGANIZATION,214.9,171.67,182.61,170.7,7,8,9,10,184.97,-14.73,213.42
ORGANIZATION,128.14,109.92,151.63,141.07,11,12,1,2,132.69,4.31,153.84
RESIDENT,23.0,22.39,21.76,24.57,9,10,11,12,22.93,0.52,26.09
RESIDENT,10.59,14.06,9.75,4.24,8,9,10,11,9.66,-2.12,9.29
RESIDENT,16.67,13.7,13.91,10.94,8,9,10,11,13.8,-1.91,11.75
RESIDENT,27.86,16.89,12.21,21.92,7,8,9,10,19.72,-1.98,16.96
RESIDENT,31.2,43.54,47.33,44.69,1,2,3,4,41.69,4.5,40.54
ORGANIZATION,62.86,93.63,27.73,67.18,9,10,11,12,62.85,1.44,59.6
RESIDENT,30.39,20.49,22.34,26.07,11,12,1,2,24.82,-1.44,31.18
GOVERNMENT,222.66,217.88,186.84,225.64,5,6,7,8,213.25,0.99,192.26
RESIDENT,12.26,14.04,22.69,17.11,11,12,1,2,16.52,1.62,22.28
RESIDENT,13.55,10.66,10.87,1.8,6,7,8,9,9.22,-3.92,3.43
RESIDENT,6.94,8.6,10.01,16.1,1,2,3,4,10.41,3.05,11.52
RESIDENT,18.82,29.09,29.4,30.13,1,2,3,4,26.86,3.77,30.84
RESIDENT,18.83,27.47,17.96,29.41,11,12,1,2,23.42,3.53,35.71
GOVERNMENT,360.32,274.16,319.96,368.69,2,3,4,5,330.78,2.79,384.68
RESIDENT,12.51,10.73,10.19,16.99,10,11,12,1,12.61,1.49,14.36
RESIDENT,42.13,36.33,38.56,34.96,3,4,5,6,38.0,-2.39,29.93
ORGANIZATION,159.75,119.05,190.8,124.07,8,9,10,11,148.42,-11.89,83.16
PUBLIC_SERVICE,95.01,88.0,120.28,117.76,2,3,4,5,105.26,7.58,102.35
RESIDENT,29.57,27.54,22.87,27.2,8,9,10,11,26.8,-0.79,22.98
PUBLIC_SERVICE,70.63,80.15,87.21,80.56,12,1,2,3,79.64,3.31,111.72
RESIDENT,29.6,28.16,30.06,30.25,4,5,6,7,29.52,0.22,23.9
FACTORY,2673.4,1856.96,1811.28,1711.56,3,4,5,6,2013.3,-320.61,1509.16
FACTORY,1176.87,1058.4,1240.96,1190.41,3,4,5,6,1166.66,4.51,973.41
RESIDENT,32.48,29.66,26.83,33.57,10,11,12,1,30.63,0.36,29.11
RESIDENT,31.14,33.51,19.23,18.74,7,8,9,10,25.66,-4.13,16.65
RESIDENT,18.06,21.72,10.74,19.03,6,7,8,9,17.39,0.32,15.28
RESIDENT,16.55,14.93,20.88,20.53,12,1,2,3,18.22,1.33,22.21
RESIDENT,33.53,30.25,28.56,26.29,7,8,9,10,29.66,-2.41,26.04
PUBLIC_SERVICE,51.45,81.05,125.17,110.37,11,12,1,2,92.01,19.64,125.45
ORGANIZATION,103.82,130.39,94.84,111.94,4,5,6,7,110.25,2.71,77.55
RESIDENT,7.68,6.72,9.85,15.36,12,1,2,3,9.9,2.56,16.35
RESIDENT,13.87,19.86,20.99,26.58,12,1,2,3,20.32,4.24,25.13
GOVERNMENT,448.05,432.1,442.62,412.06,4,5,6,7,433.71,-12.0,422.87
FACTORY,1811.28,1711.56,1509.16,1792.33,5,6,7,8,1706.08,-6.32,1607.02
RESIDENT,22.38,20.29,16.9,17.35,7,8,9,10,19.23,-1.68,16.13
RESIDENT,31.89,34.7,32.91,31.28,4,5,6,7,32.7,-0.2,38.4
RESIDENT,30.04,27.71,30.32,53.41,10,11,12,1,35.37,7.79,32.5
FACTORY,1646.67,1728.31,1887.71,1671.06,10,11,12,1,1733.44,8.13,1895.47
RESIDENT,36.64,32.39,33.18,22.13,5,6,7,8,31.09,-4.84,20.98
ORGANIZATION,24.99,52.85,58.09,4.51,10,11,12,1,35.11,-6.83,55.62
RESIDENT,25.74,24.42,30.15,26.26,10,11,12,1,26.64,0.17,31.41
FACTORY,1121.5,1287.79,1179.88,1334.15,1,2,3,4,1230.83,70.88,1418.72
FACTORY,1744.89,1962.89,1787.91,1902.8,1,2,3,4,1849.62,52.64,1910.95
FACTORY,1808.76,1387.36,1474.43,1573.19,5,6,7,8,1560.93,-78.52,1616.7
ORGANIZATION,47.82,119.75,32.79,30.92,6,7,8,9,57.82,-5.63,47.86
PUBLIC_SERVICE,96.63,66.89,67.35,73.84,9,10,11,12,76.18,-7.6,83.77
ORGANIZATION,146.22,155.63,140.08,161.01,9,10,11,12,150.74,4.93,174.85
RESIDENT,32.66,29.37,29.27,34.88,8,9,10,11,31.55,0.74,28.66
RESIDENT,8.32,8.19,15.0,14.88,2,3,4,5,11.6,2.19,18.45
RESIDENT,18.06,13.45,4.19,9.5,7,8,9,10,11.3,-2.85,10.84
RESIDENT,26.3,48.96,33.98,35.81,2,3,4,5,36.26,3.17,32.99
RESIDENT,35.24,38.92,33.03,32.63,2,3,4,5,34.95,-0.87,33.5
RESIDENT,14.46,16.86,21.05,19.53,9,10,11,12,17.98,1.69,14.81
GOVERNMENT,197.48,184.16,210.38,189.24,9,10,11,12,195.31,-2.75,215.92
ORGANIZATION,156.22,197.82,173.89,203.95,11,12,1,2,182.97,15.91,237.97
RESIDENT,17.9,23.74,17.61,14.58,7,8,9,10,18.46,-1.11,19.05
FACTORY,1594.05,1671.21,1708.58,1682.18,12,1,2,3,1664.01,29.38,1890.77
ORGANIZATION,85.21,104.08,101.19,95.48,4,5,6,7,96.49,3.42,103.59
RESIDENT,22.52,23.35,25.87,33.11,12,1,2,3,26.21,3.53,29.82
RESIDENT,8.5,13.9,11.08,15.46,2,3,4,5,12.23,2.32,16.98
RESIDENT,22.56,26.62,28.56,28.76,12,1,2,3,26.62,2.07,31.26
PUBLIC_SERVICE,50.65,74.04,74.19,101.01,11,12,1,2,74.97,16.79,87.65
RESIDENT,23.88,28.57,23.92,29.32,10,11,12,1,26.42,1.81,28.57
RESIDENT,3.03,6.93,10.55,5.83,10,11,12,1,6.58,0.93,16.35
RESIDENT,0.5,8.75,11.2,9.95,12,1,2,3,7.6,3.15,9.49
RESIDENT,23.06,23.41,26.19,23.23,4,5,6,7,23.97,0.06,31.49
RESIDENT,16.61,19.18,10.57,15.59,9,10,11,12,15.49,-0.34,25.25
RESIDENT,13.16,7.76,17.53,10.71,12,1,2,3,12.29,-0.82,14.58
RESIDENT,19.21,20.67,16.58,17.34,9,10,11,12,18.45,-0.62,23.51
RESIDENT,13.83,10.59,15.79,23.23,11,12,1,2,15.86,3.13,21.96
ORGANIZATION,158.04,121.36,105.8,128.66,7,8,9,10,128.47,-9.79,145.3
RESIDENT,17.74,14.85,14.01,8.59,8,9,10,11,13.8,-3.05,13.18
RESIDENT,14.55,13.83,14.27,17.04,11,12,1,2,14.92,0.83,19.21
RESIDENT,5.64,6.84,2.04,0.5,7,8,9,10,3.75,-1.71,0.5
ORGANIZATION,85.46,112.69,162.93,122.06,2,3,4,5,120.78,12.2,150.13
PUBLIC_SERVICE,55.44,52.3,49.48,80.87,11,12,1,2,59.52,8.48,73.14
ORGANIZATION,112.64,115.32,122.58,116.08,9,10,11,12,116.65,1.15,82.54
ORGANIZATION,235.1,172.7,184.86,188.97,5,6,7,8,195.41,-15.38,195.27
GOVERNMENT,480.93,436.43,567.47,485.03,7,8,9,10,492.46,1.37,594.9
GOVERNMENT,173.09,204.87,212.75,299.77,12,1,2,3,222.62,42.23,266.11
RESIDENT,17.31,11.46,11.17,7.4,7,8,9,10,11.83,-3.3,7.6
RESIDENT,2.19,9.18,2.21,9.86,11,12,1,2,5.86,2.56,11.35
RESIDENT,17.05,13.99,12.22,4.86,4,5,6,7,12.03,-4.06,6.23
RESIDENT,3.78,1.71,7.24,5.68,11,12,1,2,4.6,0.63,6.41
FACTORY,1712.13,2183.09,1647.83,1579.07,7,8,9,10,1780.53,-44.35,1640.3
ORGANIZATION,188.54,169.28,172.04,144.69,8,9,10,11,168.64,-14.62,162.94
PUBLIC_SERVICE,56.38,38.21,47.81,56.77,8,9,10,11,49.79,0.13,48.23
RESIDENT,28.36,18.73,18.33,17.48,5,6,7,8,20.73,-3.63,6.88
FACTORY,336.65,495.48,588.16,472.81,12,1,2,3,473.27,45.39,698.11
GOVERNMENT,225.23,236.32,227.66,250.92,12,1,2,3,235.03,8.56,258.89
FACTORY,1228.1,1098.36,1252.49,1104.47,5,6,7,8,1170.86,-41.21,825.92
ORGANIZATION,131.3,141.48,194.87,142.96,1,2,3,4,152.65,3.89,127.48
RESIDENT,8.3,5.18,13.25,13.3,12,1,2,3,10.01,1.67,18.48
RESIDENT,12.49,12.9,12.69,0.5,7,8,9,10,9.64,-4.0,4.97
RESIDENT,14.3,7.59,12.51,10.73,8,9,10,11,11.28,-1.19,10.19
RESIDENT,30.81,27.79,33.11,51.44,9,10,11,12,35.79,6.88,29.47
FACTORY,1643.4,1480.57,1474.2,1746.5,2,3,4,5,1586.17,34.37,1345.58
RESIDENT,0.5,4.98,3.76,3.99,12,1,2,3,3.31,1.16,9.21
GOVERNMENT,246.86,256.57,346.18,324.63,1,2,3,4,293.56,25.92,335.01
RESIDENT,18.22,18.99,24.79,11.7,8,9,10,11,18.42,-2.17,14.71
GOVERNMENT,288.5,235.24,202.91,217.49,5,6,7,8,236.03,-23.67,190.03
ORGANIZATION,198.52,136.83,172.19,159.67,6,7,8,9,166.8,-12.95,151.62
RESIDENT,17.04,16.05,7.68,12.06,8,9,10,11,13.21,-1.66,4.24
FACTORY,1607.78,1842.75,1640.44,1914.96,10,11,12,1,1751.48,102.39,1926.65
GOVERNMENT,175.21,212.32,137.99,259.62,11,12,1,2,196.28,28.14,285.45
RESIDENT,27.81,29.49,30.25,26.77,5,6,7,8,28.58,-0.35,24.05
ORGANIZATION,290.46,241.64,236.73,190.49,5,6,7,8,239.83,-33.32,200.61
ORGANIZATION,188.84,219.27,180.99,190.41,7,8,9,10,194.88,0.52,183.43
PUBLIC_SERVICE,35.3,27.52,39.19,54.78,12,1,2,3,39.2,6.49,47.98
RESIDENT,12.6,16.19,15.74,20.45,12,1,2,3,16.25,2.62,24.92
RESIDENT,22.43,25.81,19.79,14.87,5,6,7,8,20.73,-2.52,11.87
RESIDENT,36.82,28.66,31.73,27.42,6,7,8,9,31.16,-3.13,26.0
RESIDENT,41.89,35.5,32.55,29.67,5,6,7,8,34.9,-4.07,30.29
RESIDENT,29.49,30.25,26.77,24.05,6,7,8,9,27.64,-1.81,19.77
GOVERNMENT,277.36,345.18,327.47,398.72,11,12,1,2,337.18,40.45,419.06
GOVERNMENT,254.19,288.77,284.38,288.52,3,4,5,6,278.97,11.44,242.71
RESIDENT,36.99,35.65,27.69,30.54,7,8,9,10,32.72,-2.15,32.88
GOVERNMENT,281.38,284.31,296.08,332.64,1,2,3,4,298.6,17.09,271.99
RESIDENT,14.39,21.92,24.21,24.17,3,4,5,6,21.17,3.26,18.05
ORGANIZATION,85.46,106.17,91.84,74.94,6,7,8,9,89.6,-3.51,84.73
RESIDENT,38.67,30.81,27.79,33.11,8,9,10,11,32.59,-1.85,51.44
RESIDENT,31.19,36.95,41.28,42.56,1,2,3,4,38.0,3.79,37.36
RESIDENT,20.56,16.5,17.03,22.68,12,1,2,3,19.19,0.71,29.47
RESIDENT,23.91,35.0,35.92,38.43,11,12,1,2,33.31,4.84,64.61
RESIDENT,18.72,13.37,16.15,16.46,9,10,11,12,16.17,-0.75,15.38
ORGANIZATION,294.95,184.85,195.88,165.41,10,11,12,1,210.27,-43.18,203.04
RESIDENT,22.15,19.39,23.57,23.71,9,10,11,12,22.2,0.52,35.4
RESIDENT,7.92,4.83,8.11,15.06,12,1,2,3,8.98,2.38,14.59
RESIDENT,38.31,42.76,39.82,35.96,5,6,7,8,39.21,-0.78,37.68
RESIDENT,43.31,38.24,33.57,38.43,4,5,6,7,38.39,-1.63,33.07
RESIDENT,22.59,15.21,15.78,18.58,9,10,11,12,18.04,-1.34,22.29
PUBLIC_SERVICE,125.14,111.4,114.74,145.7,1,2,3,4,124.25,6.85,146.01
ORGANIZATION,139.06,173.67,175.26,130.92,3,4,5,6,154.73,-2.71,173.88
GOVERNMENT,87.42,122.31,87.63,13.21,9,10,11,12,77.64,-24.74,107.57
RESIDENT,11.07,10.63,6.69,5.43,5,6,7,8,8.46,-1.88,2.93
PUBLIC_SERVICE,39.75,51.77,58.4,63.9,3,4,5,6,53.46,8.05,54.64
RESIDENT,13.36,13.74,14.82,24.17,12,1,2,3,16.52,3.6,30.99
FACTORY,561.42,746.07,559.76,684.04,6,7,8,9,637.82,40.87,371.32
RESIDENT,19.39,23.57,23.71,35.4,10,11,12,1,25.52,5.34,28.47
GOVERNMENT,166.03,150.92,207.3,222.31,2,3,4,5,186.64,18.76,192.66
ORGANIZATION,172.45,175.11,184.32,186.0,5,6,7,8,179.47,4.52,221.39
RESIDENT,24.15,32.04,27.56,29.78,4,5,6,7,28.38,1.88,20.84
RESIDENT,26.76,17.95,21.68,13.73,6,7,8,9,20.03,-4.34,27.05
GOVERNMENT,320.76,321.89,315.12,265.93,6,7,8,9,305.93,-18.28,181.15
FACTORY,1591.3,1569.61,1196.96,1493.39,9,10,11,12,1462.82,-32.64,1673.24
RESIDENT,27.64,31.64,26.79,21.93,7,8,9,10,27.0,-1.9,21.91
RESIDENT,30.24,32.84,31.2,28.88,8,9,10,11,30.79,-0.45,31.27
FACTORY,836.9,886.34,870.01,941.79,12,1,2,3,883.76,34.96,993.69
RESIDENT,28.45,27.83,31.93,35.77,1,2,3,4,31.0,2.44,36.11
PUBLIC_SERVICE,44.84,45.57,63.36,57.72,10,11,12,1,52.87,4.29,49.16
RESIDENT,19.48,14.05,25.77,13.7,3,4,5,6,18.25,-1.93,18.02
RESIDENT,41.77,33.67,35.92,34.99,6,7,8,9,36.59,-2.26,28.73
ORGANIZATION,119.16,116.58,102.05,157.64,5,6,7,8,123.86,12.83,104.15
FACTORY,645.66,602.54,644.54,302.38,7,8,9,10,548.78,-114.43,554.52
RESIDENT,19.11,27.83,30.5,35.88,12,1,2,3,28.33,5.59,34.19
FACTORY,1126.81,1333.51,1259.99,1911.59,2,3,4,5,1407.97,261.59,1237.21
ORGANIZATION,107.31,75.37,85.21,104.08,2,3,4,5,92.99,-1.08,101.19
ORGANIZATION,83.71,82.52,73.71,75.82,3,4,5,6,78.94,-2.63,81.69
FACTORY,1631.86,1595.63,1698.5,1400.23,5,6,7,8,1581.55,-77.21,1638.76
RESIDENT,8.65,7.26,6.26,5.12,7,8,9,10,6.82,-1.18,10.7
RESIDENT,22.61,25.28,24.37,27.3,12,1,2,3,24.89,1.56,26.57
FACTORY,765.21,778.71,605.31,589.49,8,9,10,11,684.68,-58.57,461.35
RESIDENT,31.17,31.03,34.69,29.37,8,9,10,11,31.57,-0.6,33.3
RESIDENT,9.96,11.77,13.42,4.89,7,8,9,10,10.01,-1.69,0.5
RESIDENT,23.38,18.89,22.45,19.88,5,6,7,8,21.15,-1.17,17.09
RESIDENT,17.88,9.04,8.42,13.34,6,7,8,9,12.17,-1.51,9.18
RESIDENT,37.5,31.36,27.48,29.65,8,9,10,11,31.5,-2.62,27.83
ORGANIZATION,141.34,120.04,162.73,139.19,2,3,4,5,140.82,-0.72,123.6
FACTORY,579.77,639.05,503.07,525.91,8,9,10,11,561.95,-17.95,464.37
ORGANIZATION,54.37,63.02,67.35,52.08,9,10,11,12,59.2,-0.76,85.66
PUBLIC_SERVICE,131.19,132.36,153.75,142.71,5,6,7,8,140.0,3.84,145.36
RESIDENT,29.16,33.3,32.45,36.22,2,3,4,5,32.78,2.35,38.52
RESIDENT,13.23,2.46,7.76,10.74,9,10,11,12,8.55,-0.83,9.44
GOVERNMENT,302.07,348.43,316.87,296.36,4,5,6,7,315.93,-1.9,286.8
GOVERNMENT,301.26,281.53,247.95,268.73,5,6,7,8,274.87,-10.84,248.22
RESIDENT,19.82,18.13,19.59,28.29,12,1,2,3,21.46,2.82,25.35
RESIDENT,0.5,7.14,3.1,13.6,12,1,2,3,6.08,4.37,13.49
RESIDENT,12.56,16.41,12.77,15.79,2,3,4,5,14.38,1.08,16.52
ORGANIZATION,116.58,143.3,155.55,161.87,2,3,4,5,144.32,15.1,170.22
RESIDENT,32.03,36.48,40.77,46.32,3,4,5,6,38.9,4.76,37.07
RESIDENT,27.27,34.22,33.96,25.96,3,4,5,6,30.35,-0.44,23.6
RESIDENT,18.33,21.19,18.91,14.45,7,8,9,10,18.22,-1.29,12.44
RESIDENT,27.85,29.73,32.97,36.04,12,1,2,3,31.65,2.73,37.59
ORGANIZATION,112.16,84.77,106.73,127.67,2,3,4,5,107.83,5.17,106.43
PUBLIC_SERVICE,65.65,73.38,68.74,59.33,5,6,7,8,66.77,-2.11,65.68
ORGANIZATION,46.78,78.93,117.49,127.43,1,2,3,4,92.66,26.88,129.54
RESIDENT,14.09,10.92,11.0,16.11,10,11,12,1,13.03,0.67,11.05
RESIDENT,8.61,6.61,7.81,14.62,12,1,2,3,9.41,2.0,15.04
RESIDENT,8.75,11.2,9.95,9.49,1,2,3,4,9.85,0.25,17.86
RESIDENT,30.0,17.79,16.68,18.84,10,11,12,1,20.83,-3.72,21.71
RESIDENT,21.21,18.95,15.28,32.45,7,8,9,10,21.97,3.75,14.46
ORGANIZATION,199.82,172.45,175.11,184.32,4,5,6,7,182.93,-5.17,186.0
RESIDENT,23.42,22.59,15.21,15.78,8,9,10,11,19.25,-2.55,18.58
RESIDENT,7.49,6.28,7.3,7.03,9,10,11,12,7.03,-0.15,10.77
RESIDENT,9.04,8.42,13.34,9.18,7,8,9,10,10.0,0.05,6.88
RESIDENT,22.88,27.05,24.37,21.6,5,6,7,8,23.98,-0.43,22.14
RESIDENT,39.31,39.73,33.39,34.34,5,6,7,8,36.69,-1.66,30.88
ORGANIZATION,172.76,176.95,194.88,175.08,3,4,5,6,179.92,0.77,171.37
RESIDENT,34.79,27.73,28.28,27.19,7,8,9,10,29.5,-2.53,27.41
PUBLIC_SERVICE,14.48,19.88,7.62,5.99,9,10,11,12,11.99,-2.83,23.82
RESIDENT,16.74,15.92,6.26,10.44,4,5,6,7,12.34,-2.1,9.46
RESIDENT,10.13,7.64,18.02,21.4,1,2,3,4,14.3,3.76,21.6
RESIDENT,11.62,12.99,11.6,13.08,9,10,11,12,12.32,0.49,13.81
RESIDENT,35.86,39.55,42.32,34.57,2,3,4,5,38.07,-0.43,40.16
PUBLIC_SERVICE,116.21,121.9,146.6,122.15,8,9,10,11,126.72,1.98,124.93
ORGANIZATION,143.14,140.63,147.07,117.5,12,1,2,3,137.08,-8.55,168.71
GOVERNMENT,151.33,140.45,174.86,153.86,9,10,11,12,155.12,0.84,124.82
RESIDENT,41.4,37.38,40.84,35.22,4,5,6,7,38.71,-2.06,37.18
RESIDENT,7.89,9.04,7.89,9.61,8,9,10,11,8.61,0.57,9.12
PUBLIC_SERVICE,131.22,141.24,139.91,141.63,1,2,3,4,138.5,3.47,147.02
RESIDENT,13.86,18.09,15.52,16.11,8,9,10,11,15.89,0.75,13.21
RESIDENT,30.51,29.33,29.36,29.95,5,6,7,8,29.79,-0.19,33.43
GOVERNMENT,444.43,443.3,457.43,438.02,10,11,12,1,445.8,-2.14,539.2
RESIDENT,10.59,10.61,7.83,4.0,10,11,12,1,8.26,-2.2,10.66
RESIDENT,34.47,30.83,37.64,26.92,9,10,11,12,32.47,-2.52,30.41
RESIDENT,24.44,27.24,26.27,30.99,10,11,12,1,27.23,2.18,33.6
RESIDENT,30.58,28.78,34.46,35.2,12,1,2,3,32.25,1.54,32.4
RESIDENT,26.75,26.46,31.64,29.41,10,11,12,1,28.56,0.89,33.39
RESIDENT,51.48,27.38,27.61,33.38,10,11,12,1,34.96,-6.03,36.37
FACTORY,1931.7,1812.09,2008.4,2164.09,12,1,2,3,1979.07,77.46,2008.05
ORGANIZATION,202.85,174.45,190.29,205.63,1,2,3,4,193.3,0.93,183.73
RESIDENT,31.66,35.89,33.47,33.41,2,3,4,5,33.61,0.58,32.81
ORGANIZATION,101.73,127.56,123.17,108.19,4,5,6,7,115.16,2.15,136.53
GOVERNMENT,532.79,526.67,477.74,453.8,5,6,7,8,497.75,-26.33,506.72
RESIDENT,41.36,36.48,36.22,31.08,6,7,8,9,36.28,-3.43,33.19
RESIDENT,7.25,0.5,13.97,5.89,9,10,11,12,6.9,-0.45,6.57
RESIDENT,31.99,32.65,31.02,58.77,12,1,2,3,38.61,8.93,54.0
RESIDENT,19.85,21.43,27.63,15.91,4,5,6,7,21.2,-1.31,12.85
RESIDENT,4.6,12.62,9.06,10.97,3,4,5,6,9.31,2.12,7.88
RESIDENT,9.87,5.55,9.89,12.34,12,1,2,3,9.41,0.82,11.88
RESIDENT,10.59,14.3,15.23,21.3,2,3,4,5,15.36,3.57,11.83
ORGANIZATION,107.0,166.86,138.59,153.07,1,2,3,4,141.38,15.36,129.14
GOVERNMENT,189.27,151.19,192.95,220.19,11,12,1,2,188.4,10.31,240.17
RESIDENT,0.5,0.5,0.5,5.31,11,12,1,2,1.7,1.6,8.27
RESIDENT,6.67,10.34,6.08,9.72,12,1,2,3,8.2,1.02,13.7
RESIDENT,13.41,12.48,12.27,6.48,4,5,6,7,11.16,-2.31,9.74
RESIDENT,2.79,0.5,3.19,2.79,10,11,12,1,2.32,0.0,8.61
RESIDENT,21.32,18.95,22.52,22.71,10,11,12,1,21.38,0.46,30.23
RESIDENT,11.34,10.38,13.44,10.73,9,10,11,12,11.47,-0.2,15.52
FACTORY,2183.09,1647.83,1579.07,1640.3,8,9,10,11,1762.57,-180.93,1807.55
RESIDENT,33.43,35.2,38.39,33.39,3,4,5,6,35.1,-0.01,32.99
RESIDENT,10.54,18.34,19.87,17.09,3,4,5,6,16.46,2.18,16.81
RESIDENT,22.83,24.55,31.38,19.99,6,7,8,9,24.69,-0.95,10.98
GOVERNMENT,188.53,245.1,294.61,246.63,11,12,1,2,243.72,19.37,223.16
RESIDENT,11.57,23.48,20.79,19.04,2,3,4,5,18.72,2.49,18.9
RESIDENT,0.5,5.79,6.18,6.99,12,1,2,3,4.87,2.16,9.97
RESIDENT,15.7,15.6,13.57,15.32,3,4,5,6,15.05,-0.13,16.66
RESIDENT,37.18,30.03,25.54,30.54,4,5,6,7,30.82,-2.21,22.16
FACTORY,1721.33,1589.76,1878.47,1910.62,11,12,1,2,1775.05,63.1,2066.33
RESIDENT,5.62,11.42,13.86,13.02,2,3,4,5,10.98,2.47,12.88
RESIDENT,3.87,2.29,8.45,5.31,9,10,11,12,4.98,0.48,5.59
RESIDENT,66.26,38.84,30.72,30.31,5,6,7,8,41.53,-11.98,34.31
RESIDENT,30.18,33.46,28.43,24.22,4,5,6,7,29.07,-1.99,25.27
GOVERNMENT,392.67,465.83,421.04,413.71,2,3,4,5,423.31,7.01,402.82
RESIDENT,16.67,22.31,18.64,31.17,12,1,2,3,22.2,4.83,31.93
RESIDENT,6.86,11.9,12.67,14.76,12,1,2,3,11.55,2.63,16.61
ORGANIZATION,112.69,162.93,122.06,150.13,3,4,5,6,136.95,12.48,119.91
RESIDENT,14.76,18.69,25.47,16.48,1,2,3,4,18.85,0.57,15.67
GOVERNMENT,71.02,149.82,69.7,136.62,8,9,10,11,106.79,21.87,70.16
RESIDENT,25.81,24.44,32.24,26.66,2,3,4,5,27.29,0.28,22.29
ORGANIZATION,195.45,174.68,172.13,187.37,10,11,12,1,182.41,-2.69,201.33
RESIDENT,28.32,24.29,26.17,26.11,6,7,8,9,26.22,-0.74,23.72
ORGANIZATION,212.57,156.22,197.82,173.89,10,11,12,1,185.12,-12.89,203.95
RESIDENT,22.47,22.19,17.63,19.52,7,8,9,10,20.45,-0.98,14.61
PUBLIC_SERVICE,196.5,162.77,170.96,168.42,2,3,4,5,174.66,-9.36,173.15
RESIDENT,12.32,15.6,21.17,21.32,12,1,2,3,17.6,3.0,20.83
RESIDENT,17.81,23.72,14.56,12.75,4,5,6,7,17.21,-1.69,15.3
RESIDENT,13.93,14.9,16.22,14.41,12,1,2,3,14.86,0.16,16.59
ORGANIZATION,141.03,122.95,175.45,168.07,12,1,2,3,151.88,9.01,181.2
RESIDENT,8.52,16.01,11.67,15.11,12,1,2,3,12.83,2.2,16.0
ORGANIZATION,134.09,115.54,124.01,58.0,7,8,9,10,107.91,-25.36,71.0
RESIDENT,29.37,26.06,42.44,36.77,11,12,1,2,33.66,2.47,36.9
RESIDENT,28.4,22.54,15.39,15.51,6,7,8,9,20.46,-4.3,15.78
RESIDENT,8.32,8.89,12.29,7.24,4,5,6,7,9.19,-0.36,4.37
FACTORY,1064.71,1056.07,1083.44,1248.72,2,3,4,5,1113.23,61.34,1242.56
PUBLIC_SERVICE,110.09,113.33,118.01,136.29,2,3,4,5,119.43,8.73,123.68
PUBLIC_SERVICE,100.62,91.01,82.4,107.37,4,5,6,7,95.35,2.25,77.84
RESIDENT,10.47,10.24,2.51,2.54,8,9,10,11,6.44,-2.64,6.63
RESIDENT,23.85,16.93,25.25,24.54,11,12,1,2,22.64,0.23,30.63
RESIDENT,16.36,11.3,9.73,3.65,6,7,8,9,10.26,-4.24,2.28
RESIDENT,35.95,28.48,26.78,28.58,5,6,7,8,29.95,-2.46,23.69
RESIDENT,37.1,35.82,27.74,30.31,7,8,9,10,32.74,-2.26,30.89
RESIDENT,13.51,17.24,19.66,26.19,1,2,3,4,19.15,4.23,31.88
RESIDENT,34.54,25.67,21.51,25.51,8,9,10,11,26.81,-3.01,22.65
PUBLIC_SERVICE,56.84,57.74,70.67,70.09,10,11,12,1,63.84,4.42,85.18
RESIDENT,13.24,14.08,11.32,6.41,8,9,10,11,11.26,-2.28,9.19
GOVERNMENT,373.45,415.67,412.49,474.02,4,5,6,7,418.91,33.52,379.99
RESIDENT,17.1,12.31,18.54,6.03,7,8,9,10,13.5,-3.69,9.38
RESIDENT,23.22,23.84,30.37,18.68,8,9,10,11,24.03,-1.51,26.31
PUBLIC_SERVICE,135.37,130.71,151.03,127.29,5,6,7,8,136.1,-2.69,115.29
FACTORY,1651.38,1575.41,1500.27,1498.22,9,10,11,12,1556.32,-51.05,1702.56
RESIDENT,39.02,31.76,33.98,34.36,3,4,5,6,34.78,-1.55,32.3
RESIDENT,22.44,17.41,12.68,15.68,9,10,11,12,17.05,-2.25,18.93
RESIDENT,22.23,18.33,15.36,12.68,8,9,10,11,17.15,-3.18,12.09
GOVERNMENT,232.08,241.03,320.75,316.15,12,1,2,3,277.5,28.02,348.59
RESIDENT,10.84,8.41,10.56,7.18,8,9,10,11,9.25,-1.22,10.64
FACTORY,872.3,438.29,393.87,468.99,8,9,10,11,543.36,-134.44,548.05
RESIDENT,28.7,32.52,32.76,39.82,12,1,2,3,33.45,3.71,40.27
FACTORY,547.1,514.96,430.57,515.75,10,11,12,1,502.09,-10.45,679.49
GOVERNMENT,149.82,69.7,136.62,70.16,9,10,11,12,106.57,-26.55,104.28
RESIDENT,16.15,18.95,20.55,20.9,10,11,12,1,19.14,1.58,19.56
RESIDENT,30.22,27.97,34.59,27.9,6,7,8,9,30.17,-0.77,25.38
ORGANIZATION,52.58,46.84,74.26,63.34,10,11,12,1,59.26,3.59,72.06
PUBLIC_SERVICE,86.94,118.0,93.98,85.44,9,10,11,12,96.09,-0.5,92.55
FACTORY,1309.29,1408.98,1361.4,1360.98,6,7,8,9,1360.16,17.23,1317.56
ORGANIZATION,177.21,193.26,294.95,184.85,8,9,10,11,212.57,2.55,195.88
PUBLIC_SERVICE,103.9,93.46,86.94,118.0,7,8,9,10,100.58,4.7,93.98
ORGANIZATION,68.66,46.82,56.3,59.68,10,11,12,1,57.86,-2.99,96.95
RESIDENT,30.04,21.26,25.36,20.83,8,9,10,11,24.37,-3.07,26.89
RESIDENT,7.24,4.37,1.73,0.79,7,8,9,10,3.53,-2.15,0.5
RESIDENT,14.57,16.94,14.78,18.24,4,5,6,7,16.13,1.22,13.76
RESIDENT,18.13,19.59,28.29,25.35,1,2,3,4,22.84,2.41,27.96
GOVERNMENT,177.02,158.38,163.6,155.4,10,11,12,1,163.6,-7.21,137.03
RESIDENT,49.21,35.38,32.66,29.37,6,7,8,9,36.66,-6.61,29.27
RESIDENT,11.64,18.27,17.88,22.19,2,3,4,5,17.5,3.52,17.75
RESIDENT,13.3,10.62,5.6,16.23,11,12,1,2,11.44,0.98,13.77
PUBLIC_SERVICE,73.15,89.65,75.78,101.9,11,12,1,2,85.12,9.58,100.1
RESIDENT,16.37,15.3,12.51,11.46,10,11,12,1,13.91,-1.64,14.57
FACTORY,161.14,613.77,477.05,451.31,11,12,1,2,425.82,96.72,562.43
RESIDENT,14.86,20.02,13.37,19.54,11,12,1,2,16.95,1.56,21.41
RESIDENT,12.66,17.14,11.9,18.29,8,9,10,11,15.0,1.88,12.99
RESIDENT,35.2,33.79,34.27,32.48,4,5,6,7,33.94,-0.91,24.85
FACTORY,1297.72,1196.83,1315.64,1166.12,8,9,10,11,1244.08,-43.87,1177.26
RESIDENT,11.1,11.68,18.48,16.24,3,4,5,6,14.38,1.71,14.79
FACTORY,2027.07,1631.49,1847.95,1706.82,11,12,1,2,1803.33,-106.75,1915.51
ORGANIZATION,136.16,142.2,118.98,195.35,10,11,12,1,148.17,19.73,161.57
ORGANIZATION,173.22,165.61,150.18,208.94,6,7,8,9,174.49,11.91,114.57
RESIDENT,33.78,30.37,27.59,28.28,3,4,5,6,30.01,-1.83,30.19
RESIDENT,9.67,12.07,24.17,13.55,11,12,1,2,14.87,1.29,16.65
RESIDENT,27.55,25.21,26.29,29.23,3,4,5,6,27.07,0.56,19.15
RESIDENT,9.74,10.79,13.84,9.96,9,10,11,12,11.08,0.07,7.59
RESIDENT,26.33,24.05,24.97,19.81,5,6,7,8,23.79,-2.17,31.34
RESIDENT,41.81,22.47,22.19,17.63,6,7,8,9,26.02,-8.06,19.52
FACTORY,720.82,524.94,444.08,481.77,7,8,9,10,542.9,-79.68,525.92
GOVERNMENT,284.38,288.52,242.71,267.42,5,6,7,8,270.76,-5.65,201.07
RESIDENT,22.36,12.31,13.5,14.23,8,9,10,11,15.6,-2.71,22.12
GOVERNMENT,131.05,175.52,101.28,103.48,9,10,11,12,127.83,-9.19,200.13
RESIDENT,33.66,36.33,31.59,29.37,5,6,7,8,32.74,-1.43,28.02
ORGANIZATION,200.22,181.02,196.02,183.41,6,7,8,9,190.17,-5.6,203.49
PUBLIC_SERVICE,126.65,129.18,128.47,120.16,4,5,6,7,126.12,-2.16,126.96
PUBLIC_SERVICE,134.38,110.07,122.1,132.64,4,5,6,7,124.8,-0.58,144.09
PUBLIC_SERVICE,140.6,155.8,176.64,170.77,2,3,4,5,160.95,10.06,232.92
RESIDENT,8.49,4.74,7.82,14.17,10,11,12,1,8.8,1.89,20.13
RESIDENT,23.62,18.3,19.24,18.27,6,7,8,9,19.86,-1.78,16.91
RESIDENT,7.4,14.97,13.19,18.05,1,2,3,4,13.4,3.55,14.26
RESIDENT,35.88,35.88,35.8,39.83,2,3,4,5,36.85,1.32,57.87
RESIDENT,13.79,9.68,8.75,14.82,5,6,7,8,11.76,0.34,5.12
PUBLIC_SERVICE,42.51,49.46,19.47,40.32,9,10,11,12,37.94,-0.73,52.01
RESIDENT,25.55,37.28,34.4,36.36,2,3,4,5,33.4,3.6,32.46
RESIDENT,25.08,27.86,16.89,12.21,6,7,8,9,20.51,-4.29,21.92
RESIDENT,24.12,24.49,22.02,24.49,3,4,5,6,23.78,0.12,24.92
FACTORY,1244.95,1206.82,1230.13,1343.1,11,12,1,2,1256.25,32.72,1539.16
RESIDENT,13.66,12.21,5.54,6.83,7,8,9,10,9.56,-2.28,9.27
RESIDENT,3.31,3.34,4.32,11.83,11,12,1,2,5.7,2.84,12.3
RESIDENT,21.44,23.32,26.61,25.48,9,10,11,12,24.21,1.35,25.29
RESIDENT,22.84,29.83,23.99,20.83,4,5,6,7,24.37,-0.67,24.29
RESIDENT,27.69,30.54,32.88,23.5,9,10,11,12,28.65,-1.4,30.29
RESIDENT,12.26,15.49,12.2,17.22,10,11,12,1,14.29,1.65,16.63
RESIDENT,38.92,33.03,32.63,33.5,3,4,5,6,34.52,-1.81,30.71
RESIDENT,6.55,6.01,5.49,1.5,10,11,12,1,4.89,-1.68,6.93
RESIDENT,20.53,18.06,24.33,23.89,12,1,2,3,21.7,1.12,33.42
RESIDENT,16.96,15.77,13.02,10.81,7,8,9,10,14.14,-2.05,8.13
RESIDENT,25.65,29.14,30.44,34.38,11,12,1,2,29.9,2.91,35.49
RESIDENT,24.46,30.77,30.88,43.27,1,2,3,4,32.34,6.27,41.59
RESIDENT,10.36,5.22,16.74,15.92,2,3,4,5,12.06,1.85,6.26
PUBLIC_SERVICE,46.12,36.57,32.74,35.89,9,10,11,12,37.83,-3.41,55.25
RESIDENT,21.81,20.88,16.92,14.29,8,9,10,11,18.48,-2.51,12.34
PUBLIC_SERVICE,127.45,120.56,128.27,116.18,8,9,10,11,123.11,-3.76,123.27
RESIDENT,16.56,18.7,15.11,10.69,4,5,6,7,15.26,-1.96,14.16
RESIDENT,21.37,19.0,7.74,4.16,7,8,9,10,13.07,-5.74,5.4
RESIDENT,24.33,21.7,26.05,36.04,11,12,1,2,27.03,3.9,40.52
RESIDENT,18.7,21.22,19.37,20.73,1,2,3,4,20.01,0.68,22.98
GOVERNMENT,86.45,175.35,136.25,138.35,1,2,3,4,134.1,17.3,139.84
ORGANIZATION,159.43,163.76,143.42,152.28,8,9,10,11,154.72,-2.38,152.97
RESIDENT,2.84,6.67,11.95,14.63,11,12,1,2,9.02,3.93,9.39
GOVERNMENT,468.52,669.0,515.88,470.12,3,4,5,6,530.88,0.53,480.0
ORGANIZATION,122.88,138.63,149.28,155.22,8,9,10,11,141.5,10.78,147.16
ORGANIZATION,122.37,97.16,73.76,201.13,8,9,10,11,123.61,26.25,115.33
PUBLIC_SERVICE,119.35,104.79,140.08,150.52,2,3,4,5,128.69,10.39,129.71
ORGANIZATION,90.7,175.16,150.17,95.35,12,1,2,3,127.84,1.55,129.31
RESIDENT,27.56,29.78,20.84,16.31,6,7,8,9,23.62,-3.75,23.27
RESIDENT,21.47,16.4,22.78,22.64,6,7,8,9,20.82,0.39,10.14
RESIDENT,15.95,9.24,3.94,3.52,8,9,10,11,8.16,-4.14,4.16
RESIDENT,15.96,12.23,17.78,7.24,8,9,10,11,13.3,-2.91,5.99
RESIDENT,19.02,20.35,27.44,33.63,1,2,3,4,25.11,4.87,36.35
GOVERNMENT,213.33,172.25,238.89,294.25,5,6,7,8,229.68,26.97,150.82
RESIDENT,16.02,14.34,22.71,9.9,4,5,6,7,15.74,-2.04,12.05
RESIDENT,38.13,31.49,40.04,33.38,5,6,7,8,35.76,-1.58,31.83
RESIDENT,14.48,12.5,6.59,5.3,7,8,9,10,9.72,-3.06,4.93
PUBLIC_SERVICE,93.14,68.17,62.96,48.82,5,6,7,8,68.27,-14.77,45.59
ORGANIZATION,159.94,152.58,118.19,122.36,3,4,5,6,138.27,-12.53,146.02
RESIDENT,28.37,25.99,20.26,20.58,3,4,5,6,23.8,-2.6,15.21
RESIDENT,24.21,20.59,19.64,12.94,7,8,9,10,19.34,-3.76,13.95
RESIDENT,36.09,35.73,60.47,40.73,2,3,4,5,43.25,1.55,40.41
RESIDENT,47.03,30.13,36.25,32.77,10,11,12,1,36.55,-4.75,37.98
PUBLIC_SERVICE,63.27,66.94,79.06,72.96,9,10,11,12,70.56,3.23,82.89
RESIDENT,24.14,24.2,19.36,18.81,4,5,6,7,21.63,-1.78,14.01
RESIDENT,19.74,14.84,14.69,7.07,7,8,9,10,14.08,-4.22,12.31
RESIDENT,26.59,32.98,38.69,41.82,12,1,2,3,35.02,5.08,45.87
FACTORY,1215.1,1355.91,1255.43,1025.91,7,8,9,10,1213.09,-63.06,1059.59
FACTORY,1005.54,1042.32,896.24,923.94,5,6,7,8,967.01,-27.2,654.11
RESIDENT,30.58,20.92,16.11,14.73,6,7,8,9,20.59,-5.28,23.25
PUBLIC_SERVICE,35.26,59.11,18.41,36.56,7,8,9,10,37.34,0.43,13.95
GOVERNMENT,206.29,222.23,183.45,202.04,1,2,3,4,203.5,-1.42,216.54
FACTORY,578.81,616.32,456.93,618.52,10,11,12,1,567.64,13.24,624.77
PUBLIC_SERVICE,168.19,150.77,166.38,155.56,1,2,3,4,160.23,-4.21,172.89
RESIDENT,17.99,15.62,21.47,19.4,10,11,12,1,18.62,0.47,19.71
RESIDENT,18.67,16.5,13.46,13.11,10,11,12,1,15.44,-1.85,22.24
RESIDENT,27.83,33.45,29.48,22.36,7,8,9,10,28.28,-1.82,22.39
FACTORY,1517.14,1194.4,1193.36,1139.19,7,8,9,10,1261.02,-125.98,1526.18
RESIDENT,18.53,19.72,22.25,20.14,10,11,12,1,20.16,0.54,25.23
ORGANIZATION,101.0,122.71,127.69,124.96,1,2,3,4,119.09,7.99,174.46
RESIDENT,33.06,31.1,32.5,34.33,10,11,12,1,32.75,0.42,37.01
RESIDENT,8.84,7.12,4.14,0.5,8,9,10,11,5.15,-2.78,8.71
PUBLIC_SERVICE,71.02,56.84,57.74,70.67,9,10,11,12,64.07,-0.12,70.09
PUBLIC_SERVICE,116.12,120.77,130.59,134.55,2,3,4,5,125.51,6.14,116.46
RESIDENT,7.28,13.05,13.3,11.34,10,11,12,1,11.24,1.35,11.7
RESIDENT,4.08,0.5,8.73,2.92,10,11,12,1,4.06,-0.39,8.94
RESIDENT,15.65,9.05,8.45,13.48,8,9,10,11,11.66,-0.72,10.1
RESIDENT,3.84,0.5,1.83,0.5,9,10,11,12,1.67,-1.11,2.49
GOVERNMENT,242.97,309.08,298.66,222.52,6,7,8,9,268.31,-6.82,240.48
FACTORY,1443.31,1613.13,1616.17,1715.3,11,12,1,2,1596.98,90.66,1813.99
RESIDENT,18.88,16.72,16.72,17.86,10,11,12,1,17.54,-0.34,19.29
RESIDENT,13.04,10.15,13.11,14.0,10,11,12,1,12.57,0.32,18.99
RESIDENT,9.44,15.52,21.18,16.98,11,12,1,2,15.78,2.51,23.65
RESIDENT,1.89,0.5,6.86,3.89,11,12,1,2,3.29,0.67,9.5
RESIDENT,12.83,10.09,13.12,16.72,1,2,3,4,13.19,1.3,16.3
FACTORY,1327.78,1456.34,1540.14,1701.88,12,1,2,3,1506.54,124.7,1590.3
GOVERNMENT,217.01,256.02,291.56,216.93,2,3,4,5,245.38,-0.03,247.63
PUBLIC_SERVICE,97.57,68.86,71.16,56.46,5,6,7,8,73.51,-13.7,61.61
RESIDENT,11.14,13.94,16.4,20.07,4,5,6,7,15.39,2.98,14.73
ORGANIZATION,167.3,117.69,129.58,133.67,9,10,11,12,137.06,-11.21,123.33
RESIDENT,8.42,13.34,9.18,6.88,8,9,10,11,9.46,-0.51,3.42
RESIDENT,23.24,19.53,15.91,17.68,6,7,8,9,19.09,-1.85,12.03
RESIDENT,1.46,3.84,0.5,1.83,8,9,10,11,1.91,0.12,0.5
FACTORY,1140.06,1520.25,1439.83,1251.96,3,4,5,6,1338.02,37.3,1117.05
ORGANIZATION,201.31,239.7,238.34,256.22,2,3,4,5,233.89,18.3,262.07
RESIDENT,19.44,20.57,20.62,36.78,11,12,1,2,24.35,5.78,28.8
PUBLIC_SERVICE,123.26,127.94,138.67,143.32,10,11,12,1,133.3,6.69,153.01
ORGANIZATION,172.14,134.82,122.88,138.63,6,7,8,9,142.12,-11.17,149.28
RESIDENT,18.56,20.83,24.7,25.18,11,12,1,2,22.32,2.21,33.24
RESIDENT,38.95,38.67,39.36,29.81,4,5,6,7,36.7,-3.05,32.69
ORGANIZATION,113.17,94.11,87.72,149.65,9,10,11,12,111.16,12.16,123.52
RESIDENT,23.53,23.0,22.39,21.76,8,9,10,11,22.67,-0.59,24.57
RESIDENT,8.61,6.25,11.22,7.82,4,5,6,7,8.47,-0.26,5.17
RESIDENT,7.03,1.2,4.88,8.18,11,12,1,2,5.32,0.38,11.54
ORGANIZATION,153.2,198.52,136.83,172.19,5,6,7,8,165.19,6.33,159.67
ORGANIZATION,212.21,180.02,196.01,290.46,2,3,4,5,219.68,26.08,241.64
RESIDENT,16.11,13.21,14.4,19.86,11,12,1,2,15.89,1.25,28.8
RESIDENT,7.1,8.25,11.04,14.37,11,12,1,2,10.19,2.42,13.71
GOVERNMENT,241.33,188.53,245.1,294.61,10,11,12,1,242.39,17.76,246.63
ORGANIZATION,119.17,107.74,147.55,171.87,11,12,1,2,136.58,17.57,171.25
RESIDENT,18.99,20.7,28.46,23.62,3,4,5,6,22.94,1.54,18.3
RESIDENT,7.82,7.12,10.92,8.64,1,2,3,4,8.62,0.27,10.23
GOVERNMENT,252.87,329.18,296.06,304.11,10,11,12,1,295.55,17.08,371.38
ORGANIZATION,72.62,73.79,8.17,36.2,8,9,10,11,47.7,-12.14,76.43
RESIDENT,18.48,15.73,14.59,21.32,9,10,11,12,17.53,0.95,18.7
RESIDENT,19.63,16.7,19.16,22.19,1,2,3,4,19.42,0.85,26.53
RESIDENT,9.92,15.89,23.01,16.14,12,1,2,3,16.24,2.07,24.75
RESIDENT,19.28,19.54,12.68,9.12,6,7,8,9,15.15,-3.39,10.34
ORGANIZATION,189.15,183.12,189.39,184.23,9,10,11,12,186.47,-1.64,193.33
ORGANIZATION,80.91,96.9,81.74,74.89,3,4,5,6,83.61,-2.01,99.76
RESIDENT,18.79,22.34,24.96,28.95,12,1,2,3,23.76,3.39,28.53
ORGANIZATION,167.67,140.54,131.61,150.16,7,8,9,10,147.5,-5.84,110.52
RESIDENT,25.08,23.56,20.81,21.09,7,8,9,10,22.64,-1.33,19.22
RESIDENT,15.9,19.55,26.15,34.36,1,2,3,4,23.99,6.15,25.78
GOVERNMENT,158.54,183.67,320.95,196.24,11,12,1,2,214.85,12.57,279.97
RESIDENT,36.38,35.2,33.79,34.27,3,4,5,6,34.91,-0.7,32.48
GOVERNMENT,46.01,118.47,129.18,139.24,11,12,1,2,108.22,31.08,148.6
RESIDENT,15.61,16.2,19.75,17.47,12,1,2,3,17.26,0.62,19.33
GOVERNMENT,383.43,389.43,400.09,343.12,8,9,10,11,379.02,-13.44,318.44
RESIDENT,6.93,11.36,10.56,10.66,12,1,2,3,9.88,1.24,12.04
GOVERNMENT,175.38,171.19,182.99,187.22,10,11,12,1,179.19,3.95,236.63
FACTORY,1343.49,1335.14,1209.84,1441.1,6,7,8,9,1332.39,32.54,905.83
RESIDENT,18.25,26.65,19.56,28.01,12,1,2,3,23.12,3.25,28.12
RESIDENT,11.45,15.79,21.87,28.37,12,1,2,3,19.37,5.64,29.62
RESIDENT,17.83,20.61,15.3,18.03,5,6,7,8,17.94,0.07,10.72
FACTORY,1898.47,1931.07,2107.84,2402.04,3,4,5,6,2084.86,167.86,2065.25
ORGANIZATION,105.57,172.13,133.85,150.48,3,4,5,6,140.51,14.97,105.04
RESIDENT,13.36,2.85,1.4,2.18,7,8,9,10,4.95,-3.73,0.5
RESIDENT,16.15,19.64,19.37,16.52,10,11,12,1,17.92,0.12,19.21
RESIDENT,21.78,19.47,26.21,20.24,7,8,9,10,21.93,-0.51,14.51
RESIDENT,1.58,0.5,0.5,0.5,10,11,12,1,0.77,-0.36,3.72
RESIDENT,22.14,24.65,25.37,36.26,1,2,3,4,27.1,4.71,30.81
GOVERNMENT,381.75,388.79,411.1,409.52,4,5,6,7,397.79,9.26,354.01
ORGANIZATION,128.8,106.45,155.08,117.25,1,2,3,4,126.9,-3.85,149.75
RESIDENT,9.3,14.04,19.02,14.71,10,11,12,1,14.27,1.8,21.66
RESIDENT,23.23,17.83,17.42,24.64,11,12,1,2,20.78,0.47,24.85
RESIDENT,22.11,23.86,24.49,32.41,2,3,4,5,25.72,3.43,30.24
RESIDENT,38.53,28.39,33.74,29.09,6,7,8,9,32.44,-3.15,28.35
RESIDENT,32.39,29.18,31.15,27.72,10,11,12,1,30.11,-1.56,35.52
RESIDENT,24.88,25.59,28.7,19.93,4,5,6,7,24.77,-1.65,22.62
RESIDENT,20.44,16.07,11.64,16.51,5,6,7,8,16.17,-1.31,7.51
ORGANIZATION,185.72,212.57,156.22,197.82,9,10,11,12,188.08,4.03,173.89
RESIDENT,30.05,27.99,27.59,23.91,8,9,10,11,27.38,-2.05,26.68
RESIDENT,16.51,14.95,10.37,18.68,1,2,3,4,15.13,0.72,17.21
RESIDENT,1.88,0.5,5.69,3.34,10,11,12,1,2.85,0.49,6.75
RESIDENT,25.99,25.13,23.62,40.39,11,12,1,2,28.78,4.8,33.22
RESIDENT,15.21,5.9,1.44,7.23,7,8,9,10,7.45,-2.66,6.11
RESIDENT,4.36,12.61,13.33,8.09,1,2,3,4,9.6,1.24,19.43
ORGANIZATION,103.04,103.11,159.15,70.41,9,10,11,12,108.93,-10.88,87.34
RESIDENT,0.5,2.94,7.58,11.38,11,12,1,2,5.6,3.63,7.46
RESIDENT,19.93,16.5,21.16,16.13,5,6,7,8,18.43,-1.27,13.68
RESIDENT,29.9,24.99,22.4,26.24,10,11,12,1,25.88,-1.22,36.85
RESIDENT,14.85,20.58,28.36,20.03,1,2,3,4,20.95,1.73,24.94
GOVERNMENT,367.4,534.4,287.71,520.05,9,10,11,12,427.39,50.88,326.68
PUBLIC_SERVICE,116.86,92.66,150.18,87.88,8,9,10,11,111.89,-9.66,115.75
RESIDENT,22.54,23.38,27.79,29.48,11,12,1,2,25.8,2.31,33.78
RESIDENT,16.94,14.78,18.24,13.76,5,6,7,8,15.93,-1.06,7.17
RESIDENT,41.77,33.68,36.87,33.57,12,1,2,3,36.47,-2.73,55.72
FACTORY,1021.69,953.59,1051.18,949.18,9,10,11,12,993.91,-24.17,1137.08
RESIDENT,27.7,25.33,24.66,15.42,7,8,9,10,23.28,-4.09,34.67
RESIDENT,12.88,33.34,17.37,16.58,2,3,4,5,20.04,1.23,23.55
ORGANIZATION,177.5,198.21,168.26,166.83,6,7,8,9,177.7,-3.56,176.23
RESIDENT,19.81,18.54,18.66,19.57,7,8,9,10,19.14,-0.08,13.27
GOVERNMENT,409.56,412.15,415.8,441.6,2,3,4,5,419.78,10.68,419.48
RESIDENT,25.25,21.88,17.04,23.74,10,11,12,1,21.98,-0.5,25.88
RESIDENT,20.81,21.09,19.22,25.21,9,10,11,12,21.58,1.47,20.31
RESIDENT,26.7,25.61,24.79,28.9,2,3,4,5,26.5,0.73,29.04
PUBLIC_SERVICE,113.98,134.52,102.64,106.66,4,5,6,7,114.45,-2.44,110.41
ORGANIZATION,118.63,119.17,140.99,108.25,1,2,3,4,121.76,-3.46,183.49
GOVERNMENT,320.93,325.55,368.67,369.23,9,10,11,12,346.1,16.1,368.07
GOVERNMENT,175.52,101.28,103.48,200.13,10,11,12,1,145.1,8.2,174.71
FACTORY,1852.57,1747.06,1766.86,1677.78,7,8,9,10,1761.07,-58.26,1684.96
GOVERNMENT,279.19,289.54,314.43,332.99,8,9,10,11,304.04,17.93,323.42
GOVERNMENT,207.15,228.04,220.96,199.18,10,11,12,1,213.83,-2.66,220.04
RESIDENT,14.32,17.81,13.59,24.56,8,9,10,11,17.57,3.41,13.18
RESIDENT,12.34,8.92,5.59,5.17,6,7,8,9,8.0,-2.39,1.39
RESIDENT,3.94,3.52,4.16,10.5,10,11,12,1,5.53,2.19,11.34
RESIDENT,30.06,26.04,22.91,23.97,4,5,6,7,25.74,-2.03,31.34
ORGANIZATION,117.57,111.57,115.31,113.65,1,2,3,4,114.53,-1.31,100.69
RESIDENT,6.84,7.98,3.58,6.88,10,11,12,1,6.32,0.01,10.14
RESIDENT,26.55,21.08,20.68,20.95,7,8,9,10,22.32,-1.87,21.25
RESIDENT,40.1,34.01,27.66,26.26,5,6,7,8,32.01,-4.61,20.62
RESIDENT,21.23,27.56,26.4,30.92,12,1,2,3,26.53,3.23,26.21
RESIDENT,19.64,19.37,16.52,19.21,11,12,1,2,18.69,-0.14,19.47
RESIDENT,36.55,29.44,37.08,28.54,5,6,7,8,32.9,-2.67,28.66
GOVERNMENT,384.15,436.09,446.13,357.04,3,4,5,6,405.85,-9.04,385.83
RESIDENT,27.22,22.55,19.85,21.95,8,9,10,11,22.89,-1.76,23.97
RESIDENT,22.84,25.44,21.17,20.72,9,10,11,12,22.54,-0.71,43.31
RESIDENT,10.95,21.93,19.26,18.72,1,2,3,4,17.71,2.59,23.26
PUBLIC_SERVICE,142.14,122.69,138.28,127.32,7,8,9,10,132.61,-4.94,113.48
RESIDENT,19.15,25.22,30.42,24.63,3,4,5,6,24.85,1.83,13.56
RESIDENT,12.57,13.56,12.21,13.0,9,10,11,12,12.84,0.14,14.66
ORGANIZATION,94.99,83.37,60.43,62.04,6,7,8,9,75.21,-10.98,55.04
RESIDENT,14.48,18.18,14.53,17.08,9,10,11,12,16.07,0.87,8.3
PUBLIC_SERVICE,60.43,30.4,68.1,68.41,3,4,5,6,56.84,2.66,65.23
RESIDENT,9.95,10.78,13.67,13.7,11,12,1,2,12.02,1.25,19.94
RESIDENT,14.45,18.18,18.09,36.98,12,1,2,3,21.92,7.51,28.52
FACTORY,2080.65,1984.72,1896.37,2069.35,8,9,10,11,2007.77,-3.77,1939.26
ORGANIZATION,59.43,83.13,93.59,67.66,12,1,2,3,75.95,2.74,125.49
FACTORY,664.99,618.12,719.15,701.03,3,4,5,6,675.82,12.01,599.55
ORGANIZATION,182.32,190.42,168.16,184.45,9,10,11,12,181.34,0.71,169.85
RESIDENT,4.71,12.85,12.6,8.59,4,5,6,7,9.69,1.29,10.71
RESIDENT,14.45,14.39,19.65,13.91,10,11,12,1,15.6,-0.18,20.39
ORGANIZATION,48.26,41.1,47.82,26.39,8,9,10,11,40.89,-7.29,41.16
RESIDENT,31.15,33.85,32.99,33.46,9,10,11,12,32.86,0.77,35.77
PUBLIC_SERVICE,113.92,111.17,125.71,140.6,11,12,1,2,122.85,8.89,155.8
RESIDENT,31.38,30.18,27.29,29.48,9,10,11,12,29.58,-0.63,26.04
PUBLIC_SERVICE,51.77,41.38,75.32,66.06,3,4,5,6,58.63,4.76,65.52
RESIDENT,16.9,12.83,15.86,11.68,8,9,10,11,14.32,-1.74,10.28
RESIDENT,36.59,46.58,31.91,28.94,6,7,8,9,36.01,-2.55,28.44
ORGANIZATION,98.5,91.44,132.83,130.09,1,2,3,4,113.22,10.53,117.39
ORGANIZATION,38.78,66.82,50.95,46.67,4,5,6,7,50.81,2.63,48.38
RESIDENT,8.45,10.98,13.93,14.9,10,11,12,1,12.06,2.15,16.22
RESIDENT,18.16,26.5,20.84,25.39,1,2,3,4,22.72,2.41,26.45
RESIDENT,34.08,34.67,29.91,22.1,6,7,8,9,30.19,-3.99,32.05
FACTORY,639.06,574.05,872.88,991.38,12,1,2,3,769.34,117.44,1080.43
RESIDENT,31.44,42.85,39.6,42.22,2,3,4,5,39.03,3.59,52.09
FACTORY,1609.55,1751.81,1619.86,1676.64,5,6,7,8,1664.46,22.36,1465.69
ORGANIZATION,49.79,39.26,72.72,18.48,8,9,10,11,45.06,-10.44,18.78
ORGANIZATION,152.28,152.97,179.74,168.92,11,12,1,2,163.48,5.55,269.7
RESIDENT,31.32,31.63,38.57,37.33,2,3,4,5,34.71,2.0,36.56
RESIDENT,2.66,11.59,13.67,7.14,4,5,6,7,8.77,1.49,4.92
GOVERNMENT,389.93,411.49,608.94,495.85,1,2,3,4,476.55,35.31,533.24
GOVERNMENT,205.88,186.63,185.28,262.23,8,9,10,11,210.0,18.78,159.9
RESIDENT,27.34,26.23,22.09,25.37,8,9,10,11,25.26,-0.66,28.5
RESIDENT,30.54,30.73,34.87,34.8,10,11,12,1,32.73,1.42,36.8
RESIDENT,35.34,34.37,33.67,23.56,4,5,6,7,31.74,-3.93,23.78
RESIDENT,21.17,19.51,21.09,22.51,8,9,10,11,21.07,0.45,17.52
RESIDENT,29.83,30.71,31.25,32.54,3,4,5,6,31.08,0.9,28.04
RESIDENT,19.28,33.78,30.37,27.59,2,3,4,5,27.76,2.77,28.28
GOVERNMENT,419.82,454.72,392.94,466.7,9,10,11,12,433.55,15.63,497.94
RESIDENT,39.28,31.9,31.09,24.24,6,7,8,9,31.63,-5.01,31.38
RESIDENT,6.48,8.05,8.61,6.61,10,11,12,1,7.44,0.04,7.81
ORGANIZATION,166.66,154.39,194.49,196.95,11,12,1,2,178.12,10.1,214.97
GOVERNMENT,353.62,591.42,397.75,337.22,4,5,6,7,420.0,-5.47,351.21
RESIDENT,26.87,23.04,30.28,27.02,11,12,1,2,26.8,0.05,36.08
ORGANIZATION,58.51,46.94,35.1,31.65,8,9,10,11,43.05,-8.95,20.85
RESIDENT,18.28,15.77,16.75,13.39,5,6,7,8,16.05,-1.63,19.6
PUBLIC_SERVICE,89.56,81.0,69.77,60.52,6,7,8,9,75.21,-9.68,69.74
RESIDENT,17.78,13.36,10.67,8.03,6,7,8,9,12.46,-3.25,4.73
FACTORY,329.59,315.49,609.67,589.45,11,12,1,2,461.05,86.62,681.96
PUBLIC_SERVICE,117.14,86.79,81.72,84.1,1,2,3,4,92.44,-11.01,123.55
RESIDENT,27.78,22.71,26.43,26.88,2,3,4,5,25.95,-0.3,27.78
PUBLIC_SERVICE,113.43,116.09,121.81,132.13,1,2,3,4,120.87,6.23,158.99
PUBLIC_SERVICE,55.66,55.44,52.3,49.48,10,11,12,1,53.22,-2.06,80.87
RESIDENT,28.27,30.95,30.22,23.84,3,4,5,6,28.32,-1.48,21.86
RESIDENT,33.44,30.51,29.33,29.36,4,5,6,7,30.66,-1.36,29.95
RESIDENT,23.57,28.69,29.01,26.1,11,12,1,2,26.84,0.84,36.45
GOVERNMENT,285.0,286.86,275.02,416.05,9,10,11,12,315.73,43.68,328.6
RESIDENT,45.65,28.44,35.85,31.27,10,11,12,1,35.3,-4.79,32.3
RESIDENT,36.24,36.25,38.95,38.67,2,3,4,5,37.53,0.81,39.36
RESIDENT,11.0,6.56,0.5,0.5,7,8,9,10,4.64,-3.5,7.64
RESIDENT,4.98,3.76,3.99,9.21,1,2,3,4,5.49,1.41,12.55
ORGANIZATION,156.89,133.86,178.36,113.92,8,9,10,11,145.76,-14.32,142.38
RESIDENT,9.96,11.38,13.58,27.98,10,11,12,1,15.73,6.01,16.2
RESIDENT,19.35,26.33,22.84,27.67,2,3,4,5,24.05,2.77,23.98
RESIDENT,12.83,15.86,11.68,10.28,9,10,11,12,12.66,-0.85,17.07
FACTORY,2088.23,2227.71,2287.28,2319.01,5,6,7,8,2230.56,76.93,2022.04
GOVERNMENT,46.8,54.63,67.52,80.25,10,11,12,1,62.3,11.15,169.89
RESIDENT,9.3,9.96,19.53,16.18,12,1,2,3,13.74,2.29,24.57
RESIDENT,30.35,35.92,38.75,33.97,1,2,3,4,34.75,1.21,38.53
RESIDENT,3.59,0.5,0.5,2.25,8,9,10,11,1.71,-0.45,0.98
RESIDENT,21.08,20.68,20.95,21.25,8,9,10,11,20.99,0.06,17.5
PUBLIC_SERVICE,126.75,112.69,115.05,120.08,3,4,5,6,118.64,-2.22,113.61
FACTORY,795.61,799.15,740.82,573.1,7,8,9,10,727.17,-74.17,638.07
PUBLIC_SERVICE,23.19,57.79,11.13,39.17,11,12,1,2,32.82,5.33,51.32
ORGANIZATION,120.28,80.91,96.9,81.74,2,3,4,5,94.96,-12.85,74.89
RESIDENT,25.02,16.86,25.86,22.19,10,11,12,1,22.48,-0.94,29.14
ORGANIZATION,82.68,92.56,72.45,79.94,9,10,11,12,81.91,-0.91,92.11
RESIDENT,21.63,18.49,21.22,18.94,3,4,5,6,20.07,-0.9,19.09
RESIDENT,9.5,8.89,2.97,8.81,5,6,7,8,7.54,-0.23,4.35
RESIDENT,17.25,9.16,4.05,9.96,7,8,9,10,10.11,-2.43,10.45
RESIDENT,11.01,9.99,9.62,17.49,10,11,12,1,12.03,2.16,13.73
RESIDENT,21.81,15.19,4.77,13.39,6,7,8,9,13.79,-2.81,7.32
PUBLIC_SERVICE,111.37,73.18,77.95,117.14,10,11,12,1,94.91,1.92,86.79
PUBLIC_SERVICE,20.68,15.41,23.19,32.74,10,11,12,1,23.01,4.02,50.23
ORGANIZATION,172.7,184.86,188.97,195.27,6,7,8,9,185.45,7.52,162.43
RESIDENT,28.48,25.98,26.72,25.99,6,7,8,9,26.79,-0.83,20.69
PUBLIC_SERVICE,33.33,37.22,64.89,53.95,10,11,12,1,47.35,6.87,63.86
RESIDENT,19.41,29.2,29.54,27.72,4,5,6,7,26.47,2.77,24.17
FACTORY,1193.36,1139.19,1526.18,1267.56,9,10,11,12,1281.57,24.73,1261.31
RESIDENT,29.65,22.84,25.44,21.17,8,9,10,11,24.77,-2.83,20.72
ORGANIZATION,61.45,60.89,55.92,81.18,12,1,2,3,64.86,6.58,81.31
RESIDENT,5.88,6.65,15.49,10.46,1,2,3,4,9.62,1.53,13.37
GOVERNMENT,227.77,216.76,216.22,246.44,4,5,6,7,226.8,6.22,205.06
RESIDENT,29.38,35.55,34.97,35.26,3,4,5,6,33.79,1.96,36.54
RESIDENT,3.05,2.36,0.5,4.98,10,11,12,1,2.72,0.64,3.76
PUBLIC_SERVICE,68.48,66.6,56.38,38.21,6,7,8,9,57.42,-10.09,47.81
RESIDENT,9.96,5.14,8.04,0.5,7,8,9,10,5.91,-3.15,0.5
GOVERNMENT,94.16,74.91,89.16,22.18,7,8,9,10,70.1,-23.99,49.46
GOVERNMENT,311.3,308.0,266.59,431.6,9,10,11,12,329.37,40.1,308.92
RESIDENT,17.87,17.71,14.68,10.12,6,7,8,9,15.09,-2.58,13.91
GOVERNMENT,222.23,183.45,202.04,216.54,2,3,4,5,206.06,-1.9,258.51
RESIDENT,36.03,38.13,31.49,40.04,4,5,6,7,36.42,1.34,33.38
RESIDENT,35.87,31.78,37.71,33.03,5,6,7,8,34.6,-0.95,30.65
RESIDENT,22.09,19.74,14.84,14.69,6,7,8,9,17.84,-2.47,7.07
RESIDENT,0.5,6.96,4.4,6.12,11,12,1,2,4.5,1.87,13.43
ORGANIZATION,114.2,91.97,121.21,144.62,3,4,5,6,118.0,10.14,144.35
GOVERNMENT,253.52,241.38,232.08,241.03,10,11,12,1,242.0,-4.16,320.75
PUBLIC_SERVICE,110.63,109.37,101.08,87.06,10,11,12,1,102.03,-7.86,119.7
RESIDENT,12.28,3.97,15.78,15.67,11,12,1,2,11.93,1.13,19.09
RESIDENT,9.87,9.3,9.96,19.53,11,12,1,2,12.17,3.22,16.18
GOVERNMENT,255.35,268.76,228.76,235.63,5,6,7,8,247.12,-6.57,280.59
RESIDENT,18.35,13.09,16.29,21.5,2,3,4,5,17.31,1.05,20.62
RESIDENT,8.21,4.81,1.99,0.5,8,9,10,11,3.88,-2.57,6.96
PUBLIC_SERVICE,132.64,144.09,133.42,120.06,7,8,9,10,132.55,-4.19,106.64
ORGANIZATION,104.76,49.74,84.33,24.94,7,8,9,10,65.94,-26.61,41.21
PUBLIC_SERVICE,138.52,137.97,127.06,119.79,8,9,10,11,130.84,-6.24,136.17
RESIDENT,37.1,28.65,28.45,30.37,7,8,9,10,31.14,-2.24,25.66
RESIDENT,9.64,6.83,4.41,0.5,7,8,9,10,5.34,-3.05,0.5
GOVERNMENT,132.72,107.99,193.31,88.61,1,2,3,4,130.66,-14.7,155.04
RESIDENT,30.0,32.03,36.48,40.77,2,3,4,5,34.82,3.59,46.32
RESIDENT,10.6,7.09,0.5,3.17,8,9,10,11,5.34,-2.48,0.5
RESIDENT,25.26,34.9,29.65,31.88,1,2,3,4,30.42,2.21,39.56
RESIDENT,35.58,40.73,33.85,27.41,4,5,6,7,34.39,-2.72,29.04
GOVERNMENT,131.93,175.35,168.13,176.54,11,12,1,2,162.99,14.87,212.93
FACTORY,1893.21,1758.79,2015.65,1843.82,7,8,9,10,1877.87,-16.46,1775.73
RESIDENT,17.57,13.81,3.95,7.73,7,8,9,10,10.77,-3.28,13.79
RESIDENT,10.61,13.46,16.91,16.9,11,12,1,2,14.47,2.1,20.22
RESIDENT,34.72,35.16,31.1,25.53,7,8,9,10,31.63,-3.06,25.21
GOVERNMENT,397.6,300.2,351.94,316.3,5,6,7,8,341.51,-27.1,313.98
RESIDENT,5.69,2.38,6.82,0.59,7,8,9,10,3.87,-1.7,4.92
GOVERNMENT,289.54,314.43,332.99,323.42,9,10,11,12,315.1,11.29,302.98
ORGANIZATION,22.16,20.15,34.27,53.78,10,11,12,1,32.59,10.54,63.56
RESIDENT,14.94,11.63,21.67,20.37,3,4,5,6,17.15,1.81,12.26
RESIDENT,15.94,17.06,17.12,15.91,10,11,12,1,16.51,-0.01,22.0
RESIDENT,8.24,8.45,7.23,9.19,1,2,3,4,8.28,0.32,11.09
RESIDENT,20.18,31.3,34.02,33.31,2,3,4,5,29.7,4.38,29.39
RESIDENT,2.93,4.81,7.82,7.12,11,12,1,2,5.67,1.4,10.92
RESIDENT,29.33,31.58,30.27,42.3,11,12,1,2,33.37,4.32,32.55
RESIDENT,6.06,5.75,5.94,9.82,10,11,12,1,6.89,1.25,3.27
RESIDENT,15.65,21.14,21.76,24.34,2,3,4,5,20.72,2.9,20.02
PUBLIC_SERVICE,19.97,16.86,39.96,51.46,12,1,2,3,32.06,10.5,45.09
ORGANIZATION,77.98,67.31,61.87,55.98,8,9,10,11,65.79,-7.33,60.98
GOVERNMENT,396.58,525.34,350.08,359.46,4,5,6,7,407.87,-12.37,349.15
FACTORY,1888.24,1780.72,1690.27,1808.89,9,10,11,12,1792.03,-26.45,1878.23
RESIDENT,19.98,24.28,28.49,27.12,1,2,3,4,24.97,2.38,27.3
RESIDENT,17.39,8.99,13.16,12.16,4,5,6,7,12.93,-1.74,9.05
FACTORY,1114.52,1110.23,978.88,940.37,5,6,7,8,1036.0,-58.05,808.94
RESIDENT,25.25,24.54,30.63,25.07,1,2,3,4,26.37,-0.06,41.41
RESIDENT,15.21,28.85,20.35,22.83,3,4,5,6,21.81,2.54,22.39
ORGANIZATION,204.84,130.15,143.57,153.71,11,12,1,2,158.07,-17.04,231.42
RESIDENT,27.66,30.52,31.72,33.49,10,11,12,1,30.85,1.94,30.09
FACTORY,984.49,1021.69,953.59,1051.18,8,9,10,11,1002.74,22.23,949.18
GOVERNMENT,443.81,412.24,377.3,424.21,8,9,10,11,414.39,-6.53,429.29
ORGANIZATION,78.29,101.0,122.71,127.69,12,1,2,3,107.42,16.47,124.96
RESIDENT,23.38,18.72,18.11,21.56,8,9,10,11,20.44,-0.61,18.76
PUBLIC_SERVICE,123.26,99.37,92.83,83.76,7,8,9,10,99.8,-13.17,73.03
FACTORY,1970.97,1905.7,1904.07,1912.04,9,10,11,12,1923.19,-19.64,2176.79
ORGANIZATION,156.55,158.34,202.85,174.45,11,12,1,2,173.05,5.97,190.29
RESIDENT,31.7,31.43,27.76,32.09,12,1,2,3,30.75,0.13,26.69
RESIDENT,23.86,21.16,23.06,17.36,10,11,12,1,21.36,-2.17,22.09
RESIDENT,22.42,35.91,28.13,31.02,1,2,3,4,29.37,2.87,28.57
RESIDENT,23.15,34.13,29.02,31.91,2,3,4,5,29.55,2.92,28.23
RESIDENT,14.15,11.61,16.31,13.13,11,12,1,2,13.8,-0.34,18.46
GOVERNMENT,269.26,220.09,177.02,158.38,8,9,10,11,206.19,-36.96,163.6
ORGANIZATION,132.38,175.9,159.56,179.48,12,1,2,3,161.83,15.7,180.99
RESIDENT,15.97,19.97,18.78,20.72,11,12,1,2,18.86,1.58,26.06
RESIDENT,19.23,18.74,16.65,17.31,9,10,11,12,17.98,-0.64,25.3
RESIDENT,20.66,7.86,12.82,14.01,6,7,8,9,13.84,-2.22,6.35
RESIDENT,36.71,42.29,36.46,30.87,4,5,6,7,36.58,-1.95,33.47
RESIDENT,30.31,25.88,25.13,27.2,8,9,10,11,27.13,-1.04,30.08
RESIDENT,44.32,40.15,38.92,46.29,4,5,6,7,42.42,0.66,39.0
FACTORY,921.07,987.35,847.17,901.59,2,3,4,5,914.3,-6.49,799.16
RESIDENT,21.37,16.59,9.08,11.81,5,6,7,8,14.71,-3.19,14.44
ORGANIZATION,199.55,200.22,181.02,196.02,5,6,7,8,194.2,-1.18,183.41
RESIDENT,21.52,20.14,30.79,16.64,5,6,7,8,22.27,-1.63,19.81
RESIDENT,17.29,20.31,27.6,29.07,12,1,2,3,23.57,3.93,34.28
RESIDENT,30.05,25.18,31.71,26.89,3,4,5,6,28.46,-1.05,23.96
RESIDENT,18.91,13.01,20.23,11.38,6,7,8,9,15.88,-2.51,6.35
RESIDENT,4.21,5.46,5.87,4.78,10,11,12,1,5.08,0.19,5.26
RESIDENT,16.92,14.29,12.34,19.45,10,11,12,1,15.75,0.84,22.99
GOVERNMENT,339.53,386.58,383.66,413.02,1,2,3,4,380.7,24.5,388.81
GOVERNMENT,291.85,146.9,124.48,179.08,9,10,11,12,185.58,-37.59,219.93
RESIDENT,0.5,2.73,1.17,0.5,9,10,11,12,1.23,0.0,8.17
RESIDENT,3.56,3.8,0.5,0.5,8,9,10,11,2.09,-1.02,5.46
RESIDENT,18.29,13.71,15.26,13.44,6,7,8,9,15.17,-1.62,14.58
RESIDENT,9.03,2.77,7.83,11.9,10,11,12,1,7.88,0.96,16.57
GOVERNMENT,359.46,349.15,371.66,356.19,7,8,9,10,359.12,-1.09,286.27
RESIDENT,21.98,20.08,24.31,18.43,10,11,12,1,21.2,-1.18,31.04
PUBLIC_SERVICE,84.38,75.03,60.23,59.48,3,4,5,6,69.78,-8.3,52.64
RESIDENT,15.91,22.14,28.37,22.31,2,3,4,5,22.18,2.13,26.84
PUBLIC_SERVICE,83.47,107.27,78.74,112.7,7,8,9,10,95.55,9.74,68.89
RESIDENT,9.42,15.21,5.9,1.44,6,7,8,9,7.99,-2.66,7.23
RESIDENT,27.07,33.74,27.57,26.75,6,7,8,9,28.78,-0.11,23.72
RESIDENT,24.88,33.31,14.92,20.42,9,10,11,12,23.38,-1.49,18.65
GOVERNMENT,268.35,255.07,186.68,183.1,5,6,7,8,223.3,-28.42,156.32
RESIDENT,13.86,15.33,21.94,23.02,2,3,4,5,18.54,3.05,19.9
RESIDENT,11.4,12.69,16.44,22.29,1,2,3,4,15.71,3.63,18.59
RESIDENT,34.77,52.27,19.87,27.14,8,9,10,11,33.51,-2.54,19.56
PUBLIC_SERVICE,128.25,122.2,144.37,149.67,2,3,4,5,136.12,7.14,152.24
FACTORY,1980.15,1836.23,2144.12,2089.5,11,12,1,2,2012.5,36.45,2211.21
FACTORY,1151.96,1348.76,1195.19,1267.33,9,10,11,12,1240.81,38.46,1534.66
FACTORY,583.95,767.18,469.29,639.41,8,9,10,11,614.96,18.49,425.78
ORGANIZATION,113.74,138.78,128.23,124.3,5,6,7,8,126.26,3.52,102.46
RESIDENT,34.33,33.49,37.91,37.7,1,2,3,4,35.86,1.12,40.46
RESIDENT,15.27,16.56,18.08,15.36,4,5,6,7,16.32,0.03,11.79
RESIDENT,13.7,18.02,14.7,9.07,6,7,8,9,13.87,-1.54,9.1
FACTORY,1184.48,1224.33,1572.41,1037.68,7,8,9,10,1254.73,-48.93,1194.54
PUBLIC_SERVICE,85.16,98.75,93.9,84.1,9,10,11,12,90.48,-0.35,106.15
RESIDENT,36.01,18.48,15.73,14.59,8,9,10,11,21.2,-7.14,21.32
RESIDENT,1.48,9.71,15.18,12.66,10,11,12,1,9.76,3.73,12.31
ORGANIZATION,98.35,132.87,100.78,85.46,3,4,5,6,104.36,-4.3,106.17
RESIDENT,24.99,28.97,28.27,25.05,1,2,3,4,26.82,0.02,28.93
RESIDENT,22.17,23.77,23.81,27.36,1,2,3,4,24.28,1.73,31.21
RESIDENT,19.16,20.87,23.82,26.48,2,3,4,5,22.58,2.44,28.79
RESIDENT,18.14,17.89,18.58,15.55,5,6,7,8,17.54,-0.86,14.04
ORGANIZATION,110.64,95.01,66.2,75.65,3,4,5,6,86.88,-11.66,99.07
ORGANIZATION,62.43,76.09,73.13,137.33,11,12,1,2,87.25,24.97,111.79
GOVERNMENT,373.44,301.53,425.71,416.59,10,11,12,1,379.32,14.38,452.94
GOVERNMENT,65.02,111.43,71.02,149.82,6,7,8,9,99.32,28.27,69.7
GOVERNMENT,413.96,342.43,339.01,352.72,9,10,11,12,362.03,-20.41,349.1
RESIDENT,13.89,10.52,13.19,12.88,5,6,7,8,12.62,-0.34,4.17
ORGANIZATION,148.68,168.43,164.54,143.5,8,9,10,11,156.29,-1.73,155.64
RESIDENT,16.25,18.14,26.3,22.41,12,1,2,3,20.77,2.05,21.73
RESIDENT,6.7,17.54,12.09,17.05,11,12,1,2,13.34,3.45,15.19
RESIDENT,10.36,15.14,9.43,10.1,6,7,8,9,11.26,-0.09,6.95
FACTORY,1166.23,1404.34,1077.8,1370.2,8,9,10,11,1254.64,67.99,1231.78
GOVERNMENT,284.18,291.5,269.13,241.5,4,5,6,7,271.58,-14.23,265.29
RESIDENT,7.36,9.16,9.83,9.67,2,3,4,5,9.01,0.77,12.77
RESIDENT,24.07,30.75,29.14,29.33,5,6,7,8,28.32,1.75,21.42
FACTORY,1817.91,1891.52,1605.19,1684.87,5,6,7,8,1749.87,-44.35,1730.96
RESIDENT,5.15,8.02,11.11,13.87,1,2,3,4,9.54,2.91,10.33
RESIDENT,16.85,13.72,12.55,6.2,8,9,10,11,12.33,-3.55,15.48
RESIDENT,9.95,9.36,10.88,0.5,8,9,10,11,7.67,-3.15,2.37
RESIDENT,17.06,22.82,25.13,24.06,4,5,6,7,22.27,2.33,17.65
RESIDENT,9.37,8.57,10.86,10.31,12,1,2,3,9.78,0.31,17.19
RESIDENT,33.06,29.76,33.68,30.91,3,4,5,6,31.85,-0.72,34.63
GOVERNMENT,304.4,374.38,342.8,349.1,1,2,3,4,342.67,14.9,531.99
FACTORY,1409.64,1518.02,1353.97,1531.93,12,1,2,3,1453.39,40.76,1696.25
RESIDENT,11.06,13.63,8.12,7.19,5,6,7,8,10.0,-1.29,0.5
RESIDENT,15.39,15.51,15.78,11.8,8,9,10,11,14.62,-1.2,21.63
GOVERNMENT,363.92,307.25,320.0,290.25,6,7,8,9,320.36,-24.56,278.96
ORGANIZATION,114.38,174.43,158.04,121.36,5,6,7,8,142.05,2.33,105.8
ORGANIZATION,141.91,174.89,185.88,190.2,12,1,2,3,173.22,16.1,219.93
ORGANIZATION,130.92,173.88,132.79,122.2,6,7,8,9,139.95,-2.91,210.27
RESIDENT,32.91,31.28,38.4,35.75,6,7,8,9,34.59,0.95,29.08
RESIDENT,9.88,13.25,14.48,12.5,5,6,7,8,12.53,0.87,6.59
RESIDENT,29.83,24.95,24.03,23.98,8,9,10,11,25.7,-1.95,20.17
RESIDENT,27.01,17.99,16.39,15.42,7,8,9,10,19.2,-3.86,16.23
GOVERNMENT,190.76,211.51,232.62,279.6,1,2,3,4,228.62,29.61,255.16
RESIDENT,1.2,4.88,8.18,11.54,12,1,2,3,6.45,3.45,13.19
GOVERNMENT,195.07,152.04,225.23,236.32,10,11,12,1,202.17,13.75,227.66
RESIDENT,0.5,0.9,13.74,6.17,10,11,12,1,5.33,1.89,10.19
RESIDENT,11.27,9.63,9.4,3.78,7,8,9,10,8.52,-2.5,8.85
RESIDENT,15.79,21.87,28.37,29.62,1,2,3,4,23.91,4.61,30.01
RESIDENT,2.76,4.36,12.61,13.33,12,1,2,3,8.27,3.52,8.09
RESIDENT,11.27,11.72,7.59,2.95,6,7,8,9,8.38,-2.77,6.43
RESIDENT,19.05,23.96,17.09,14.9,6,7,8,9,18.75,-1.38,13.56
RESIDENT,11.69,14.7,5.76,8.6,10,11,12,1,10.19,-1.03,13.17
RESIDENT,28.16,26.79,22.6,22.05,9,10,11,12,24.9,-2.04,35.29
RESIDENT,12.48,13.79,9.68,8.75,4,5,6,7,11.18,-1.24,14.82
FACTORY,1405.07,1379.88,1294.19,1322.06,7,8,9,10,1350.3,-27.67,1302.55
GOVERNMENT,329.83,305.36,309.26,253.12,9,10,11,12,299.39,-25.57,362.65
GOVERNMENT,262.26,325.57,293.83,250.67,5,6,7,8,283.08,-3.86,279.96
GOVERNMENT,564.06,439.21,474.61,435.94,4,5,6,7,478.46,-42.71,642.36
GOVERNMENT,290.13,273.38,222.49,230.97,6,7,8,9,254.24,-19.72,176.22
RESIDENT,25.22,29.65,22.48,29.8,7,8,9,10,26.79,1.53,25.07
ORGANIZATION,81.01,106.72,132.94,102.65,5,6,7,8,105.83,7.21,99.86
ORGANIZATION,20.88,73.02,40.81,63.29,10,11,12,1,49.5,14.14,101.34
RESIDENT,6.41,3.78,0.5,8.68,10,11,12,1,4.84,0.76,5.22
ORGANIZATION,186.37,196.14,160.61,156.65,4,5,6,7,174.94,-9.91,142.25
RESIDENT,6.52,14.55,2.52,7.07,7,8,9,10,7.67,0.18,7.84
RESIDENT,13.28,15.89,11.58,18.13,1,2,3,4,14.72,1.62,17.61
RESIDENT,23.58,32.86,27.09,24.35,5,6,7,8,26.97,0.26,25.16
RESIDENT,44.88,26.3,48.96,33.98,1,2,3,4,38.53,-3.63,35.81
RESIDENT,31.15,27.72,35.52,35.65,12,1,2,3,32.51,1.5,36.2
ORGANIZATION,202.18,193.89,177.5,198.21,4,5,6,7,192.94,-1.32,168.26
RESIDENT,42.28,35.84,33.0,25.42,4,5,6,7,34.14,-5.62,36.53
RESIDENT,6.09,11.7,16.09,19.66,12,1,2,3,13.38,4.52,22.83
ORGANIZATION,88.95,77.04,101.52,127.58,10,11,12,1,98.77,12.88,134.06
PUBLIC_SERVICE,23.19,32.74,50.23,47.62,12,1,2,3,38.45,8.14,47.24
PUBLIC_SERVICE,32.74,50.23,47.62,47.24,1,2,3,4,44.46,4.83,53.63
ORGANIZATION,141.85,90.71,115.84,82.37,8,9,10,11,107.69,-19.83,93.27
PUBLIC_SERVICE,100.99,98.55,132.87,112.24,9,10,11,12,111.16,3.75,119.41
FACTORY,1357.05,1173.24,1444.19,1245.21,3,4,5,6,1304.92,-37.28,1127.61
RESIDENT,25.82,24.9,19.82,24.83,10,11,12,1,23.84,-0.33,23.4
ORGANIZATION,71.95,108.71,48.26,41.1,6,7,8,9,67.5,-10.28,47.82
ORGANIZATION,184.12,169.25,192.1,166.32,8,9,10,11,177.95,-5.93,155.59
RESIDENT,20.21,15.83,12.85,5.11,6,7,8,9,13.5,-5.03,14.42
RESIDENT,33.31,29.39,29.61,25.78,5,6,7,8,29.52,-2.51,23.2
FACTORY,1961.37,1614.13,1687.04,1654.97,12,1,2,3,1729.38,-102.13,1873.17
GOVERNMENT,320.33,337.77,347.98,319.28,6,7,8,9,331.34,-0.35,252.0
RESIDENT,24.17,18.05,14.67,12.6,6,7,8,9,17.37,-3.86,14.93
RESIDENT,29.13,23.29,24.79,21.69,5,6,7,8,24.73,-2.48,16.14
RESIDENT,13.67,19.42,17.45,16.28,4,5,6,7,16.71,0.87,15.25
RESIDENT,13.53,13.85,12.41,11.35,9,10,11,12,12.79,-0.73,13.76
GOVERNMENT,445.43,342.92,448.46,460.63,10,11,12,1,424.36,5.07,463.3
PUBLIC_SERVICE,111.24,137.2,151.18,157.4,12,1,2,3,139.25,15.39,165.61
RESIDENT,31.5,31.76,33.11,27.27,7,8,9,10,30.91,-1.41,25.89
RESIDENT,22.52,29.29,18.01,16.79,5,6,7,8,21.65,-1.91,14.07
ORGANIZATION,242.59,173.22,165.61,150.18,5,6,7,8,182.9,-30.8,208.94
GOVERNMENT,337.94,393.65,359.96,391.48,1,2,3,4,370.76,17.85,298.28
FACTORY,966.87,758.07,713.72,798.01,7,8,9,10,809.17,-56.29,860.19
RESIDENT,5.75,7.56,7.57,12.69,12,1,2,3,8.39,2.31,14.17
RESIDENT,15.81,11.47,10.55,7.77,5,6,7,8,11.4,-2.68,9.08
RESIDENT,15.3,18.17,20.44,27.34,12,1,2,3,20.31,4.01,27.27
RESIDENT,21.42,27.03,24.33,27.03,6,7,8,9,24.95,1.87,17.36
PUBLIC_SERVICE,103.87,104.2,129.2,131.7,9,10,11,12,117.24,9.28,128.16
PUBLIC_SERVICE,132.36,153.75,142.71,145.36,6,7,8,9,143.55,4.33,123.35
RESIDENT,19.04,8.83,8.68,11.56,5,6,7,8,12.03,-2.49,8.98
ORGANIZATION,92.0,94.41,103.53,65.64,8,9,10,11,88.89,-8.79,47.76
RESIDENT,14.63,11.17,28.72,18.29,1,2,3,4,18.2,1.22,15.6
RESIDENT,22.54,22.38,20.29,16.9,6,7,8,9,20.53,-1.88,17.35
PUBLIC_SERVICE,115.76,106.2,111.62,120.0,11,12,1,2,113.4,1.41,137.06
FACTORY,892.86,931.91,848.47,707.8,8,9,10,11,845.26,-61.69,824.99
RESIDENT,7.73,13.79,3.12,5.91,10,11,12,1,7.64,-0.61,11.93
GOVERNMENT,405.41,353.62,591.42,397.75,3,4,5,6,437.05,-2.55,337.22
RESIDENT,28.47,25.11,21.85,23.24,8,9,10,11,24.67,-1.74,27.81
RESIDENT,23.24,19.45,30.0,29.81,4,5,6,7,25.62,2.19,30.07
ORGANIZATION,78.65,40.05,58.81,83.78,9,10,11,12,65.32,1.71,59.78
RESIDENT,26.33,26.42,31.36,31.09,11,12,1,2,28.8,1.59,38.71
RESIDENT,14.26,9.3,11.28,14.6,11,12,1,2,12.36,0.11,20.84
RESIDENT,34.4,25.37,26.36,24.22,5,6,7,8,27.59,-3.39,18.68
RESIDENT,25.64,28.14,32.46,36.01,11,12,1,2,30.56,3.46,37.59
RESIDENT,14.35,14.84,13.72,11.46,3,4,5,6,13.59,-0.96,18.02
RESIDENT,4.9,10.7,17.5,13.35,11,12,1,2,11.61,2.82,16.14
PUBLIC_SERVICE,91.5,81.41,122.61,122.3,12,1,2,3,104.45,10.27,129.7
RESIDENT,22.25,20.14,25.23,28.57,12,1,2,3,24.05,2.11,26.56
ORGANIZATION,132.11,133.4,156.53,156.48,1,2,3,4,144.63,8.12,137.79
RESIDENT,9.7,8.96,14.7,9.47,9,10,11,12,10.71,-0.08,16.52
RESIDENT,42.22,33.97,36.21,31.61,6,7,8,9,36.0,-3.54,29.21
RESIDENT,31.87,22.91,21.58,17.29,6,7,8,9,23.41,-4.86,18.44
RESIDENT,5.48,2.78,9.74,11.53,11,12,1,2,7.38,2.02,11.04
GOVERNMENT,733.27,471.79,489.82,469.48,4,5,6,7,541.09,-87.93,436.79
FACTORY,701.68,707.14,712.31,626.88,9,10,11,12,687.0,-24.93,780.41
RESIDENT,20.44,16.25,17.34,15.21,9,10,11,12,17.31,-1.74,17.44
RESIDENT,15.54,6.77,10.32,10.22,4,5,6,7,10.71,-1.77,5.42
RESIDENT,7.96,9.37,14.01,7.86,7,8,9,10,9.8,-0.03,1.17
PUBLIC_SERVICE,106.66,110.41,80.11,73.05,7,8,9,10,92.56,-11.2,81.65
RESIDENT,18.51,14.61,17.07,11.27,4,5,6,7,15.37,-2.41,9.63
RESIDENT,31.99,25.02,25.03,21.8,7,8,9,10,25.96,-3.4,22.65
RESIDENT,7.98,3.58,6.88,10.14,11,12,1,2,7.15,0.72,12.57
RESIDENT,38.4,45.57,32.38,27.85,7,8,9,10,36.05,-3.52,28.88
RESIDENT,17.32,20.47,21.94,15.81,3,4,5,6,18.89,-0.5,16.06
RESIDENT,32.82,26.62,28.17,24.63,8,9,10,11,28.06,-2.73,27.74
RESIDENT,22.55,21.21,18.95,15.28,6,7,8,9,19.5,-2.42,32.45
RESIDENT,18.18,18.09,36.98,28.52,1,2,3,4,25.44,3.45,26.33
RESIDENT,24.64,30.68,24.75,27.17,1,2,3,4,26.81,0.84,28.87
PUBLIC_SERVICE,8.81,11.59,19.97,16.86,10,11,12,1,14.31,2.68,39.96
RESIDENT,25.68,21.4,26.33,24.05,3,4,5,6,24.36,-0.54,24.97
GOVERNMENT,275.91,261.31,265.49,342.24,4,5,6,7,286.24,22.11,238.68
RESIDENT,24.19,24.34,24.81,31.07,12,1,2,3,26.1,2.29,33.85
RESIDENT,13.16,10.11,7.0,3.72,6,7,8,9,8.5,-3.15,1.63
RESIDENT,19.39,13.2,8.34,12.58,5,6,7,8,13.38,-2.27,9.81
RESIDENT,11.87,13.08,13.06,21.31,1,2,3,4,14.83,3.15,17.97
RESIDENT,15.12,12.55,16.4,17.48,9,10,11,12,15.39,0.79,18.0
ORGANIZATION,140.08,161.01,174.85,188.03,11,12,1,2,165.99,15.98,201.46
RESIDENT,32.39,38.12,40.1,34.01,3,4,5,6,36.15,0.54,27.66
RESIDENT,30.47,22.43,42.84,34.94,7,8,9,10,32.67,1.49,26.29
FACTORY,1408.98,1361.4,1360.98,1317.56,7,8,9,10,1362.23,-30.47,1087.78
RESIDENT,32.66,34.17,36.4,33.44,3,4,5,6,34.17,0.26,34.09
RESIDENT,17.58,17.78,12.24,17.57,7,8,9,10,16.29,-0.0,8.94
GOVERNMENT,551.35,535.85,502.93,507.97,8,9,10,11,524.53,-14.46,521.52
FACTORY,1744.27,2013.92,1930.69,1865.26,12,1,2,3,1888.54,40.33,2154.04
ORGANIZATION,113.89,144.43,125.16,132.33,11,12,1,2,128.95,6.15,184.6
RESIDENT,24.05,32.44,25.61,35.86,11,12,1,2,29.49,3.94,39.55
RESIDENT,5.71,2.87,8.41,10.57,12,1,2,3,6.89,1.62,10.54
RESIDENT,19.68,13.67,19.42,17.45,3,4,5,6,17.55,-0.74,16.28
RESIDENT,35.94,33.07,29.38,32.79,2,3,4,5,32.79,-1.05,31.81
FACTORY,680.67,884.87,914.22,837.45,9,10,11,12,829.3,52.26,863.48
RESIDENT,30.7,32.73,34.4,25.37,3,4,5,6,30.8,-1.78,26.36
RESIDENT,30.02,31.23,27.05,26.88,4,5,6,7,28.79,-1.05,30.35
RESIDENT,22.14,28.68,30.77,29.64,2,3,4,5,27.81,2.5,24.93
RESIDENT,34.69,37.17,27.45,26.76,6,7,8,9,31.52,-2.64,21.53
FACTORY,2071.89,2089.47,1927.84,1714.66,5,6,7,8,1950.96,-119.08,1708.07
PUBLIC_SERVICE,124.61,125.12,118.16,104.79,6,7,8,9,118.17,-6.61,86.53
RESIDENT,8.98,15.02,10.76,30.06,12,1,2,3,16.2,7.03,18.51
RESIDENT,31.59,25.73,28.96,32.79,12,1,2,3,29.77,0.4,34.09
ORGANIZATION,51.49,44.98,43.03,42.27,9,10,11,12,45.44,-3.07,56.19
ORGANIZATION,142.29,133.97,108.49,127.85,2,3,4,5,128.15,-4.81,139.28
FACTORY,1196.83,1315.64,1166.12,1177.26,9,10,11,12,1213.96,-6.52,1327.91
RESIDENT,26.79,22.6,22.05,35.29,10,11,12,1,26.68,2.83,27.45
FACTORY,1846.73,2730.85,1744.23,1655.79,5,6,7,8,1994.4,-63.65,1496.76
RESIDENT,32.92,30.31,33.6,31.45,3,4,5,6,32.07,-0.49,49.19
PUBLIC_SERVICE,104.59,101.57,91.9,93.21,2,3,4,5,97.82,-3.79,98.36
RESIDENT,35.23,36.31,42.21,34.95,4,5,6,7,37.17,-0.09,32.73
RESIDENT,24.86,19.96,18.65,22.95,1,2,3,4,21.61,-0.64,21.27
RESIDENT,28.95,28.53,31.56,26.71,3,4,5,6,28.94,-0.75,23.56
RESIDENT,7.29,6.12,8.19,10.79,1,2,3,4,8.1,1.17,12.37
GOVERNMENT,145.67,116.34,167.12,171.95,1,2,3,4,150.27,8.76,197.4
RESIDENT,18.17,20.44,27.34,27.27,1,2,3,4,23.3,3.03,35.52
GOVERNMENT,344.54,359.19,332.45,331.1,6,7,8,9,341.82,-4.48,381.4
RESIDENT,17.32,12.54,17.11,22.1,5,6,7,8,17.27,1.59,11.35
RESIDENT,8.78,15.41,6.94,8.63,4,5,6,7,9.94,-0.05,7.81
RESIDENT,16.72,16.3,18.24,18.73,4,5,6,7,17.5,0.67,11.58
RESIDENT,17.83,17.42,24.64,24.85,12,1,2,3,21.19,2.34,24.46
RESIDENT,23.29,30.15,22.19,22.88,10,11,12,1,24.63,-0.14,21.21
RESIDENT,26.05,36.04,40.52,36.39,1,2,3,4,34.75,3.45,41.11
RESIDENT,23.66,26.81,34.85,34.59,2,3,4,5,29.98,3.64,31.45
RESIDENT,15.63,22.24,21.09,19.15,12,1,2,3,19.53,1.17,25.22
RESIDENT,16.96,22.3,24.02,24.87,12,1,2,3,22.04,2.64,27.34
RESIDENT,28.9,29.04,29.21,27.3,5,6,7,8,28.61,-0.53,22.02
RESIDENT,33.66,37.55,35.2,32.24,3,4,5,6,34.66,-0.47,28.17
RESIDENT,23.79,18.67,19.26,16.3,9,10,11,12,19.5,-2.5,18.78
RESIDENT,25.82,31.93,17.85,16.95,7,8,9,10,23.14,-2.96,16.0
RESIDENT,18.89,13.58,17.71,12.98,10,11,12,1,15.79,-1.97,17.12
RESIDENT,21.4,26.33,24.05,24.97,4,5,6,7,24.19,1.19,19.81
RESIDENT,16.23,14.06,12.82,5.56,6,7,8,9,12.17,-3.56,7.04
PUBLIC_SERVICE,98.32,117.88,120.76,108.13,3,4,5,6,111.27,3.27,114.49
PUBLIC_SERVICE,141.98,116.21,121.9,146.6,7,8,9,10,131.67,1.54,122.15
FACTORY,2058.48,1868.13,2002.92,1877.36,3,4,5,6,1951.72,-60.37,1965.59
PUBLIC_SERVICE,53.42,60.9,45.67,39.49,4,5,6,7,49.87,-4.64,37.2
FACTORY,1455.25,1702.78,1594.05,1671.21,10,11,12,1,1605.82,71.99,1708.58
RESIDENT,24.2,19.36,18.81,14.01,5,6,7,8,19.1,-3.4,14.53
RESIDENT,10.81,12.34,8.92,5.59,5,6,7,8,9.41,-1.74,5.17
RESIDENT,25.07,31.48,32.23,31.98,1,2,3,4,30.19,2.3,36.0
RESIDENT,22.39,19.62,26.53,18.64,7,8,9,10,21.8,-1.25,16.5
RESIDENT,24.13,21.27,25.82,20.88,8,9,10,11,23.02,-1.08,16.69
RESIDENT,22.74,25.98,31.38,29.78,1,2,3,4,27.47,2.35,29.61
RESIDENT,5.97,10.8,7.7,15.51,2,3,4,5,9.99,3.18,9.22
RESIDENT,31.17,31.93,24.91,40.64,3,4,5,6,32.16,3.16,44.62
ORGANIZATION,122.79,119.85,103.1,105.27,7,8,9,10,112.75,-5.84,81.58
PUBLIC_SERVICE,16.86,39.96,51.46,45.09,1,2,3,4,38.34,9.41,49.36
RESIDENT,44.3,53.35,37.82,38.55,4,5,6,7,43.5,-1.92,37.11
RESIDENT,15.62,10.32,13.11,8.55,5,6,7,8,11.9,-2.36,6.34
GOVERNMENT,80.35,161.97,96.33,150.36,2,3,4,5,122.25,23.34,171.8
RESIDENT,20.49,17.06,22.82,25.13,3,4,5,6,21.38,1.55,24.06
RESIDENT,8.25,10.99,13.99,18.35,11,12,1,2,12.9,3.37,13.09
ORGANIZATION,118.02,132.11,133.4,156.53,12,1,2,3,135.01,12.84,156.48
PUBLIC_SERVICE,18.53,71.06,49.1,66.2,2,3,4,5,51.22,15.89,63.35
ORGANIZATION,118.1,96.78,144.06,141.16,1,2,3,4,125.03,7.69,134.25
RESIDENT,13.93,19.71,24.92,25.24,2,3,4,5,20.95,3.77,15.54
RESIDENT,20.61,26.78,32.31,23.9,10,11,12,1,25.9,1.1,25.0
RESIDENT,13.83,19.12,20.46,19.5,12,1,2,3,18.23,1.89,24.97
PUBLIC_SERVICE,163.32,137.93,167.22,166.89,2,3,4,5,158.84,1.19,159.56
GOVERNMENT,286.72,304.4,374.38,342.8,12,1,2,3,327.07,18.69,349.1
RESIDENT,6.89,13.53,17.87,22.18,11,12,1,2,15.12,5.1,18.92
ORGANIZATION,186.73,182.86,179.37,172.21,9,10,11,12,180.29,-4.84,162.39
RESIDENT,28.41,19.71,32.44,37.74,11,12,1,2,29.58,3.11,41.65
FACTORY,1284.17,1409.36,1139.34,1180.5,5,6,7,8,1253.34,-34.56,1038.36
GOVERNMENT,295.49,284.18,291.5,269.13,3,4,5,6,285.08,-8.79,241.5
ORGANIZATION,178.47,168.79,140.95,127.02,6,7,8,9,153.81,-17.15,127.14
RESIDENT,31.26,25.94,26.44,25.23,4,5,6,7,27.22,-2.01,23.07
RESIDENT,27.33,22.81,23.7,18.88,4,5,6,7,23.18,-2.82,19.1
ORGANIZATION,122.51,113.74,138.78,128.23,4,5,6,7,125.81,1.91,124.3
RESIDENT,35.57,39.86,32.72,27.83,4,5,6,7,34.0,-2.58,33.45
RESIDENT,20.85,22.7,22.72,17.68,9,10,11,12,20.99,-1.06,22.27
RESIDENT,33.03,30.65,36.93,28.38,8,9,10,11,32.25,-1.55,27.16
ORGANIZATION,118.58,120.29,116.38,105.0,7,8,9,10,115.06,-4.53,98.43
RESIDENT,15.51,16.29,15.55,7.96,7,8,9,10,13.83,-2.52,12.5
RESIDENT,4.57,3.96,11.91,11.33,12,1,2,3,7.94,2.25,14.75
ORGANIZATION,202.68,195.95,164.08,186.7,7,8,9,10,187.35,-5.33,164.3
RESIDENT,29.99,39.64,35.51,45.84,2,3,4,5,37.74,5.28,35.34
RESIDENT,14.6,13.89,10.52,13.19,4,5,6,7,13.05,-0.47,12.88
PUBLIC_SERVICE,89.28,65.65,73.38,68.74,4,5,6,7,74.26,-6.85,59.33
RESIDENT,23.4,26.26,24.56,27.84,4,5,6,7,25.52,1.48,24.44
RESIDENT,19.21,20.6,35.75,20.88,3,4,5,6,24.11,0.56,17.12
RESIDENT,15.51,18.01,17.03,28.45,2,3,4,5,19.75,4.31,16.21
RESIDENT,18.28,18.85,24.49,20.66,11,12,1,2,20.57,0.79,26.99
RESIDENT,36.6,23.55,22.51,24.02,9,10,11,12,26.67,-4.19,20.23
RESIDENT,10.99,13.99,18.35,13.09,12,1,2,3,14.11,0.7,16.29
RESIDENT,32.14,25.35,22.37,30.03,9,10,11,12,27.47,-0.7,28.98
RESIDENT,36.18,35.59,35.43,35.88,4,5,6,7,35.77,-0.1,31.59
PUBLIC_SERVICE,118.25,108.6,124.12,118.37,3,4,5,6,117.34,0.04,116.83
RESIDENT,4.47,4.79,5.32,5.71,9,10,11,12,5.07,0.41,2.87
RESIDENT,36.0,38.91,58.45,41.36,3,4,5,6,43.68,1.79,36.48
ORGANIZATION,68.29,49.62,76.84,133.24,10,11,12,1,82.0,21.65,94.87
RESIDENT,28.77,31.01,29.57,28.11,4,5,6,7,29.36,-0.22,22.64
ORGANIZATION,24.69,25.31,38.11,31.59,8,9,10,11,29.93,2.3,28.39
FACTORY,750.2,561.7,855.25,766.99,1,2,3,4,733.54,5.6,861.8
RESIDENT,13.37,13.17,17.25,9.16,5,6,7,8,13.24,-1.4,4.05
RESIDENT,33.0,32.24,33.4,37.37,4,5,6,7,34.0,1.46,32.61
RESIDENT,17.81,13.59,24.56,13.18,9,10,11,12,17.28,-1.54,14.85
RESIDENT,16.58,12.67,12.49,14.7,5,6,7,8,14.11,-0.63,10.03
RESIDENT,31.27,26.02,28.13,28.54,3,4,5,6,28.49,-0.91,26.37
GOVERNMENT,375.09,362.05,369.42,361.89,4,5,6,7,367.11,-4.4,358.18
ORGANIZATION,133.67,123.33,155.35,154.62,12,1,2,3,141.74,6.98,178.43
ORGANIZATION,108.71,48.26,41.1,47.82,7,8,9,10,61.47,-20.3,26.39
RESIDENT,27.8,32.95,41.78,41.17,2,3,4,5,35.92,4.46,44.65
RESIDENT,41.81,43.83,40.99,47.07,4,5,6,7,43.42,1.75,36.11
PUBLIC_SERVICE,162.77,170.96,168.42,173.15,3,4,5,6,168.82,3.46,172.51
FACTORY,1427.9,1416.24,1329.51,1315.6,6,7,8,9,1372.31,-37.43,1314.19
RESIDENT,34.5,32.49,24.88,31.66,5,6,7,8,30.88,-0.95,22.1
RESIDENT,16.83,10.65,14.24,4.48,5,6,7,8,11.55,-4.12,6.59
PUBLIC_SERVICE,69.94,70.53,62.05,38.12,4,5,6,7,60.16,-10.61,37.53
RESIDENT,25.94,26.44,25.23,23.07,5,6,7,8,25.17,-0.96,19.3
ORGANIZATION,193.89,177.5,198.21,168.26,5,6,7,8,184.47,-8.54,166.83
RESIDENT,11.86,15.06,15.97,19.97,9,10,11,12,15.71,2.7,18.78
RESIDENT,13.14,12.66,18.62,23.08,2,3,4,5,16.88,3.31,19.25
RESIDENT,17.01,11.41,16.51,9.73,6,7,8,9,13.67,-2.43,9.19
RESIDENT,15.21,18.24,19.36,17.92,3,4,5,6,17.68,0.9,13.35
RESIDENT,27.89,33.16,28.79,26.6,3,4,5,6,29.11,-0.43,24.25
FACTORY,1189.13,1381.46,1448.71,1418.82,2,3,4,5,1359.53,76.56,1610.41
RESIDENT,2.94,10.44,12.27,13.69,1,2,3,4,9.83,3.58,22.06
RESIDENT,9.17,2.93,2.25,2.5,8,9,10,11,4.21,-2.22,0.5
GOVERNMENT,205.15,183.67,215.51,190.59,7,8,9,10,198.73,-4.85,181.94
RESIDENT,15.0,14.49,17.31,12.54,7,8,9,10,14.83,-0.82,5.91
GOVERNMENT,309.3,313.13,293.66,289.55,8,9,10,11,301.41,-6.58,455.76
PUBLIC_SERVICE,70.29,65.51,63.94,48.19,6,7,8,9,61.98,-7.37,41.9
RESIDENT,7.18,0.5,5.67,1.3,8,9,10,11,3.66,-1.96,9.71
RESIDENT,9.54,8.71,10.37,3.5,1,2,3,4,8.03,-2.01,10.41
GOVERNMENT,183.67,320.95,196.24,279.97,12,1,2,3,245.21,32.1,240.49
GOVERNMENT,608.94,495.85,533.24,545.68,3,4,5,6,545.93,-21.09,547.88
RESIDENT,38.66,27.08,31.23,32.11,12,1,2,3,32.27,-2.18,37.32
RESIDENT,24.67,33.24,29.65,34.38,2,3,4,5,30.48,3.24,37.96
RESIDENT,8.79,5.95,3.29,3.08,7,8,9,10,5.28,-1.9,4.54
RESIDENT,14.89,18.47,24.81,23.2,2,3,4,5,20.34,2.77,21.37
RESIDENT,6.69,0.5,4.34,6.3,9,10,11,12,4.46,-0.13,0.54
RESIDENT,20.34,17.99,14.46,19.51,4,5,6,7,18.07,-0.28,11.01
RESIDENT,30.45,33.93,35.88,52.04,9,10,11,12,38.07,7.2,35.48
ORGANIZATION,145.34,108.95,143.15,153.49,8,9,10,11,137.73,2.72,126.95
RESIDENT,3.91,11.61,11.56,19.45,12,1,2,3,11.63,5.18,16.17
RESIDENT,0.5,3.18,7.3,4.32,11,12,1,2,3.83,1.27,10.83
RESIDENT,26.69,32.24,28.73,25.67,5,6,7,8,28.33,-0.34,23.61
RESIDENT,10.89,10.98,9.91,12.39,2,3,4,5,11.04,0.5,9.6
RESIDENT,14.76,16.61,23.19,20.25,3,4,5,6,18.7,1.83,9.99
RESIDENT,29.35,28.12,30.36,45.33,11,12,1,2,33.29,5.33,35.91
FACTORY,609.08,725.5,737.93,935.14,2,3,4,5,751.91,108.69,1006.44
FACTORY,1542.52,1643.4,1480.57,1474.2,1,2,3,4,1535.17,-22.77,1746.5
RESIDENT,24.5,38.55,33.78,31.98,12,1,2,3,32.2,2.49,34.77
RESIDENT,38.36,36.85,37.36,36.71,5,6,7,8,37.32,-0.55,35.98
ORGANIZATION,115.84,82.37,93.27,119.06,10,11,12,1,102.64,1.07,114.84
RESIDENT,9.24,3.94,3.52,4.16,9,10,11,12,5.21,-1.69,10.5
PUBLIC_SERVICE,131.64,148.86,127.55,130.35,4,5,6,7,134.6,-0.43,107.21
RESIDENT,18.97,25.71,22.15,31.29,2,3,4,5,24.53,4.11,27.09
RESIDENT,17.26,12.78,6.02,5.07,9,10,11,12,10.28,-4.06,19.01
RESIDENT,17.54,12.09,17.05,15.19,12,1,2,3,15.47,-0.78,25.21
RESIDENT,20.71,27.61,29.1,22.47,2,3,4,5,24.97,0.59,22.57
ORGANIZATION,75.65,99.07,122.73,80.9,6,7,8,9,94.59,1.75,68.55
RESIDENT,34.77,34.37,31.39,30.13,3,4,5,6,32.66,-1.55,24.35
RESIDENT,13.55,13.41,12.48,12.27,3,4,5,6,12.93,-0.43,6.48
RESIDENT,38.47,32.88,35.79,27.28,5,6,7,8,33.6,-3.73,29.25
RESIDENT,33.0,21.97,24.31,29.87,2,3,4,5,27.29,-1.04,24.75
RESIDENT,30.74,19.46,22.24,18.27,5,6,7,8,22.68,-4.16,17.15
GOVERNMENT,261.91,205.1,211.45,118.84,4,5,6,7,199.33,-47.69,140.98
RESIDENT,39.28,37.8,40.89,36.17,5,6,7,8,38.53,-1.04,41.66
RESIDENT,28.1,30.23,30.99,28.18,6,7,8,9,29.38,0.03,26.86
RESIDENT,30.99,33.6,36.14,37.83,1,2,3,4,34.64,2.28,37.83
GOVERNMENT,301.87,311.3,308.0,266.59,8,9,10,11,296.94,-11.76,431.6
RESIDENT,29.57,28.11,22.64,22.12,6,7,8,9,25.61,-2.48,16.51
RESIDENT,26.42,31.36,31.09,38.71,12,1,2,3,31.9,4.1,37.65
ORGANIZATION,98.14,112.16,84.77,106.73,1,2,3,4,100.45,2.86,127.67
RESIDENT,28.75,25.65,29.14,30.44,10,11,12,1,28.49,0.56,34.38
RESIDENT,18.97,29.24,24.2,16.52,3,4,5,6,22.23,-0.82,24.0
PUBLIC_SERVICE,75.24,53.44,65.86,65.43,5,6,7,8,64.99,-3.27,34.25
RESIDENT,0.5,2.91,2.41,0.5,9,10,11,12,1.58,0.0,3.74
ORGANIZATION,172.58,196.28,184.56,178.59,9,10,11,12,183.0,2.0,192.01
RESIDENT,0.5,2.7,3.57,10.74,1,2,3,4,4.38,3.41,18.4
RESIDENT,6.99,6.98,10.21,4.44,9,10,11,12,7.16,-0.85,8.28
ORGANIZATION,167.94,129.12,171.3,154.26,8,9,10,11,155.66,-4.56,162.61
ORGANIZATION,172.39,174.07,161.14,174.33,9,10,11,12,170.48,0.65,197.86
RESIDENT,22.11,32.31,28.95,30.77,12,1,2,3,28.54,2.89,41.22
ORGANIZATION,183.29,198.0,172.94,158.41,3,4,5,6,178.16,-8.29,174.05
RESIDENT,13.19,12.88,4.17,7.69,7,8,9,10,9.48,-1.83,3.85
RESIDENT,7.14,4.16,14.31,13.2,11,12,1,2,9.7,2.02,15.52
RESIDENT,19.21,17.99,9.3,14.04,8,9,10,11,15.13,-1.72,19.02
ORGANIZATION,79.75,58.51,46.94,35.1,7,8,9,10,55.07,-14.88,31.65
RESIDENT,5.56,2.55,0.5,4.96,8,9,10,11,3.39,-0.2,1.26
FACTORY,789.54,915.79,704.23,469.73,6,7,8,9,719.82,-106.6,546.0
PUBLIC_SERVICE,56.17,78.29,52.89,54.87,5,6,7,8,60.56,-0.43,32.83
PUBLIC_SERVICE,82.6,77.17,94.63,72.72,3,4,5,6,81.78,-3.29,93.58
RESIDENT,30.12,32.38,27.81,34.27,4,5,6,7,31.15,1.38,21.43
PUBLIC_SERVICE,43.69,60.43,30.4,68.1,2,3,4,5,50.66,8.14,68.41
RESIDENT,15.49,7.49,6.28,7.3,8,9,10,11,9.14,-2.73,7.03
RESIDENT,13.71,15.26,13.44,14.58,7,8,9,10,14.25,0.29,15.1
RESIDENT,3.99,8.88,12.79,8.1,1,2,3,4,8.44,1.37,14.56
PUBLIC_SERVICE,58.04,31.5,50.33,67.96,11,12,1,2,51.96,3.31,97.41
RESIDENT,3.31,9.91,7.84,11.23,1,2,3,4,8.07,2.64,12.08
ORGANIZATION,72.11,59.43,83.13,93.59,11,12,1,2,77.06,7.16,67.66
FACTORY,1776.8,1791.94,2993.2,1949.36,2,3,4,5,2127.82,57.52,3007.46
PUBLIC_SERVICE,101.9,94.85,77.34,94.32,10,11,12,1,92.1,-2.53,102.93
FACTORY,1625.35,1600.89,1779.85,1931.09,11,12,1,2,1734.3,101.91,2091.35
FACTORY,1822.58,1653.75,1630.3,1461.09,5,6,7,8,1641.93,-120.5,1391.15
RESIDENT,18.36,27.98,24.08,28.62,1,2,3,4,24.76,3.42,29.69
PUBLIC_SERVICE,34.63,53.6,47.02,47.05,2,3,4,5,45.58,4.14,42.65
RESIDENT,4.8,7.03,1.2,4.88,10,11,12,1,4.48,0.03,8.18
RESIDENT,24.34,24.81,31.07,33.85,1,2,3,4,28.52,3.17,28.84
FACTORY,1200.46,1108.41,930.61,1113.25,8,9,10,11,1088.18,-29.07,1003.6
ORGANIZATION,123.38,131.09,110.25,109.51,5,6,7,8,118.56,-4.62,98.33
RESIDENT,6.0,2.91,0.74,9.54,10,11,12,1,4.8,1.18,8.71
RESIDENT,36.54,49.6,27.14,35.91,8,9,10,11,37.3,-0.21,30.23
RESIDENT,37.71,41.46,35.77,34.3,5,6,7,8,37.31,-1.14,31.84
RESIDENT,28.88,31.27,32.86,35.41,11,12,1,2,32.1,2.18,39.6
GOVERNMENT,166.17,175.21,212.32,137.99,10,11,12,1,172.92,-9.39,259.62
PUBLIC_SERVICE,51.77,58.4,63.9,54.64,4,5,6,7,57.18,0.96,49.76
ORGANIZATION,113.45,138.46,102.23,139.01,4,5,6,7,123.29,8.52,112.93
GOVERNMENT,214.31,217.0,219.88,199.18,7,8,9,10,212.59,-5.04,207.55
RESIDENT,17.35,13.51,22.7,23.34,12,1,2,3,19.23,2.0,29.16
FACTORY,582.17,739.94,771.58,959.54,1,2,3,4,763.31,125.79,663.23
RESIDENT,15.32,29.98,19.84,18.7,11,12,1,2,20.96,1.13,32.89
RESIDENT,31.02,31.16,28.67,31.69,1,2,3,4,30.63,0.22,32.21
RESIDENT,12.78,6.02,5.07,19.01,10,11,12,1,10.72,2.08,13.2
RESIDENT,11.35,18.61,11.57,23.48,12,1,2,3,16.25,4.04,20.79
RESIDENT,8.62,14.22,10.8,12.22,10,11,12,1,11.46,1.2,12.26
RESIDENT,7.37,19.98,23.21,21.63,1,2,3,4,18.05,4.75,20.82
GOVERNMENT,328.88,381.58,388.0,394.82,1,2,3,4,373.32,21.98,401.65
RESIDENT,13.97,14.74,14.16,17.67,2,3,4,5,15.14,1.23,13.41
RESIDENT,27.48,23.16,17.2,16.16,7,8,9,10,21.0,-3.77,19.13
ORGANIZATION,108.51,83.46,72.8,58.37,6,7,8,9,80.78,-16.71,46.75
GOVERNMENT,385.94,564.06,439.21,474.61,3,4,5,6,465.96,29.56,435.94
FACTORY,1477.53,1430.95,1586.03,1312.02,4,5,6,7,1451.63,-55.17,1281.14
ORGANIZATION,76.17,68.1,109.52,83.62,1,2,3,4,84.35,2.48,112.77
RESIDENT,13.72,13.43,13.78,12.02,6,7,8,9,13.24,-0.57,7.35
RESIDENT,5.75,14.16,4.25,7.1,8,9,10,11,7.81,0.45,8.25
RESIDENT,13.98,15.17,12.33,11.66,9,10,11,12,13.29,-0.77,5.26
GOVERNMENT,346.09,248.07,324.17,237.7,5,6,7,8,289.01,-36.13,280.8
RESIDENT,13.2,8.34,12.58,9.81,6,7,8,9,10.98,-1.13,3.96
PUBLIC_SERVICE,24.33,43.67,43.69,35.82,8,9,10,11,36.88,3.83,26.34
GOVERNMENT,287.86,300.37,281.66,422.61,8,9,10,11,323.12,44.92,246.78
ORGANIZATION,119.14,104.97,105.24,113.34,5,6,7,8,110.67,-1.93,96.97
GOVERNMENT,439.21,474.61,435.94,642.36,5,6,7,8,498.03,67.72,351.42
ORGANIZATION,53.15,67.0,52.78,44.76,9,10,11,12,54.42,-2.8,68.97
RESIDENT,5.55,8.3,13.41,11.64,11,12,1,2,9.73,2.03,18.27
RESIDENT,21.26,17.54,12.75,16.77,8,9,10,11,17.08,-1.5,17.49
RESIDENT,33.25,36.34,47.8,38.29,4,5,6,7,38.92,1.68,23.33
FACTORY,731.31,872.3,438.29,393.87,7,8,9,10,608.94,-112.48,468.99
RESIDENT,12.95,12.69,10.6,12.64,10,11,12,1,12.22,-0.1,9.26
PUBLIC_SERVICE,48.19,41.9,40.52,52.86,9,10,11,12,45.87,1.56,54.74
RESIDENT,18.21,17.6,8.71,15.96,5,6,7,8,15.12,-0.75,12.23
RESIDENT,33.95,29.44,27.35,30.73,4,5,6,7,30.37,-1.07,26.05
FACTORY,1542.31,1405.97,1454.31,1601.71,10,11,12,1,1501.08,19.8,1592.28
GOVERNMENT,382.22,380.29,360.35,353.58,5,6,7,8,369.11,-9.55,345.51
PUBLIC_SERVICE,58.68,52.69,50.81,64.55,7,8,9,10,56.68,1.96,20.46
FACTORY,836.53,554.57,591.14,571.75,8,9,10,11,638.5,-88.26,605.79
GOVERNMENT,98.77,128.66,165.17,79.73,9,10,11,12,118.08,-6.35,111.7
FACTORY,1834.8,1893.21,1758.79,2015.65,6,7,8,9,1875.61,60.28,1843.82
RESIDENT,11.56,9.43,13.29,15.37,11,12,1,2,12.41,1.27,20.89
RESIDENT,20.08,24.31,18.43,31.04,11,12,1,2,23.46,3.65,31.62
FACTORY,1933.55,2129.23,2051.02,2052.14,3,4,5,6,2041.48,39.53,2043.93
FACTORY,481.77,525.92,564.6,391.47,10,11,12,1,490.94,-30.1,726.88
RESIDENT,9.98,13.22,9.86,12.99,10,11,12,1,11.51,1.0,18.24
RESIDENT,36.96,49.05,30.82,30.15,6,7,8,9,36.74,-2.27,38.33
RESIDENT,17.1,21.82,29.11,26.43,2,3,4,5,23.62,3.11,24.36
GOVERNMENT,368.32,356.05,344.06,332.16,4,5,6,7,350.15,-12.05,290.97
RESIDENT,9.54,15.39,15.46,16.67,1,2,3,4,14.27,2.38,20.65
RESIDENT,2.86,0.5,0.5,7.63,10,11,12,1,2.87,1.59,4.62
RESIDENT,19.02,16.67,13.7,13.91,7,8,9,10,15.82,-1.7,10.94
GOVERNMENT,377.94,400.15,448.05,432.1,2,3,4,5,414.56,18.05,442.62
RESIDENT,30.25,26.77,24.05,19.77,7,8,9,10,25.21,-3.49,20.38
RESIDENT,46.58,31.91,28.94,28.44,7,8,9,10,33.97,-6.05,24.55
RESIDENT,19.3,25.13,18.9,20.19,3,4,5,6,20.88,0.3,19.08
RESIDENT,32.23,31.98,36.0,39.4,3,4,5,6,34.9,2.39,35.19
GOVERNMENT,679.37,529.71,530.76,508.87,4,5,6,7,562.18,-56.83,531.77
RESIDENT,2.53,3.44,15.6,11.05,10,11,12,1,8.16,2.84,10.7
RESIDENT,32.09,22.33,14.77,15.98,7,8,9,10,21.29,-5.37,12.18
RESIDENT,8.3,13.41,11.64,18.27,12,1,2,3,12.91,3.32,17.88
PUBLIC_SERVICE,20.81,30.12,40.94,94.53,10,11,12,1,46.6,24.57,60.93
ORGANIZATION,144.54,83.24,79.23,97.28,5,6,7,8,101.07,-15.75,47.58
RESIDENT,22.82,25.13,24.06,17.65,5,6,7,8,22.41,-1.72,15.62
RESIDENT,11.5,11.94,5.27,8.78,10,11,12,1,9.37,-0.91,13.73
PUBLIC_SERVICE,45.49,44.85,48.03,37.0,6,7,8,9,43.84,-2.83,15.09
RESIDENT,16.1,24.22,17.94,24.6,10,11,12,1,20.72,2.83,27.61
RESIDENT,3.04,1.35,2.19,9.18,9,10,11,12,3.94,2.05,2.21
GOVERNMENT,363.56,433.22,361.75,339.97,4,5,6,7,374.62,-7.86,333.52
RESIDENT,3.96,4.11,2.14,12.37,11,12,1,2,5.64,2.8,13.09
RESIDENT,25.52,23.66,26.81,34.85,1,2,3,4,27.71,3.11,34.59
FACTORY,448.0,519.41,853.53,809.56,2,3,4,5,657.62,120.52,984.08
RESIDENT,35.62,41.68,43.11,35.69,3,4,5,6,39.02,0.02,35.53
RESIDENT,17.78,12.24,17.57,8.94,8,9,10,11,14.13,-2.95,11.66
PUBLIC_SERVICE,98.82,99.3,77.75,97.38,8,9,10,11,93.31,-0.48,73.22
RESIDENT,11.72,17.09,19.33,20.37,2,3,4,5,17.13,2.88,23.45
RESIDENT,25.73,24.32,24.22,30.92,1,2,3,4,26.3,1.73,31.74
PUBLIC_SERVICE,32.5,23.1,32.39,42.41,11,12,1,2,32.6,3.3,43.03
GOVERNMENT,463.5,419.39,500.57,471.98,2,3,4,5,463.86,2.83,483.18
RESIDENT,12.41,12.62,8.56,11.12,8,9,10,11,11.18,-0.43,12.58
RESIDENT,32.09,20.43,13.85,18.54,7,8,9,10,21.23,-4.52,15.52
RESIDENT,27.48,29.65,27.83,31.52,10,11,12,1,29.12,1.35,28.07
GOVERNMENT,130.25,143.98,148.03,205.08,11,12,1,2,156.84,24.94,198.94
RESIDENT,7.4,7.6,13.74,10.31,10,11,12,1,9.76,0.97,11.98
RESIDENT,25.61,24.7,24.71,20.93,4,5,6,7,23.99,-1.56,20.67
RESIDENT,19.29,19.46,13.6,16.28,4,5,6,7,17.16,-1.0,9.54
PUBLIC_SERVICE,124.07,95.01,88.0,120.28,1,2,3,4,106.84,-1.26,117.76
RESIDENT,29.18,35.75,40.42,40.33,1,2,3,4,36.42,3.72,40.79
GOVERNMENT,342.66,335.92,381.75,388.79,2,3,4,5,362.28,15.38,411.1
RESIDENT,29.87,36.57,30.23,28.77,4,5,6,7,31.36,-0.37,24.15
RESIDENT,18.32,26.38,24.79,32.98,3,4,5,6,25.62,4.89,23.09
RESIDENT,0.5,2.12,0.5,8.5,10,11,12,1,2.91,2.67,7.23
GOVERNMENT,351.28,348.48,361.18,349.75,6,7,8,9,352.67,-0.51,337.76
GOVERNMENT,519.67,515.71,525.03,541.47,4,5,6,7,525.47,7.27,427.89
GOVERNMENT,418.79,443.22,381.26,541.65,7,8,9,10,446.23,40.95,492.61
RESIDENT,34.99,28.73,26.73,32.03,9,10,11,12,30.62,-0.99,30.95
ORGANIZATION,204.61,172.95,184.78,172.02,6,7,8,9,183.59,-10.86,155.01
RESIDENT,33.14,27.75,32.91,25.3,6,7,8,9,29.77,-2.61,24.46
RESIDENT,29.89,25.31,41.92,28.96,8,9,10,11,31.52,-0.31,21.75
RESIDENT,19.81,13.35,22.91,17.55,4,5,6,7,18.4,-0.75,6.94
RESIDENT,29.65,35.84,30.98,28.78,4,5,6,7,31.31,-0.29,30.49
RESIDENT,20.14,25.23,28.57,26.56,1,2,3,4,25.12,2.14,28.63
RESIDENT,14.26,17.25,17.88,26.52,1,2,3,4,18.98,4.09,19.91
RESIDENT,18.78,23.1,22.1,26.13,12,1,2,3,22.53,2.45,27.8
RESIDENT,27.45,24.69,25.6,24.44,9,10,11,12,25.55,-1.0,27.92
RESIDENT,15.91,19.37,18.0,15.53,5,6,7,8,17.2,-0.13,9.61
RESIDENT,27.09,24.35,25.16,23.06,7,8,9,10,24.91,-1.34,24.22
RESIDENT,26.91,32.83,33.73,38.42,12,1,2,3,32.97,3.84,34.46
RESIDENT,20.88,18.75,15.7,13.78,8,9,10,11,17.28,-2.37,13.58
RESIDENT,21.78,18.22,18.99,24.79,7,8,9,10,20.95,1.0,11.7
RESIDENT,13.77,12.86,26.31,18.01,1,2,3,4,17.74,1.41,17.31
RESIDENT,24.65,22.5,22.53,21.94,5,6,7,8,22.91,-0.9,17.08
RESIDENT,11.46,5.15,7.55,14.29,8,9,10,11,9.61,0.94,4.09
RESIDENT,17.95,16.66,22.14,24.65,11,12,1,2,20.35,2.23,25.37
RESIDENT,9.56,11.81,19.17,17.83,2,3,4,5,14.59,2.76,16.04
RESIDENT,11.2,9.95,9.49,17.86,2,3,4,5,12.12,2.22,17.92
GOVERNMENT,517.87,471.81,532.79,526.67,3,4,5,6,512.28,2.93,477.74
RESIDENT,9.02,14.98,8.43,12.51,10,11,12,1,11.23,1.16,10.77
RESIDENT,35.23,31.93,26.59,32.33,8,9,10,11,31.52,-0.97,24.45
FACTORY,1446.19,1487.59,1579.75,1509.84,3,4,5,6,1505.84,21.22,1582.76
PUBLIC_SERVICE,96.98,90.17,91.62,97.48,1,2,3,4,94.06,0.17,98.84
ORGANIZATION,175.45,168.07,181.2,168.92,2,3,4,5,173.41,-2.18,174.67
RESIDENT,24.66,18.33,14.66,13.11,6,7,8,9,17.69,-3.85,9.82
RESIDENT,24.95,33.84,27.74,32.25,1,2,3,4,29.7,2.43,37.74
RESIDENT,32.16,35.01,38.47,32.88,3,4,5,6,34.63,0.24,35.79
RESIDENT,17.36,19.46,15.03,13.83,5,6,7,8,16.42,-1.18,14.82
RESIDENT,26.09,27.1,25.82,24.9,8,9,10,11,25.98,-0.4,19.82
ORGANIZATION,187.17,195.07,181.95,159.93,7,8,9,10,181.03,-9.08,162.85
GOVERNMENT,415.56,520.28,437.58,428.34,12,1,2,3,450.44,4.26,491.92
RESIDENT,19.55,17.1,21.82,29.11,1,2,3,4,21.9,3.19,26.43
RESIDENT,32.37,35.12,29.12,34.07,11,12,1,2,32.67,0.57,43.19
FACTORY,846.28,820.36,742.45,921.72,10,11,12,1,832.7,25.15,976.73
RESIDENT,26.88,30.35,25.85,13.99,7,8,9,10,24.27,-4.3,23.59
PUBLIC_SERVICE,52.99,48.97,77.58,83.94,2,3,4,5,65.87,10.32,90.91
RESIDENT,10.01,16.1,11.52,7.5,3,4,5,6,11.28,-0.84,9.07
RESIDENT,10.65,2.71,11.87,16.7,10,11,12,1,10.48,2.02,16.45
RESIDENT,21.43,19.27,14.99,16.8,5,6,7,8,18.12,-1.54,12.43
RESIDENT,10.42,14.17,12.38,4.29,7,8,9,10,10.31,-2.04,0.98
GOVERNMENT,342.8,349.1,531.99,359.1,3,4,5,6,395.75,5.43,262.62
RESIDENT,6.3,8.85,12.22,22.41,1,2,3,4,12.45,5.37,15.35
RESIDENT,22.3,22.38,10.35,11.97,7,8,9,10,16.75,-3.44,13.11
ORGANIZATION,165.4,289.26,204.61,172.95,4,5,6,7,208.06,2.52,184.78
RESIDENT,42.55,36.28,38.48,37.32,5,6,7,8,38.66,-1.74,33.84
GOVERNMENT,462.53,462.37,494.6,478.65,2,3,4,5,474.54,5.37,466.81
RESIDENT,13.85,13.96,8.72,12.47,10,11,12,1,12.25,-0.46,18.61
RESIDENT,27.9,32.86,28.2,36.03,11,12,1,2,31.25,2.71,39.85
RESIDENT,29.01,24.95,26.0,26.1,2,3,4,5,26.52,-0.97,24.91
GOVERNMENT,119.53,81.48,65.77,152.5,11,12,1,2,104.82,10.99,238.93
RESIDENT,16.75,13.39,19.6,8.99,7,8,9,10,14.68,-2.59,5.87
ORGANIZATION,106.45,155.08,117.25,149.75,2,3,4,5,132.13,14.43,144.6
RESIDENT,32.41,31.84,30.51,31.81,9,10,11,12,31.64,-0.2,37.47
RESIDENT,37.86,43.69,37.02,37.32,4,5,6,7,38.97,-0.18,35.3
FACTORY,1702.78,1594.05,1671.21,1708.58,11,12,1,2,1669.15,1.93,1682.18
FACTORY,1601.26,1486.18,1630.86,1362.8,11,12,1,2,1520.28,-79.49,1641.4
RESIDENT,20.07,16.19,16.96,22.3,10,11,12,1,18.88,0.74,24.02
RESIDENT,6.69,3.9,6.12,3.91,1,2,3,4,5.16,-0.93,11.29
RESIDENT,9.11,21.84,18.2,17.95,12,1,2,3,16.77,2.95,21.4
RESIDENT,34.42,38.04,33.71,32.56,4,5,6,7,34.68,-0.62,31.45
RESIDENT,21.45,24.44,28.64,35.62,12,1,2,3,27.54,4.72,30.9
RESIDENT,28.42,22.74,25.12,25.33,8,9,10,11,25.4,-1.03,25.69
RESIDENT,13.4,10.96,12.09,10.86,4,5,6,7,11.83,-0.85,8.71
PUBLIC_SERVICE,32.04,63.47,36.14,45.49,3,4,5,6,44.28,4.48,44.85
RESIDENT,21.2,31.04,20.27,17.16,8,9,10,11,22.42,-1.35,24.83
PUBLIC_SERVICE,29.17,48.72,21.58,14.48,6,7,8,9,28.49,-4.9,19.88
RESIDENT,11.16,8.93,10.2,13.6,1,2,3,4,10.97,0.81,16.1
GOVERNMENT,778.59,482.72,484.02,420.0,12,1,2,3,541.33,-119.53,506.95
RESIDENT,16.7,19.16,22.19,26.53,2,3,4,5,21.14,3.28,27.89
RESIDENT,18.25,16.89,22.09,19.74,4,5,6,7,19.24,0.5,14.84
RESIDENT,3.12,0.5,0.5,3.12,9,10,11,12,1.81,0.0,3.5
GOVERNMENT,369.23,368.07,370.39,467.27,12,1,2,3,393.74,32.68,451.38
RESIDENT,23.96,21.81,28.97,25.32,10,11,12,1,25.02,0.45,27.78
GOVERNMENT,319.03,453.66,344.82,338.32,3,4,5,6,363.96,6.43,358.51
PUBLIC_SERVICE,77.34,94.32,102.93,130.42,12,1,2,3,101.25,17.69,121.89
RESIDENT,6.18,6.99,9.97,14.4,2,3,4,5,9.38,2.74,13.91
ORGANIZATION,183.38,166.51,190.94,214.6,1,2,3,4,188.86,10.41,208.74
RESIDENT,23.99,26.86,23.79,25.71,11,12,1,2,25.09,0.57,33.97
RESIDENT,22.84,27.67,23.98,25.85,4,5,6,7,25.09,1.0,21.09
GOVERNMENT,214.25,174.88,98.38,85.72,7,8,9,10,143.31,-42.84,52.82
RESIDENT,9.92,8.96,13.09,6.8,7,8,9,10,9.69,-1.04,0.5
RESIDENT,15.68,12.49,12.9,12.69,6,7,8,9,13.44,-1.0,0.5
PUBLIC_SERVICE,139.91,141.63,147.02,158.62,3,4,5,6,146.79,6.24,143.08
RESIDENT,26.95,23.48,14.95,20.79,7,8,9,10,21.54,-2.05,13.33
GOVERNMENT,536.54,329.83,305.36,309.26,8,9,10,11,370.25,-75.76,253.12
ORGANIZATION,194.84,174.62,191.12,153.23,7,8,9,10,178.45,-13.87,151.27
RESIDENT,26.14,27.14,21.69,16.74,6,7,8,9,22.93,-3.13,8.28
PUBLIC_SERVICE,93.98,71.8,65.29,64.28,7,8,9,10,73.84,-9.9,78.29
RESIDENT,21.51,22.92,30.67,30.34,2,3,4,5,26.36,2.94,30.54
RESIDENT,16.62,12.04,8.09,7.77,8,9,10,11,11.13,-2.95,10.02
RESIDENT,2.13,4.48,10.06,10.02,1,2,3,4,6.67,2.63,6.57
RESIDENT,7.54,11.21,11.31,12.83,4,5,6,7,10.72,1.76,10.97
RESIDENT,2.99,6.15,10.84,11.18,11,12,1,2,7.79,2.73,20.09
ORGANIZATION,139.33,143.89,144.17,131.82,1,2,3,4,139.8,-2.5,148.03
GOVERNMENT,308.12,368.32,356.05,344.06,3,4,5,6,344.14,11.98,332.16
GOVERNMENT,205.04,184.78,255.04,279.1,2,3,4,5,230.99,24.69,220.94
GOVERNMENT,237.37,238.31,274.89,273.67,4,5,6,7,256.06,12.1,217.16
RESIDENT,36.56,31.39,31.14,35.18,4,5,6,7,33.57,-0.46,30.13
RESIDENT,24.64,25.61,24.7,24.71,3,4,5,6,24.91,0.02,20.93
RESIDENT,22.05,26.37,30.51,28.12,12,1,2,3,26.76,2.02,27.21
ORGANIZATION,61.21,42.99,65.38,51.92,10,11,12,1,55.38,-3.1,85.11
ORGANIZATION,93.6,92.51,100.43,81.01,2,3,4,5,91.89,-4.2,106.72
RESIDENT,9.4,8.35,3.03,9.92,9,10,11,12,7.68,0.17,15.89
RESIDENT,26.82,26.47,18.04,20.88,5,6,7,8,23.05,-1.98,18.75
FACTORY,1745.63,1481.88,1460.3,1461.36,8,9,10,11,1537.29,-94.76,1355.61
RESIDENT,21.27,25.82,20.88,16.69,9,10,11,12,21.16,-1.53,23.75
RESIDENT,25.27,24.15,21.55,18.43,7,8,9,10,22.35,-2.28,20.24
RESIDENT,29.75,27.36,26.54,17.89,6,7,8,9,25.39,-3.95,17.44
RESIDENT,10.43,10.78,17.78,19.62,2,3,4,5,14.65,3.06,15.31
PUBLIC_SERVICE,129.2,131.7,128.16,136.26,11,12,1,2,131.33,2.35,142.18
FACTORY,901.59,799.16,733.16,631.08,5,6,7,8,766.25,-90.17,855.14
RESIDENT,28.9,29.1,29.49,26.63,4,5,6,7,28.53,-0.76,25.44
RESIDENT,17.99,16.39,15.42,16.23,8,9,10,11,16.51,-0.59,15.04
RESIDENT,3.32,10.47,8.38,4.71,1,2,3,4,6.72,0.46,12.85
RESIDENT,20.35,27.44,33.63,36.35,2,3,4,5,29.44,5.33,28.85
RESIDENT,24.71,34.77,34.37,31.39,2,3,4,5,31.31,2.23,30.13
RESIDENT,18.99,12.74,10.61,13.46,9,10,11,12,13.95,-1.84,16.91
PUBLIC_SERVICE,65.4,69.49,82.2,119.27,11,12,1,2,84.09,17.96,106.95
RESIDENT,35.05,36.55,31.4,34.01,10,11,12,1,34.25,-0.35,41.71
RESIDENT,33.23,20.34,19.1,22.35,10,11,12,1,23.75,-3.63,22.45
RESIDENT,15.77,16.75,13.39,19.6,6,7,8,9,16.38,1.28,8.99
RESIDENT,21.61,26.76,33.2,38.35,12,1,2,3,29.98,5.58,39.72
RESIDENT,8.09,15.72,15.29,10.31,11,12,1,2,12.35,0.74,22.19
RESIDENT,26.63,28.06,33.64,33.41,11,12,1,2,30.43,2.26,34.73
ORGANIZATION,119.75,32.79,30.92,47.86,7,8,9,10,57.83,-23.96,40.42
PUBLIC_SERVICE,39.17,51.32,40.88,60.78,2,3,4,5,48.04,7.2,60.66
RESIDENT,6.22,13.14,12.66,18.62,1,2,3,4,12.66,4.13,23.08
RESIDENT,24.84,22.32,32.03,38.32,11,12,1,2,29.38,4.49,36.06
RESIDENT,36.98,28.52,26.33,23.19,3,4,5,6,28.75,-4.6,19.21
RESIDENT,14.22,16.36,11.3,9.73,5,6,7,8,12.9,-1.5,3.65
RESIDENT,4.82,5.88,6.65,15.49,12,1,2,3,8.21,3.56,10.46
PUBLIC_SERVICE,99.61,100.59,152.66,100.15,11,12,1,2,113.25,0.18,134.81
GOVERNMENT,155.78,113.12,98.71,120.29,9,10,11,12,121.97,-11.83,183.48
PUBLIC_SERVICE,54.8,24.89,63.45,70.35,3,4,5,6,53.37,5.18,38.95
RESIDENT,33.98,35.81,32.99,32.99,4,5,6,7,33.94,-0.33,24.69
RESIDENT,8.73,2.92,8.94,12.76,12,1,2,3,8.34,1.34,11.39
RESIDENT,32.37,24.25,20.86,21.97,6,7,8,9,24.86,-3.47,17.74
GOVERNMENT,567.42,678.01,479.62,419.82,6,7,8,9,536.22,-49.2,454.72
RESIDENT,18.84,25.67,24.76,30.23,10,11,12,1,24.88,3.8,24.27
ORGANIZATION,136.83,122.79,119.85,103.1,6,7,8,9,120.64,-11.24,105.27
RESIDENT,24.6,24.31,31.66,20.72,6,7,8,9,25.32,-1.29,21.32
RESIDENT,17.35,6.11,9.93,9.58,12,1,2,3,10.74,-2.59,16.5
RESIDENT,25.17,15.49,6.52,7.17,6,7,8,9,13.59,-6.0,2.67
RESIDENT,25.44,21.17,20.72,43.31,10,11,12,1,27.66,5.96,24.87
RESIDENT,15.87,17.12,18.06,13.45,5,6,7,8,16.12,-0.81,4.19
RESIDENT,8.9,9.13,0.5,2.73,7,8,9,10,5.32,-2.06,1.17
RESIDENT,30.25,28.56,26.29,26.04,8,9,10,11,27.78,-1.4,19.35
GOVERNMENT,448.4,500.78,612.27,532.18,2,3,4,5,523.41,27.93,573.84
ORGANIZATION,78.97,100.59,123.64,125.88,12,1,2,3,107.27,15.64,163.0
RESIDENT,24.99,28.13,21.96,18.63,7,8,9,10,23.43,-2.12,21.69
PUBLIC_SERVICE,121.0,104.06,103.77,92.51,6,7,8,9,105.33,-9.5,93.57
RESIDENT,12.52,22.17,15.22,20.11,10,11,12,1,17.5,2.53,21.56
RESIDENT,13.06,5.82,16.59,8.94,2,3,4,5,11.1,-1.37,10.84
RESIDENT,14.01,6.35,5.42,4.15,9,10,11,12,7.48,-3.29,6.8
RESIDENT,19.94,22.45,22.79,22.3,4,5,6,7,21.87,0.79,22.38
ORGANIZATION,130.07,152.27,174.08,149.79,10,11,12,1,151.55,6.57,154.15
RESIDENT,18.6,21.26,25.16,34.12,11,12,1,2,24.78,5.17,34.43
RESIDENT,15.39,18.86,15.05,16.82,3,4,5,6,16.53,0.48,18.43
ORGANIZATION,106.62,116.7,105.39,103.04,5,6,7,8,107.94,-1.19,58.67
RESIDENT,28.26,22.49,28.97,35.0,1,2,3,4,28.68,2.25,34.37
PUBLIC_SERVICE,62.62,85.41,94.55,36.09,3,4,5,6,69.67,-8.84,54.42
ORGANIZATION,50.81,30.23,56.33,69.28,11,12,1,2,51.66,6.16,100.17
ORGANIZATION,158.95,233.86,167.46,260.29,4,5,6,7,205.14,33.78,186.57
RESIDENT,0.5,2.12,6.49,0.5,9,10,11,12,2.4,0.0,8.23
RESIDENT,25.43,29.8,27.56,28.27,11,12,1,2,27.77,0.95,26.95
ORGANIZATION,25.31,38.11,31.59,28.39,9,10,11,12,30.85,1.03,75.34
GOVERNMENT,378.32,355.01,322.66,278.15,6,7,8,9,333.53,-33.39,285.14
RESIDENT,19.38,18.64,24.45,26.23,1,2,3,4,22.18,2.28,26.89
ORGANIZATION,100.59,123.64,125.88,163.0,1,2,3,4,128.28,20.8,165.43
RESIDENT,13.41,15.61,16.2,19.75,11,12,1,2,16.24,2.11,17.47
PUBLIC_SERVICE,99.82,95.28,84.16,73.65,6,7,8,9,88.23,-8.72,71.6
RESIDENT,18.46,18.73,12.26,14.04,9,10,11,12,15.87,-1.47,22.69
RESIDENT,21.64,21.07,12.81,13.85,7,8,9,10,17.34,-2.6,13.96
RESIDENT,18.07,16.47,13.18,17.31,9,10,11,12,16.26,-0.25,13.2
RESIDENT,28.24,23.69,18.86,21.43,9,10,11,12,23.05,-2.27,26.76
RESIDENT,46.56,26.88,35.61,27.41,3,4,5,6,34.12,-6.38,33.56
RESIDENT,21.87,28.37,29.62,30.01,2,3,4,5,27.47,2.71,26.22
RESIDENT,7.28,2.94,10.44,12.27,12,1,2,3,8.23,1.66,13.69
ORGANIZATION,125.88,139.33,143.89,144.17,12,1,2,3,138.32,6.1,131.82
RESIDENT,37.01,42.8,36.36,33.53,4,5,6,7,37.42,-1.16,23.71
RESIDENT,15.24,13.57,16.98,15.35,5,6,7,8,15.29,0.04,5.22
RESIDENT,15.93,18.55,25.77,19.44,10,11,12,1,19.92,1.17,30.11
FACTORY,1640.43,1452.81,1483.22,1243.13,5,6,7,8,1454.9,-132.43,1349.05
RESIDENT,15.23,14.86,9.94,8.27,5,6,7,8,12.07,-2.32,4.67
RESIDENT,18.1,12.88,21.77,7.96,6,7,8,9,15.18,-3.38,6.48
RESIDENT,10.16,16.47,23.65,20.01,2,3,4,5,17.57,3.28,20.07
RESIDENT,37.14,35.32,35.45,43.71,3,4,5,6,37.91,2.19,37.46
RESIDENT,18.04,20.88,18.75,15.7,7,8,9,10,18.34,-0.78,13.78
ORGANIZATION,155.19,130.68,150.8,158.81,9,10,11,12,148.87,1.21,149.09
RESIDENT,25.14,25.75,31.55,23.89,4,5,6,7,26.58,-0.42,26.53
GOVERNMENT,225.83,269.26,220.09,177.02,7,8,9,10,223.05,-16.27,158.38
RESIDENT,20.57,21.71,20.53,18.06,10,11,12,1,20.22,-0.84,24.33
RESIDENT,17.96,20.33,23.09,24.08,11,12,1,2,21.36,2.04,23.93
RESIDENT,24.94,34.63,30.51,24.59,4,5,6,7,28.67,-0.12,27.29
PUBLIC_SERVICE,64.46,79.67,76.24,96.7,12,1,2,3,79.27,10.75,102.28
GOVERNMENT,340.75,369.09,309.54,320.33,3,4,5,6,334.93,-6.81,337.77
GOVERNMENT,209.67,176.96,190.02,288.15,9,10,11,12,216.2,26.16,273.11
RESIDENT,9.49,11.32,7.79,14.15,9,10,11,12,10.69,1.55,11.32
RESIDENT,25.6,23.04,22.69,21.45,9,10,11,12,23.2,-1.38,24.44
RESIDENT,33.23,37.79,41.91,33.11,3,4,5,6,36.51,-0.04,29.83
ORGANIZATION,171.67,182.61,170.7,213.42,8,9,10,11,184.6,13.92,165.58
FACTORY,978.88,940.37,808.94,954.11,7,8,9,10,920.58,-8.26,778.73
ORGANIZATION,67.31,61.87,55.98,60.98,9,10,11,12,61.53,-2.11,68.59
RESIDENT,26.29,15.1,15.06,21.48,8,9,10,11,19.48,-1.6,19.0
FACTORY,1518.65,1775.12,1635.12,1425.33,10,11,12,1,1588.55,-31.11,1581.41
GOVERNMENT,298.42,309.15,354.98,363.58,12,1,2,3,331.53,21.72,362.7
RESIDENT,18.69,18.06,26.71,25.72,4,5,6,7,22.3,2.34,21.47
FACTORY,877.23,480.94,636.56,302.94,7,8,9,10,574.42,-191.43,394.26
RESIDENT,4.11,2.14,12.37,13.09,12,1,2,3,7.93,2.99,10.21
RESIDENT,30.69,33.1,29.52,26.27,3,4,5,6,29.89,-1.47,25.33
ORGANIZATION,126.58,153.48,116.46,156.03,3,4,5,6,138.14,9.82,137.44
RESIDENT,18.67,22.68,25.9,23.6,2,3,4,5,22.71,1.64,28.39
PUBLIC_SERVICE,93.71,103.19,124.97,121.45,2,3,4,5,110.83,9.25,87.88
RESIDENT,32.66,27.92,21.48,20.7,7,8,9,10,25.69,-3.99,27.87
FACTORY,1846.84,1900.58,1861.44,1888.24,6,7,8,9,1874.28,13.8,1780.72
ORGANIZATION,212.06,206.79,201.71,148.4,6,7,8,9,192.24,-21.22,140.72
RESIDENT,28.52,31.16,35.88,35.88,12,1,2,3,32.86,2.45,35.8
RESIDENT,47.07,36.11,31.23,29.63,7,8,9,10,36.01,-5.81,29.0
RESIDENT,11.61,16.31,13.13,18.46,12,1,2,3,14.88,2.28,18.54
RESIDENT,23.56,20.62,26.56,24.78,9,10,11,12,23.88,0.41,28.1
RESIDENT,19.59,28.29,25.35,27.96,2,3,4,5,25.3,2.79,30.35
RESIDENT,15.73,14.59,21.32,18.7,10,11,12,1,17.59,0.99,21.81
RESIDENT,13.29,12.93,22.69,26.72,12,1,2,3,18.91,4.48,23.14
RESIDENT,14.14,14.73,16.81,14.9,6,7,8,9,15.14,0.25,10.02
GOVERNMENT,464.01,411.96,454.89,457.59,5,6,7,8,447.11,-2.14,351.11
RESIDENT,29.84,30.57,26.91,28.36,9,10,11,12,28.92,-0.49,37.33
RESIDENT,31.49,37.51,33.62,33.53,4,5,6,7,34.04,0.68,36.75
FACTORY,1558.11,1725.37,1765.63,1886.88,1,2,3,4,1734.0,109.59,2004.58
GOVERNMENT,299.77,266.11,278.86,283.62,3,4,5,6,282.09,-5.38,352.75
FACTORY,1589.99,1553.05,1891.59,1776.8,11,12,1,2,1702.86,62.27,1791.94
RESIDENT,11.64,19.07,22.06,24.11,11,12,1,2,19.22,4.16,22.91
RESIDENT,4.38,5.65,7.31,6.03,11,12,1,2,5.84,0.55,8.19
ORGANIZATION,117.73,142.62,120.11,101.49,8,9,10,11,120.49,-5.41,118.0
ORGANIZATION,194.11,170.13,143.41,121.9,8,9,10,11,157.39,-24.07,134.68
GOVERNMENT,457.59,351.11,365.79,368.79,8,9,10,11,385.82,-29.6,430.46
GOVERNMENT,211.45,118.84,140.98,174.32,6,7,8,9,161.4,-12.38,122.31
RESIDENT,3.84,9.03,11.9,12.94,12,1,2,3,9.43,3.03,11.91
ORGANIZATION,101.73,139.15,122.4,122.05,4,5,6,7,121.33,6.77,92.61
RESIDENT,17.54,16.43,16.04,23.28,11,12,1,2,18.32,1.91,25.98
GOVERNMENT,275.1,187.95,163.99,219.96,10,11,12,1,211.75,-18.38,298.57
ORGANIZATION,106.05,124.09,121.62,107.49,6,7,8,9,114.81,0.48,67.3
ORGANIZATION,199.18,189.97,212.06,206.79,4,5,6,7,202.0,2.54,201.71
RESIDENT,25.9,19.82,16.77,13.56,6,7,8,9,19.01,-4.11,13.97
RESIDENT,24.37,29.41,23.82,29.57,5,6,7,8,26.79,1.73,23.34
RESIDENT,12.48,10.43,10.78,17.78,1,2,3,4,12.87,1.77,19.62
RESIDENT,5.15,7.55,14.29,4.09,9,10,11,12,7.77,-0.35,11.1
RESIDENT,23.97,27.64,30.95,28.35,9,10,11,12,27.73,1.46,29.55
RESIDENT,16.2,19.28,21.51,24.25,1,2,3,4,20.31,2.68,27.89
RESIDENT,35.09,39.31,39.73,33.39,4,5,6,7,36.88,-0.57,34.34
RESIDENT,5.76,5.55,12.06,13.19,11,12,1,2,9.14,2.48,8.86
ORGANIZATION,67.18,59.6,75.67,117.42,12,1,2,3,79.97,16.75,110.82
FACTORY,2878.27,1962.49,2160.2,2088.23,2,3,4,5,2272.3,-263.35,2227.71
RESIDENT,1.48,1.42,4.79,10.9,10,11,12,1,4.65,3.14,11.4
RESIDENT,30.85,35.94,33.07,29.38,1,2,3,4,32.31,-0.49,32.79
RESIDENT,9.14,10.04,11.8,16.71,2,3,4,5,11.92,2.52,14.39
RESIDENT,30.55,28.37,26.2,22.34,5,6,7,8,26.87,-2.74,19.35
FACTORY,1435.07,1214.51,1118.77,1070.49,6,7,8,9,1209.71,-121.53,1456.81
GOVERNMENT,81.16,75.96,27.44,68.18,9,10,11,12,63.19,-4.33,74.64
RESIDENT,24.03,28.78,24.97,24.64,10,11,12,1,25.61,0.2,25.26
PUBLIC_SERVICE,87.21,80.56,111.72,103.89,2,3,4,5,95.84,5.56,104.37
ORGANIZATION,53.16,69.67,76.03,89.82,12,1,2,3,72.17,12.22,99.43
ORGANIZATION,117.66,121.45,111.79,103.04,6,7,8,9,113.49,-4.87,103.11
RESIDENT,29.15,24.21,20.55,22.52,4,5,6,7,24.11,-2.21,22.58
RESIDENT,28.93,26.01,30.58,28.78,10,11,12,1,28.57,-0.05,34.46
ORGANIZATION,140.73,96.79,104.97,135.41,1,2,3,4,119.47,-1.77,142.69
RESIDENT,4.74,7.82,14.17,20.13,11,12,1,2,11.71,5.13,15.02
RESIDENT,1.04,8.61,6.25,11.22,3,4,5,6,6.78,3.39,7.82
ORGANIZATION,85.36,110.3,103.82,96.17,5,6,7,8,98.91,3.6,83.69
RESIDENT,23.9,17.33,20.86,26.2,10,11,12,1,22.07,0.77,20.59
RESIDENT,24.98,20.61,26.78,32.31,9,10,11,12,26.17,2.44,23.9
RESIDENT,4.71,3.05,9.17,13.08,11,12,1,2,7.5,2.79,10.52
RESIDENT,27.13,23.13,20.83,29.03,9,10,11,12,25.03,0.63,27.53
RESIDENT,16.21,24.67,39.76,29.91,1,2,3,4,27.64,4.57,28.71
RESIDENT,29.89,34.91,26.16,31.66,4,5,6,7,30.65,0.59,18.73
RESIDENT,13.58,27.98,16.2,29.19,12,1,2,3,21.74,5.2,25.33
RESIDENT,30.68,31.74,34.1,29.83,7,8,9,10,31.59,-0.28,33.64
PUBLIC_SERVICE,99.49,89.56,81.0,69.77,5,6,7,8,84.95,-9.91,60.52
RESIDENT,12.37,13.64,8.24,12.22,9,10,11,12,11.62,-0.05,14.83
RESIDENT,31.7,26.86,32.4,31.49,1,2,3,4,30.61,-0.07,37.51
RESIDENT,15.34,6.74,11.28,6.73,9,10,11,12,10.02,-2.87,9.36
GOVERNMENT,417.16,395.98,351.79,306.51,6,7,8,9,367.86,-36.88,267.51
FACTORY,853.5,907.32,899.82,942.29,7,8,9,10,900.73,29.6,744.06
RESIDENT,36.5,36.6,31.61,32.71,6,7,8,9,34.35,-1.26,27.94
RESIDENT,9.51,6.99,6.89,13.53,9,10,11,12,9.23,1.34,17.87
RESIDENT,9.72,13.46,3.27,3.59,5,6,7,8,7.51,-2.04,0.5
RESIDENT,18.72,21.71,22.54,23.39,3,4,5,6,21.59,1.56,18.74
GOVERNMENT,124.48,179.08,219.93,193.4,11,12,1,2,179.22,22.97,238.06
GOVERNMENT,362.83,350.24,380.71,403.0,10,11,12,1,374.19,13.39,369.98
PUBLIC_SERVICE,57.05,46.83,51.82,61.89,4,5,6,7,54.4,1.61,52.55
RESIDENT,31.13,22.52,27.85,29.73,10,11,12,1,27.81,-0.47,32.97
RESIDENT,10.84,5.48,2.78,9.74,10,11,12,1,7.21,-0.37,11.53
PUBLIC_SERVICE,57.79,11.13,39.17,51.32,12,1,2,3,39.85,-2.16,40.88
GOVERNMENT,220.81,228.88,286.85,255.35,2,3,4,5,247.97,11.51,268.76
GOVERNMENT,422.22,437.2,536.84,552.72,1,2,3,4,487.25,43.5,555.65
RESIDENT,33.7,33.97,33.83,31.04,3,4,5,6,33.13,-0.89,31.56
GOVERNMENT,388.09,439.67,404.6,439.59,12,1,2,3,417.99,17.17,482.19
RESIDENT,40.15,29.1,25.19,25.83,11,12,1,2,30.07,-4.77,34.54
RESIDENT,13.39,22.7,21.01,23.02,3,4,5,6,20.03,3.21,12.95
RESIDENT,25.97,23.91,19.0,17.39,8,9,10,11,21.57,-2.86,17.44
ORGANIZATION,28.38,40.71,38.36,51.38,11,12,1,2,39.71,7.67,66.3
RESIDENT,17.99,9.3,14.04,19.02,9,10,11,12,15.09,0.34,14.71
RESIDENT,36.41,31.2,37.35,28.97,5,6,7,8,33.48,-2.48,28.59
RESIDENT,22.34,31.02,28.14,32.09,2,3,4,5,28.4,3.25,34.19
RESIDENT,15.68,19.36,15.4,17.62,9,10,11,12,17.02,0.65,17.23
RESIDENT,21.39,16.97,19.72,20.03,1,2,3,4,19.53,-0.45,22.3
RESIDENT,15.49,12.41,12.62,8.56,7,8,9,10,12.27,-2.31,11.12
RESIDENT,19.96,21.92,17.97,21.35,3,4,5,6,20.3,0.46,26.51
ORGANIZATION,86.8,92.14,106.28,95.17,11,12,1,2,95.1,2.79,129.83
PUBLIC_SERVICE,139.83,141.98,116.21,121.9,6,7,8,9,129.98,-5.98,146.6
RESIDENT,16.48,26.91,25.13,31.05,1,2,3,4,24.89,4.86,27.86
RESIDENT,29.57,23.34,25.78,20.4,8,9,10,11,24.77,-3.06,22.65
ORGANIZATION,161.49,160.96,162.03,144.84,9,10,11,12,157.33,-5.55,189.26
PUBLIC_SERVICE,47.76,45.94,18.88,3.53,8,9,10,11,29.03,-14.74,26.78
ORGANIZATION,155.18,167.94,129.12,171.3,7,8,9,10,155.88,5.37,154.26
RESIDENT,17.31,14.2,15.87,16.58,8,9,10,11,15.99,-0.24,11.41
PUBLIC_SERVICE,95.31,89.44,95.4,73.37,6,7,8,9,88.38,-7.31,80.39
RESIDENT,17.97,19.03,24.13,26.95,1,2,3,4,22.02,2.99,25.93
RESIDENT,36.24,39.28,37.8,40.89,4,5,6,7,38.55,1.55,36.17
RESIDENT,24.22,17.94,24.6,27.61,11,12,1,2,23.59,1.13,24.61
RESIDENT,16.17,16.32,17.54,20.71,11,12,1,2,17.69,1.51,27.61
RESIDENT,8.42,13.25,2.03,7.86,9,10,11,12,7.89,-0.19,2.07
ORGANIZATION,179.07,158.22,199.51,177.38,7,8,9,10,178.54,-0.56,161.94
RESIDENT,14.28,10.95,11.8,16.95,4,5,6,7,13.5,0.89,7.95
RESIDENT,7.69,2.19,6.98,7.52,10,11,12,1,6.09,-0.06,12.3
RESIDENT,8.91,16.6,18.73,22.71,1,2,3,4,16.74,4.6,15.81
RESIDENT,3.89,9.5,6.04,10.7,2,3,4,5,7.53,2.27,7.92
RESIDENT,13.17,17.25,9.16,4.05,6,7,8,9,10.91,-3.04,9.96
RESIDENT,33.79,30.68,31.74,34.1,6,7,8,9,32.58,0.1,29.83
GOVERNMENT,425.14,481.38,484.93,536.95,2,3,4,5,482.1,37.27,486.32
PUBLIC_SERVICE,131.72,111.57,98.0,137.73,10,11,12,1,119.75,2.0,143.27
FACTORY,896.24,923.94,654.11,750.07,7,8,9,10,806.09,-48.72,705.7
RESIDENT,28.68,30.77,29.64,24.93,3,4,5,6,28.51,-1.25,22.06
ORGANIZATION,102.27,125.72,155.24,191.09,1,2,3,4,143.58,29.61,148.89
FACTORY,888.76,1000.75,1160.96,1263.51,11,12,1,2,1078.5,124.92,1240.12
RESIDENT,13.06,10.63,7.66,16.78,11,12,1,2,12.03,1.24,17.44
FACTORY,1393.6,1327.94,1472.28,1316.07,8,9,10,11,1377.47,-25.84,1181.95
RESIDENT,22.08,20.67,13.28,19.31,8,9,10,11,18.84,-0.92,12.88
RESIDENT,34.94,31.55,37.13,30.32,4,5,6,7,33.48,-1.54,25.04
PUBLIC_SERVICE,44.25,68.01,73.35,88.27,11,12,1,2,68.47,14.67,118.53
RESIDENT,36.79,38.45,33.01,34.47,6,7,8,9,35.68,-0.77,30.83
PUBLIC_SERVICE,58.78,66.35,39.0,51.57,7,8,9,10,53.92,-2.4,23.89
PUBLIC_SERVICE,71.99,75.45,50.58,58.04,8,9,10,11,64.02,-4.65,31.5
PUBLIC_SERVICE,79.04,66.45,84.19,74.36,7,8,9,10,76.01,-1.56,76.0
ORGANIZATION,117.9,141.13,122.2,152.08,2,3,4,5,133.33,11.39,122.15
ORGANIZATION,58.79,61.13,74.51,104.65,2,3,4,5,74.77,15.29,84.79
GOVERNMENT,274.89,273.67,217.16,136.5,6,7,8,9,225.55,-46.13,182.18
ORGANIZATION,151.04,156.63,163.99,164.42,4,5,6,7,159.02,4.46,138.85
RESIDENT,11.44,13.55,10.72,11.6,4,5,6,7,11.83,0.05,7.11
RESIDENT,37.85,33.53,30.25,28.56,6,7,8,9,32.55,-3.1,26.29
FACTORY,1608.36,1732.62,1719.23,1815.76,2,3,4,5,1718.99,69.13,1990.73
RESIDENT,28.12,30.36,45.33,35.91,12,1,2,3,34.93,2.6,35.81
ORGANIZATION,95.01,66.2,75.65,99.07,4,5,6,7,83.98,1.35,122.73
ORGANIZATION,131.27,145.91,126.58,153.48,1,2,3,4,139.31,7.4,116.46
PUBLIC_SERVICE,156.52,146.41,166.36,176.22,2,3,4,5,161.38,6.57,161.53
RESIDENT,25.98,27.7,29.79,29.3,11,12,1,2,28.19,1.11,35.96
ORGANIZATION,197.21,155.19,130.68,150.8,8,9,10,11,158.47,-15.47,158.81
RESIDENT,8.53,13.28,15.89,11.58,12,1,2,3,12.32,1.02,18.13
PUBLIC_SERVICE,80.0,118.25,108.6,124.12,2,3,4,5,107.74,14.71,118.37
RESIDENT,17.07,11.27,9.63,9.4,6,7,8,9,11.84,-2.56,3.78
ORGANIZATION,95.42,109.96,117.33,111.01,4,5,6,7,108.43,5.2,85.0
RESIDENT,11.22,7.82,5.17,0.93,6,7,8,9,6.29,-3.43,4.7
RESIDENT,9.99,9.62,17.49,13.73,11,12,1,2,12.71,1.25,21.93
GOVERNMENT,520.25,452.89,476.35,446.39,6,7,8,9,473.97,-24.62,431.44
ORGANIZATION,159.48,124.58,103.82,130.39,2,3,4,5,129.57,-9.7,94.84
RESIDENT,30.58,32.47,29.74,33.58,8,9,10,11,31.59,1.0,28.98
RESIDENT,17.48,6.88,4.86,8.16,8,9,10,11,9.34,-3.11,5.74
GOVERNMENT,368.67,369.23,368.07,370.39,11,12,1,2,369.09,0.57,467.27
ORGANIZATION,193.26,294.95,184.85,195.88,9,10,11,12,217.23,0.87,165.41
FACTORY,1209.84,1441.1,905.83,935.2,8,9,10,11,1122.99,-91.55,1015.53
PUBLIC_SERVICE,68.06,88.18,81.59,49.69,5,6,7,8,71.88,-6.12,46.83
RESIDENT,20.59,19.27,12.48,13.29,6,7,8,9,16.41,-2.43,9.33
FACTORY,1142.07,1082.27,1029.9,1014.25,4,5,6,7,1067.12,-42.61,795.54
PUBLIC_SERVICE,53.44,65.86,65.43,34.25,6,7,8,9,54.75,-6.4,36.47
ORGANIZATION,202.87,187.79,207.32,169.62,4,5,6,7,191.9,-11.08,195.97
RESIDENT,3.24,6.84,5.97,10.8,12,1,2,3,6.71,2.52,7.7
GOVERNMENT,530.76,508.87,531.77,499.97,6,7,8,9,517.84,-10.26,523.77
GOVERNMENT,241.56,287.02,303.15,337.94,10,11,12,1,292.42,32.13,393.65
RESIDENT,13.09,23.77,18.03,15.82,3,4,5,6,17.68,0.91,22.18
RESIDENT,32.07,23.61,23.22,23.84,6,7,8,9,25.69,-2.74,30.37
RESIDENT,21.59,33.23,20.34,19.1,9,10,11,12,23.56,-0.83,22.35
GOVERNMENT,320.55,384.86,363.17,395.07,3,4,5,6,365.91,24.84,375.97
RESIDENT,15.77,13.02,10.81,8.13,8,9,10,11,11.93,-2.55,12.48
RESIDENT,3.39,5.8,4.26,7.64,11,12,1,2,5.27,1.42,8.32
ORGANIZATION,129.63,121.95,123.79,145.6,4,5,6,7,130.24,5.32,104.26
RESIDENT,18.98,20.27,18.63,12.84,4,5,6,7,17.68,-2.05,11.82
RESIDENT,25.84,30.46,20.52,27.6,4,5,6,7,26.1,0.59,30.8
PUBLIC_SERVICE,118.36,113.56,78.3,72.03,6,7,8,9,95.56,-15.44,79.94
ORGANIZATION,73.71,75.82,81.69,55.19,5,6,7,8,71.6,-6.17,22.44
GOVERNMENT,118.47,129.18,139.24,148.6,12,1,2,3,133.87,10.04,159.35
ORGANIZATION,195.57,186.73,182.86,179.37,8,9,10,11,186.13,-5.4,172.21
RESIDENT,27.01,39.02,31.76,33.98,2,3,4,5,32.94,2.32,34.36
RESIDENT,19.42,15.4,20.29,16.0,7,8,9,10,17.78,-1.14,24.73
PUBLIC_SERVICE,142.71,145.36,123.35,135.04,8,9,10,11,136.62,-2.56,123.58
GOVERNMENT,308.0,266.59,431.6,308.92,10,11,12,1,328.78,0.31,324.98
ORGANIZATION,51.38,66.3,78.66,83.82,2,3,4,5,70.04,10.81,56.89
RESIDENT,27.72,26.62,28.25,31.34,5,6,7,8,28.48,1.21,21.64
RESIDENT,15.6,13.57,15.32,16.66,4,5,6,7,15.29,0.35,10.94
GOVERNMENT,428.9,518.72,517.39,535.28,9,10,11,12,500.07,35.46,520.22
RESIDENT,27.41,29.04,26.43,20.2,7,8,9,10,25.77,-2.4,19.5
GOVERNMENT,462.37,494.6,478.65,466.81,3,4,5,6,475.61,1.48,489.09
FACTORY,717.79,790.35,711.53,580.57,6,7,8,9,700.06,-45.74,626.01
GOVERNMENT,291.5,269.13,241.5,265.29,5,6,7,8,266.86,-8.74,224.79
RESIDENT,4.67,14.45,14.23,11.29,12,1,2,3,11.16,2.21,18.79
GOVERNMENT,212.32,137.99,259.62,285.45,12,1,2,3,223.85,24.38,303.54
PUBLIC_SERVICE,127.66,124.65,101.55,118.04,6,7,8,9,117.98,-3.21,106.36
ORGANIZATION,94.19,75.42,95.29,86.7,9,10,11,12,87.9,-2.5,96.9
RESIDENT,17.79,16.68,18.84,21.71,11,12,1,2,18.76,1.31,27.88
RESIDENT,8.42,12.4,3.47,0.5,7,8,9,10,6.2,-2.64,5.27
RESIDENT,35.02,24.32,21.66,24.48,8,9,10,11,26.37,-3.51,24.51
RESIDENT,21.18,12.38,17.05,9.78,5,6,7,8,15.1,-3.8,12.18
RESIDENT,17.48,13.85,16.72,19.34,5,6,7,8,16.85,0.62,12.39
RESIDENT,23.44,22.54,23.38,27.79,10,11,12,1,24.29,1.45,29.48
RESIDENT,29.01,31.43,32.09,36.22,11,12,1,2,32.19,2.4,36.18
RESIDENT,13.06,8.2,10.08,18.7,10,11,12,1,12.51,1.88,21.22
RESIDENT,18.79,13.55,15.21,18.24,1,2,3,4,16.45,-0.18,19.36
RESIDENT,20.11,24.89,29.56,27.47,1,2,3,4,25.51,2.45,38.36
RESIDENT,9.29,5.91,12.38,9.96,10,11,12,1,9.38,0.22,15.02
ORGANIZATION,100.41,136.87,142.08,195.49,11,12,1,2,143.71,31.69,158.35
RESIDENT,25.31,41.92,28.96,21.75,9,10,11,12,29.48,-1.19,32.41
RESIDENT,26.35,30.83,26.86,30.43,11,12,1,2,28.62,1.36,45.68
RESIDENT,23.92,18.29,11.31,16.74,6,7,8,9,17.57,-2.39,15.39
RESIDENT,20.55,15.49,11.57,12.35,9,10,11,12,14.99,-2.73,9.3
FACTORY,1721.02,2855.29,1816.62,1973.26,12,1,2,3,2091.55,84.08,2012.83
RESIDENT,41.65,25.76,27.01,39.02,12,1,2,3,33.36,-0.88,31.76
ORGANIZATION,281.12,230.76,252.64,212.43,3,4,5,6,244.24,-22.9,200.35
FACTORY,1725.11,1811.25,1715.6,1586.13,5,6,7,8,1709.52,-46.33,1431.26
RESIDENT,19.12,17.73,18.85,20.49,2,3,4,5,19.05,0.46,24.88
RESIDENT,19.11,18.5,18.35,18.91,3,4,5,6,18.72,-0.07,13.01
ORGANIZATION,132.97,136.65,95.86,104.33,6,7,8,9,117.45,-9.55,127.85
PUBLIC_SERVICE,150.77,166.38,155.56,172.89,2,3,4,5,161.4,7.37,183.69
RESIDENT,27.53,16.16,22.27,20.16,9,10,11,12,21.53,-2.46,23.54
FACTORY,1744.26,1749.16,1754.93,1998.31,11,12,1,2,1811.66,84.68,2051.32
RESIDENT,24.76,30.82,20.32,21.81,5,6,7,8,24.43,-0.98,19.29
FACTORY,1591.91,1259.05,1497.15,1521.84,1,2,3,4,1467.49,-23.36,1530.14
GOVERNMENT,242.11,268.35,255.07,186.68,4,5,6,7,238.05,-18.48,183.1
RESIDENT,18.03,22.29,17.71,15.2,6,7,8,9,18.31,-0.94,14.0
RESIDENT,31.71,39.68,37.0,39.75,3,4,5,6,37.03,2.68,33.25
RESIDENT,18.56,13.28,19.36,23.48,12,1,2,3,18.67,1.64,23.94
RESIDENT,14.94,14.71,12.51,14.17,5,6,7,8,14.08,-0.26,2.56
RESIDENT,18.35,15.5,10.14,11.29,7,8,9,10,13.82,-2.35,13.31
RESIDENT,34.76,31.89,34.7,32.91,3,4,5,6,33.56,-0.62,31.28
RESIDENT,28.91,32.87,36.6,36.16,1,2,3,4,33.63,2.42,50.95
PUBLIC_SERVICE,43.58,43.22,23.1,56.79,9,10,11,12,41.67,4.4,54.58
RESIDENT,37.53,30.74,30.56,32.48,7,8,9,10,32.83,-1.68,29.66
FACTORY,1871.05,1675.18,1602.78,1543.37,7,8,9,10,1673.1,-109.23,1644.77
RESIDENT,4.4,7.25,9.61,14.63,12,1,2,3,8.97,3.41,6.21
ORGANIZATION,114.15,111.81,119.45,80.38,6,7,8,9,106.45,-11.26,96.24
FACTORY,1720.21,1575.82,2074.27,2765.6,10,11,12,1,2033.97,348.46,1657.47
RESIDENT,26.56,33.71,32.05,26.07,4,5,6,7,29.6,-0.16,24.47
RESIDENT,12.27,18.74,15.17,21.47,3,4,5,6,16.91,3.07,16.4
RESIDENT,32.33,33.21,29.43,32.55,8,9,10,11,31.88,0.07,32.89
ORGANIZATION,199.58,202.18,188.77,207.54,4,5,6,7,199.52,2.65,206.53
GOVERNMENT,363.17,395.07,375.97,381.19,5,6,7,8,378.85,6.01,326.65
RESIDENT,35.06,34.53,38.39,45.46,1,2,3,4,38.36,3.47,41.43
FACTORY,2145.74,2013.33,1920.55,1896.03,6,7,8,9,1993.91,-83.24,1784.74
RESIDENT,24.49,32.41,30.24,25.86,4,5,6,7,28.25,0.46,30.21
PUBLIC_SERVICE,68.73,75.5,89.82,113.9,10,11,12,1,86.99,15.06,87.04
RESIDENT,20.71,22.26,21.5,24.69,10,11,12,1,22.29,1.33,25.63
RESIDENT,8.04,16.22,16.61,16.46,2,3,4,5,14.33,2.81,22.2
RESIDENT,21.84,18.2,17.95,21.4,1,2,3,4,19.85,-0.15,12.8
RESIDENT,48.17,34.24,34.14,37.82,5,6,7,8,38.59,-3.45,31.6
RESIDENT,6.53,4.38,7.67,7.65,9,10,11,12,6.56,0.37,6.62
GOVERNMENT,404.44,415.4,371.79,464.15,8,9,10,11,413.94,19.9,377.41
RESIDENT,18.72,19.83,22.64,26.53,2,3,4,5,21.93,2.6,26.62
PUBLIC_SERVICE,89.65,75.78,101.9,100.1,12,1,2,3,91.86,3.48,123.27
RESIDENT,18.47,17.73,20.16,22.37,10,11,12,1,19.68,1.3,21.33
RESIDENT,32.18,32.57,30.48,42.81,3,4,5,6,34.51,3.54,31.46
RESIDENT,6.32,6.44,0.69,1.75,8,9,10,11,3.8,-1.52,4.85
ORGANIZATION,105.77,158.27,140.98,134.84,1,2,3,4,134.97,9.69,143.53
RESIDENT,8.06,10.41,8.59,20.4,12,1,2,3,11.86,4.11,23.29
RESIDENT,33.29,39.28,31.43,28.9,10,11,12,1,33.23,-1.46,39.68
RESIDENT,14.78,18.24,13.76,7.17,6,7,8,9,13.49,-2.54,4.94
RESIDENT,5.89,2.4,3.21,6.8,10,11,12,1,4.58,0.3,10.82
RESIDENT,9.61,10.57,16.97,17.43,12,1,2,3,13.64,2.61,19.09
RESIDENT,9.05,3.99,14.26,9.3,9,10,11,12,9.15,0.08,11.28
GOVERNMENT,177.02,137.94,218.98,171.02,11,12,1,2,176.24,-2.0,164.3
RESIDENT,31.13,25.55,22.86,21.72,9,10,11,12,25.31,-3.14,19.5
GOVERNMENT,142.44,120.38,87.42,122.31,7,8,9,10,118.14,-6.71,87.63
RESIDENT,8.2,10.08,18.7,21.22,11,12,1,2,14.55,4.34,19.37
FACTORY,1726.48,1736.36,1835.76,1755.72,7,8,9,10,1763.58,9.75,1876.19
ORGANIZATION,143.94,157.78,142.57,145.34,5,6,7,8,147.41,0.47,108.95
ORGANIZATION,172.31,239.23,160.81,199.29,9,10,11,12,192.91,8.99,184.26
RESIDENT,16.51,12.83,11.56,14.55,4,5,6,7,13.86,-0.65,4.57
FACTORY,1257.19,1417.04,1215.1,1355.91,5,6,7,8,1311.31,32.91,1255.43
RESIDENT,32.86,28.2,36.03,39.85,12,1,2,3,34.23,2.33,42.57
ORGANIZATION,73.76,201.13,115.33,93.79,10,11,12,1,121.0,6.68,128.25
RESIDENT,15.58,16.53,19.23,20.43,12,1,2,3,17.94,1.62,23.01
RESIDENT,10.01,11.18,11.86,21.69,11,12,1,2,13.68,3.89,20.17
RESIDENT,4.56,4.74,4.08,8.08,9,10,11,12,5.37,1.17,5.39
GOVERNMENT,220.1,224.11,207.53,194.49,12,1,2,3,211.56,-8.54,225.61
RESIDENT,23.82,22.05,26.37,30.51,11,12,1,2,25.69,2.23,28.12
RESIDENT,6.02,5.07,19.01,13.2,11,12,1,2,10.82,2.39,17.36
PUBLIC_SERVICE,121.9,146.6,122.15,124.93,9,10,11,12,128.89,1.01,139.09
GOVERNMENT,350.74,371.04,307.88,332.11,8,9,10,11,340.44,-6.21,431.07
RESIDENT,36.0,30.4,28.6,39.73,6,7,8,9,33.68,1.24,26.18
RESIDENT,20.03,19.16,20.87,23.82,1,2,3,4,20.97,1.26,26.48
RESIDENT,29.15,32.96,29.59,35.82,11,12,1,2,31.88,2.22,41.78
GOVERNMENT,114.09,229.37,92.97,121.16,8,9,10,11,139.4,2.36,174.97
RESIDENT,22.85,25.07,23.7,31.49,12,1,2,3,25.78,2.88,33.76
RESIDENT,14.64,16.58,12.67,12.49,4,5,6,7,14.1,-0.72,14.7
RESIDENT,0.5,0.5,5.31,8.27,12,1,2,3,3.64,2.59,7.57
RESIDENT,27.32,31.6,39.15,27.84,3,4,5,6,31.48,0.17,26.93
RESIDENT,26.62,28.17,24.63,27.74,9,10,11,12,26.79,0.37,30.1
ORGANIZATION,141.36,154.23,186.28,131.75,4,5,6,7,153.41,-3.2,136.94
FACTORY,1224.33,1572.41,1037.68,1194.54,8,9,10,11,1257.24,-9.93,1237.92
RESIDENT,17.53,10.71,14.58,17.36,2,3,4,5,15.04,-0.06,26.42
RESIDENT,19.67,15.69,19.62,10.34,5,6,7,8,16.33,-3.11,10.24
PUBLIC_SERVICE,29.23,51.77,41.38,75.32,2,3,4,5,49.42,15.36,66.06
RESIDENT,43.69,37.02,37.32,35.3,5,6,7,8,38.33,-2.8,30.39
RESIDENT,5.31,8.27,7.57,9.72,2,3,4,5,7.72,1.47,10.36
RESIDENT,25.39,26.15,29.86,31.98,11,12,1,2,28.35,2.2,46.52
RESIDENT,18.78,13.72,13.43,13.78,5,6,7,8,14.93,-1.67,12.02
RESIDENT,4.09,0.5,0.68,0.63,9,10,11,12,1.47,-1.15,7.1
RESIDENT,28.0,17.61,21.3,20.05,3,4,5,6,21.74,-2.65,24.61
RESIDENT,36.87,32.67,33.72,28.27,5,6,7,8,32.88,-2.87,33.05
RESIDENT,34.17,36.38,31.51,32.7,6,7,8,9,33.69,-0.49,22.91
RESIDENT,16.08,22.6,17.31,23.09,9,10,11,12,19.77,2.34,26.43
RESIDENT,9.49,15.66,12.28,3.97,9,10,11,12,10.35,-1.84,15.78
RESIDENT,20.98,40.08,30.23,46.12,11,12,1,2,34.35,8.38,33.37
FACTORY,907.32,899.82,942.29,744.06,8,9,10,11,873.37,-54.42,651.57
RESIDENT,34.57,29.14,25.85,39.88,7,8,9,10,32.36,1.77,27.18
GOVERNMENT,84.94,197.44,162.96,268.37,11,12,1,2,178.43,61.14,213.61
RESIDENT,35.59,35.43,35.88,31.59,5,6,7,8,34.62,-1.33,29.84
RESIDENT,20.67,13.28,19.31,12.88,9,10,11,12,16.54,-2.6,17.89
PUBLIC_SERVICE,153.75,142.71,145.36,123.35,7,8,9,10,141.29,-10.13,135.04
FACTORY,498.32,713.97,555.56,609.08,11,12,1,2,594.23,36.92,725.5
RESIDENT,14.99,16.8,12.43,12.04,7,8,9,10,14.06,-0.98,14.59
FACTORY,1575.41,1500.27,1498.22,1702.56,10,11,12,1,1569.12,42.38,1777.51
RESIDENT,22.44,31.32,27.45,32.23,3,4,5,6,28.36,3.26,29.48
RESIDENT,30.46,40.24,43.63,44.35,2,3,4,5,39.67,4.63,41.07
GOVERNMENT,304.27,282.07,352.22,367.51,12,1,2,3,326.52,21.08,399.86
RESIDENT,13.93,9.69,13.76,9.83,8,9,10,11,11.8,-1.37,16.74
RESIDENT,14.95,14.14,24.61,19.81,2,3,4,5,18.38,1.62,19.52
ORGANIZATION,90.28,88.24,105.57,172.13,1,2,3,4,114.05,27.28,133.85
ORGANIZATION,86.91,95.01,114.75,149.21,2,3,4,5,111.47,20.77,130.09
RESIDENT,14.32,17.43,20.65,16.23,2,3,4,5,17.16,0.64,16.86
ORGANIZATION,174.68,172.13,187.37,201.33,11,12,1,2,183.88,8.88,219.44
RESIDENT,23.11,26.59,16.86,19.33,4,5,6,7,21.47,-1.26,24.29
RESIDENT,17.81,25.34,17.37,18.48,4,5,6,7,19.75,0.22,11.47
FACTORY,1342.06,1064.23,1244.95,1206.82,9,10,11,12,1214.51,-45.08,1230.13
RESIDENT,32.17,32.46,33.28,31.26,3,4,5,6,32.29,-0.3,34.15
PUBLIC_SERVICE,91.01,82.4,107.37,77.84,5,6,7,8,89.66,-4.39,91.14
ORGANIZATION,162.03,144.84,189.26,154.21,11,12,1,2,162.59,-2.61,183.7
RESIDENT,16.07,11.4,12.69,16.44,12,1,2,3,14.15,0.12,22.29
GOVERNMENT,142.94,79.28,61.59,130.12,9,10,11,12,103.48,-4.27,70.29
RESIDENT,20.33,23.09,24.08,23.93,12,1,2,3,22.86,1.2,24.17
ORGANIZATION,93.85,119.92,136.16,142.2,8,9,10,11,123.03,16.12,118.98
ORGANIZATION,61.76,79.64,118.82,108.83,12,1,2,3,92.26,15.69,112.81
GOVERNMENT,186.68,183.1,156.32,185.52,7,8,9,10,177.9,-0.39,122.97
FACTORY,2196.51,1541.37,1461.91,1506.42,7,8,9,10,1676.55,-230.03,1441.65
RESIDENT,21.2,12.19,16.06,14.52,10,11,12,1,15.99,-2.23,22.98
RESIDENT,11.44,20.15,14.31,14.15,4,5,6,7,15.01,0.9,6.72
RESIDENT,25.23,19.33,22.89,29.29,2,3,4,5,24.19,1.35,24.92
PUBLIC_SERVICE,94.85,77.34,94.32,102.93,11,12,1,2,92.36,2.69,130.42
RESIDENT,6.97,4.04,8.37,5.85,12,1,2,3,6.31,-0.37,15.34
ORGANIZATION,168.16,184.45,169.85,212.66,11,12,1,2,183.78,14.83,200.29
RESIDENT,4.51,10.57,17.49,16.02,1,2,3,4,12.15,3.84,14.34
FACTORY,1260.13,895.78,745.17,812.03,5,6,7,8,928.28,-149.37,605.09
RESIDENT,7.77,9.08,0.5,3.42,8,9,10,11,5.19,-1.45,8.73
GOVERNMENT,348.43,316.87,296.36,286.8,5,6,7,8,312.12,-20.54,280.92
RESIDENT,15.53,15.97,10.84,7.85,6,7,8,9,12.55,-2.56,10.43
RESIDENT,19.72,19.99,18.78,13.72,3,4,5,6,18.05,-2.0,13.43
RESIDENT,38.83,37.83,31.17,31.03,6,7,8,9,34.72,-2.6,34.69
GOVERNMENT,520.28,437.58,428.34,491.92,1,2,3,4,469.53,-9.45,537.32
GOVERNMENT,110.16,186.81,138.24,72.4,7,8,9,10,126.9,-12.59,128.47
GOVERNMENT,210.59,184.68,191.47,132.77,7,8,9,10,179.88,-25.94,180.11
FACTORY,711.51,674.89,836.53,554.57,6,7,8,9,694.38,-52.31,591.14
PUBLIC_SERVICE,120.0,137.06,133.93,147.18,2,3,4,5,134.54,9.06,141.42
RESIDENT,4.33,7.61,5.47,7.19,10,11,12,1,6.15,0.95,5.76
RESIDENT,13.31,9.78,19.76,2.24,8,9,10,11,11.27,-3.69,7.43
ORGANIZATION,81.34,76.6,105.1,95.87,10,11,12,1,89.73,4.84,93.21
ORGANIZATION,66.01,49.05,56.69,36.41,7,8,9,10,52.04,-9.87,58.04
ORGANIZATION,163.83,180.18,184.47,194.0,10,11,12,1,180.62,10.06,189.66
ORGANIZATION,60.91,50.25,62.73,45.72,9,10,11,12,54.9,-5.06,84.68
RESIDENT,20.15,24.57,30.58,20.92,4,5,6,7,24.05,0.26,16.11
GOVERNMENT,678.01,479.62,419.82,454.72,7,8,9,10,508.04,-74.43,392.94
RESIDENT,38.91,26.39,25.43,29.8,9,10,11,12,30.13,-3.04,27.56
GOVERNMENT,412.24,377.3,424.21,429.29,9,10,11,12,410.76,5.68,475.13
RESIDENT,27.88,29.15,24.21,20.55,3,4,5,6,25.45,-2.44,22.52
RESIDENT,39.86,32.72,27.83,33.45,5,6,7,8,33.47,-2.14,29.48
RESIDENT,7.28,6.06,5.75,5.94,9,10,11,12,6.26,-0.45,9.82
RESIDENT,32.65,31.02,58.77,54.0,1,2,3,4,44.11,7.12,40.49
RESIDENT,15.28,32.45,14.46,14.58,9,10,11,12,19.19,-0.23,20.82
RESIDENT,13.85,3.58,17.28,16.47,2,3,4,5,12.79,0.87,8.43
RESIDENT,8.0,14.64,7.36,10.38,2,3,4,5,10.1,0.79,9.6
GOVERNMENT,636.21,403.4,436.63,399.42,7,8,9,10,468.92,-78.93,368.92
RESIDENT,24.22,22.05,17.12,22.65,8,9,10,11,21.51,-0.52,20.96
FACTORY,1139.19,1526.18,1267.56,1261.31,10,11,12,1,1298.56,40.71,1290.23
RESIDENT,36.73,49.25,40.53,38.23,4,5,6,7,41.18,0.5,35.45
RESIDENT,46.28,34.87,30.18,29.56,5,6,7,8,35.22,-5.57,31.23
RESIDENT,22.35,22.08,23.36,28.97,11,12,1,2,24.19,2.21,30.4
RESIDENT,20.46,22.31,15.94,17.06,8,9,10,11,18.94,-1.13,17.12
RESIDENT,29.74,33.58,28.98,34.13,10,11,12,1,31.61,1.46,40.09
FACTORY,1609.53,1882.37,1867.05,1800.82,4,5,6,7,1789.94,63.76,1643.18
RESIDENT,28.56,26.29,26.04,19.35,9,10,11,12,25.06,-3.07,30.27
ORGANIZATION,156.63,163.99,164.42,138.85,5,6,7,8,155.97,-5.93,133.67
RESIDENT,38.69,41.82,45.87,45.59,2,3,4,5,42.99,2.3,43.21
RESIDENT,31.15,31.84,32.37,35.12,9,10,11,12,32.62,1.32,29.12
PUBLIC_SERVICE,43.18,65.79,58.41,67.22,1,2,3,4,58.65,8.01,60.89
PUBLIC_SERVICE,38.66,41.45,43.76,41.73,10,11,12,1,41.4,1.02,39.71
RESIDENT,21.56,11.57,16.11,15.02,4,5,6,7,16.06,-2.18,14.44
GOVERNMENT,211.89,262.54,209.67,176.96,7,8,9,10,215.27,-11.64,190.02
FACTORY,1822.32,1942.69,1935.03,1726.48,4,5,6,7,1856.63,-31.95,1736.36
FACTORY,1778.41,1701.98,1881.65,1929.78,10,11,12,1,1822.96,50.46,2061.2
RESIDENT,29.88,27.34,26.23,22.09,7,8,9,10,26.39,-2.6,25.37
RESIDENT,16.19,13.12,20.04,21.96,12,1,2,3,17.83,1.92,17.97
ORGANIZATION,45.15,52.53,100.31,88.54,12,1,2,3,71.63,14.46,86.3
PUBLIC_SERVICE,59.98,64.46,79.67,76.24,11,12,1,2,70.09,5.42,96.7
RESIDENT,12.87,11.2,4.08,5.15,7,8,9,10,8.32,-2.57,0.78
GOVERNMENT,255.23,231.44,197.48,184.16,7,8,9,10,217.08,-23.69,210.38
RESIDENT,1.01,2.55,2.13,4.48,11,12,1,2,2.54,1.16,10.06
GOVERNMENT,142.67,122.13,191.17,170.6,2,3,4,5,156.64,9.31,197.97
FACTORY,482.09,523.99,471.1,549.09,9,10,11,12,506.57,22.33,429.82
RESIDENT,21.58,17.29,18.44,19.87,8,9,10,11,19.3,-0.57,17.39
ORGANIZATION,60.89,44.33,79.88,100.06,11,12,1,2,71.29,13.06,74.84
GOVERNMENT,346.41,256.4,441.71,257.9,7,8,9,10,325.61,-29.5,202.4
RESIDENT,13.02,22.37,23.73,23.69,2,3,4,5,20.7,3.56,28.05
RESIDENT,27.95,29.81,33.61,26.38,3,4,5,6,29.44,-0.52,32.5
RESIDENT,10.37,9.84,5.74,21.56,10,11,12,1,11.88,3.73,14.81
ORGANIZATION,89.1,81.92,102.27,125.72,11,12,1,2,99.75,12.21,155.24
GOVERNMENT,310.3,297.01,330.07,370.04,2,3,4,5,326.85,19.91,376.27
PUBLIC_SERVICE,99.68,91.72,125.52,101.58,9,10,11,12,104.62,0.63,97.84
GOVERNMENT,378.4,448.44,461.68,498.43,11,12,1,2,446.74,40.01,487.22
PUBLIC_SERVICE,125.23,142.48,118.99,115.82,5,6,7,8,125.63,-3.14,106.36
RESIDENT,7.67,8.63,9.36,12.27,9,10,11,12,9.48,1.53,15.97
RESIDENT,20.49,22.34,26.07,31.18,12,1,2,3,25.02,3.56,35.16
PUBLIC_SERVICE,140.73,141.32,137.26,139.26,4,5,6,7,139.64,-0.49,157.36
GOVERNMENT,225.2,194.0,272.85,219.81,4,5,6,7,227.96,-1.8,183.7
GOVERNMENT,441.71,257.9,202.4,292.17,9,10,11,12,298.54,-49.85,302.54
PUBLIC_SERVICE,92.08,102.23,95.32,117.27,11,12,1,2,101.72,8.4,129.46
ORGANIZATION,148.13,253.36,145.17,175.93,9,10,11,12,180.65,9.27,153.97
RESIDENT,5.29,9.38,3.38,11.21,2,3,4,5,7.32,1.97,13.31
RESIDENT,26.77,19.17,24.91,20.82,7,8,9,10,22.92,-1.98,20.22
RESIDENT,18.51,12.03,11.82,25.36,10,11,12,1,16.93,2.28,22.19
PUBLIC_SERVICE,92.75,96.5,95.22,121.58,11,12,1,2,101.51,9.61,106.17
RESIDENT,25.41,28.67,20.98,40.08,9,10,11,12,28.79,4.89,30.23
ORGANIZATION,84.36,112.6,93.62,105.54,1,2,3,4,99.03,7.06,124.68
ORGANIZATION,146.15,171.95,169.46,136.28,4,5,6,7,155.96,-3.29,132.34
RESIDENT,6.39,0.5,11.77,17.45,12,1,2,3,9.03,3.69,18.24
ORGANIZATION,102.55,125.87,123.01,118.79,12,1,2,3,117.56,5.41,144.8
RESIDENT,0.5,0.5,5.46,0.5,10,11,12,1,1.74,0.0,5.14
ORGANIZATION,173.53,146.05,171.63,133.17,5,6,7,8,156.09,-13.45,126.24
RESIDENT,26.52,22.75,41.31,21.56,9,10,11,12,28.04,-1.65,24.1
RESIDENT,28.95,25.74,24.44,28.58,8,9,10,11,26.93,-0.12,24.66
FACTORY,1678.39,1598.86,1530.03,1718.79,7,8,9,10,1631.52,13.47,1479.72
FACTORY,930.96,846.28,820.36,742.45,9,10,11,12,835.01,-62.84,921.72
PUBLIC_SERVICE,60.36,81.12,86.44,74.11,11,12,1,2,75.51,4.58,96.62
PUBLIC_SERVICE,104.25,101.41,94.34,88.62,9,10,11,12,97.16,-5.21,100.32
RESIDENT,7.09,0.5,3.17,0.5,9,10,11,12,2.81,-2.2,3.26
RESIDENT,21.69,21.47,19.16,19.44,8,9,10,11,20.44,-0.75,20.57
RESIDENT,21.75,26.97,22.67,19.43,2,3,4,5,22.7,-0.77,27.83
RESIDENT,18.56,24.01,23.11,25.92,1,2,3,4,22.9,2.45,27.62
RESIDENT,17.86,19.27,15.84,16.1,3,4,5,6,17.27,-0.59,11.1
RESIDENT,34.16,39.58,33.95,30.24,5,6,7,8,34.48,-1.31,25.71
RESIDENT,14.05,25.77,13.7,18.02,4,5,6,7,17.88,1.32,14.7
RESIDENT,11.42,13.86,13.02,12.88,3,4,5,6,12.79,0.49,12.76
RESIDENT,15.93,17.98,15.08,11.01,7,8,9,10,15.0,-1.64,10.24
ORGANIZATION,91.66,98.5,91.44,132.83,12,1,2,3,103.61,13.72,130.09
RESIDENT,5.25,7.54,11.21,11.31,3,4,5,6,8.83,2.02,12.83
FACTORY,972.07,1142.92,1222.77,1180.97,2,3,4,5,1129.68,69.63,1237.92
RESIDENT,20.09,27.74,26.45,31.37,12,1,2,3,26.41,3.76,26.5
RESIDENT,20.67,18.21,28.34,44.02,11,12,1,2,27.81,7.78,30.46
GOVERNMENT,300.2,351.94,316.3,313.98,6,7,8,9,320.61,4.59,272.36
RESIDENT,27.93,32.74,38.53,28.39,4,5,6,7,31.9,0.15,33.74
PUBLIC_SERVICE,106.2,111.62,120.0,137.06,12,1,2,3,118.72,10.29,133.93
RESIDENT,10.94,6.71,13.2,18.51,12,1,2,3,12.34,2.52,19.88
RESIDENT,33.0,36.61,38.12,32.85,3,4,5,6,35.14,-0.05,44.34
RESIDENT,9.78,12.18,10.71,8.57,8,9,10,11,10.31,-0.4,6.64
RESIDENT,24.05,24.97,19.81,31.34,6,7,8,9,25.04,2.43,14.61
FACTORY,1110.23,978.88,940.37,808.94,6,7,8,9,959.61,-100.43,954.11
ORGANIZATION,68.1,109.52,83.62,112.77,2,3,4,5,93.5,14.89,131.76
RESIDENT,26.56,32.0,35.17,50.38,2,3,4,5,36.03,7.94,35.3
RESIDENT,33.83,31.04,31.56,35.51,5,6,7,8,32.98,0.56,27.82
RESIDENT,34.01,30.41,30.49,25.75,7,8,9,10,30.16,-2.75,20.75
RESIDENT,29.11,31.22,37.87,34.18,12,1,2,3,33.09,1.69,38.59
ORGANIZATION,181.95,159.93,162.85,165.24,9,10,11,12,167.49,-5.57,175.14
RESIDENT,31.4,34.01,41.71,38.41,12,1,2,3,36.38,2.34,39.16
RESIDENT,31.02,22.29,14.51,18.67,7,8,9,10,21.62,-4.12,16.5
RESIDENT,7.59,2.95,6.43,2.46,8,9,10,11,4.86,-1.71,1.51
ORGANIZATION,144.85,135.11,106.36,126.64,6,7,8,9,128.24,-6.07,85.33
RESIDENT,32.09,26.69,29.85,31.73,3,4,5,6,30.09,-0.12,31.11
RESIDENT,21.83,17.18,10.42,14.17,5,6,7,8,15.9,-2.55,12.38
ORGANIZATION,135.25,151.25,171.63,239.48,11,12,1,2,174.4,34.74,191.54
GOVERNMENT,336.42,363.48,304.27,282.07,10,11,12,1,321.56,-18.12,352.22
RESIDENT,27.94,29.38,35.55,34.97,2,3,4,5,31.96,2.34,35.26
ORGANIZATION,73.13,137.33,111.79,107.39,1,2,3,4,107.41,11.42,104.48
RESIDENT,18.44,15.94,15.76,22.51,12,1,2,3,18.16,1.36,33.65
RESIDENT,17.5,13.35,16.14,18.87,1,2,3,4,16.46,0.46,22.08
RESIDENT,31.02,28.14,32.09,34.19,3,4,5,6,31.36,1.06,22.11
RESIDENT,9.91,8.04,16.22,16.61,1,2,3,4,12.7,2.23,16.46
PUBLIC_SERVICE,114.96,129.7,127.6,139.06,4,5,6,7,127.83,8.03,127.8
PUBLIC_SERVICE,73.67,68.83,66.71,57.41,9,10,11,12,66.66,-5.42,82.28
GOVERNMENT,187.94,124.03,155.78,113.12,7,8,9,10,145.22,-24.94,98.71
RESIDENT,5.44,0.5,9.81,10.5,1,2,3,4,6.56,1.69,11.45
RESIDENT,20.01,18.47,21.93,13.87,9,10,11,12,18.57,-2.05,19.86
PUBLIC_SERVICE,39.55,45.01,58.61,70.47,11,12,1,2,53.41,10.31,53.16
PUBLIC_SERVICE,65.54,68.48,66.6,56.38,5,6,7,8,64.25,-3.05,38.21
RESIDENT,31.29,47.9,31.09,39.8,4,5,6,7,37.52,2.84,26.85
GOVERNMENT,340.31,374.68,379.77,468.11,2,3,4,5,390.72,42.6,478.27
RESIDENT,18.92,16.68,13.4,17.59,4,5,6,7,16.65,-0.44,15.73
RESIDENT,36.04,30.96,37.58,39.28,3,4,5,6,35.97,1.08,31.9
RESIDENT,20.42,19.99,24.59,24.62,1,2,3,4,22.41,1.4,29.2
RESIDENT,9.8,3.04,1.35,2.19,8,9,10,11,4.09,-2.54,9.18
RESIDENT,32.77,39.9,43.31,38.24,2,3,4,5,38.55,1.82,33.57
RESIDENT,13.21,11.57,7.71,7.09,4,5,6,7,9.89,-2.04,6.79
ORGANIZATION,95.9,127.14,117.9,141.13,12,1,2,3,120.52,15.08,122.2
FACTORY,760.62,489.2,543.6,562.52,9,10,11,12,588.99,-66.03,555.87
ORGANIZATION,122.39,123.72,141.89,133.96,9,10,11,12,130.49,3.86,169.04
RESIDENT,31.31,35.14,37.11,37.32,3,4,5,6,35.22,2.0,27.74
RESIDENT,23.85,21.45,26.0,17.96,9,10,11,12,22.31,-1.96,24.9
ORGANIZATION,73.33,45.15,52.53,100.31,11,12,1,2,67.83,8.99,88.54
RESIDENT,16.21,17.16,13.05,17.34,7,8,9,10,15.94,0.38,0.5
RESIDENT,34.36,25.88,34.84,40.46,12,1,2,3,33.88,2.03,34.55
PUBLIC_SERVICE,157.01,165.93,221.74,187.59,3,4,5,6,183.07,10.19,165.76
GOVERNMENT,292.4,247.85,250.69,225.29,7,8,9,10,254.06,-22.37,254.76
RESIDENT,35.79,38.99,32.1,47.13,3,4,5,6,38.5,3.78,40.51
GOVERNMENT,207.3,222.31,192.66,156.06,4,5,6,7,194.58,-17.08,104.62
ORGANIZATION,96.62,70.98,82.54,55.19,4,5,6,7,76.33,-13.81,48.75
PUBLIC_SERVICE,85.41,94.55,36.09,54.42,4,5,6,7,67.62,-10.33,51.43
RESIDENT,16.23,15.1,22.24,22.58,11,12,1,2,19.04,2.12,23.98
RESIDENT,21.2,19.94,18.64,18.88,7,8,9,10,19.66,-0.77,16.71
FACTORY,561.7,855.25,766.99,861.8,2,3,4,5,761.43,100.03,700.9
RESIDENT,28.14,17.96,25.53,26.62,2,3,4,5,24.56,-0.51,26.95
RESIDENT,15.17,16.85,13.72,12.55,7,8,9,10,14.57,-0.87,6.2
RESIDENT,31.81,37.47,35.06,38.21,12,1,2,3,35.64,2.13,42.09
RESIDENT,32.09,34.19,22.11,28.71,5,6,7,8,29.27,-1.13,24.32
FACTORY,1586.97,1363.59,1520.86,1479.79,5,6,7,8,1487.8,-35.73,2061.77
ORGANIZATION,81.92,102.27,125.72,155.24,12,1,2,3,116.29,24.44,191.09
RESIDENT,20.68,20.95,21.25,17.5,9,10,11,12,20.09,-1.06,22.83
FACTORY,1296.33,1395.49,1701.69,1136.64,7,8,9,10,1382.54,-53.23,979.81
PUBLIC_SERVICE,26.63,19.55,43.95,35.67,12,1,2,3,31.45,3.01,56.72
RESIDENT,25.62,29.33,31.58,30.27,10,11,12,1,29.2,1.55,42.3
RESIDENT,2.82,10.75,12.82,18.0,1,2,3,4,11.1,5.06,12.51
RESIDENT,14.22,10.8,12.22,12.26,11,12,1,2,12.38,-0.65,12.3
RESIDENT,26.7,19.03,28.61,26.39,2,3,4,5,25.18,-0.1,39.02
RESIDENT,16.86,21.05,19.53,14.81,10,11,12,1,18.06,-0.68,20.34
RESIDENT,30.26,31.2,43.54,47.33,12,1,2,3,38.08,5.69,44.69
RESIDENT,10.08,17.16,14.53,17.89,11,12,1,2,14.92,2.6,19.14
RESIDENT,6.08,9.72,13.7,20.17,2,3,4,5,12.42,4.7,12.64
RESIDENT,11.86,13.43,8.39,9.23,12,1,2,3,10.73,-0.88,20.05
RESIDENT,21.08,20.88,15.52,16.04,6,7,8,9,18.38,-1.68,13.02
RESIDENT,20.43,36.91,29.81,32.92,2,3,4,5,30.02,4.16,30.85
RESIDENT,20.37,20.11,20.12,10.23,5,6,7,8,17.71,-3.38,11.94
RESIDENT,30.52,26.28,26.87,23.04,9,10,11,12,26.68,-2.49,30.28
RESIDENT,29.59,35.82,41.78,39.85,1,2,3,4,36.76,3.42,41.39
RESIDENT,27.46,33.8,31.75,32.2,2,3,4,5,31.3,1.58,27.98
RESIDENT,22.75,20.45,18.8,15.25,7,8,9,10,19.31,-2.5,23.47
RESIDENT,38.67,39.36,29.81,32.69,5,6,7,8,35.13,-1.99,30.52
RESIDENT,32.1,32.81,25.28,27.97,4,5,6,7,29.54,-1.38,19.84
ORGANIZATION,35.1,31.65,20.85,63.5,10,11,12,1,37.77,9.47,89.97
GOVERNMENT,310.56,298.78,243.27,265.12,4,5,6,7,279.43,-15.15,300.05
ORGANIZATION,119.13,111.32,93.45,78.96,8,9,10,11,100.71,-13.39,101.22
RESIDENT,13.18,15.0,23.88,24.32,12,1,2,3,19.09,3.71,24.83
RESIDENT,16.16,13.02,22.37,23.73,1,2,3,4,18.82,2.52,23.69
FACTORY,988.17,999.94,1551.05,809.47,7,8,9,10,1087.16,-59.57,1056.91
RESIDENT,19.23,11.49,15.25,13.9,10,11,12,1,14.97,-1.78,18.4
RESIDENT,4.14,4.89,6.12,14.76,11,12,1,2,7.48,3.54,14.03
RESIDENT,26.39,25.43,29.8,27.56,10,11,12,1,27.3,0.39,28.27
ORGANIZATION,141.48,194.87,142.96,127.48,2,3,4,5,151.7,-4.67,129.1
GOVERNMENT,465.32,420.0,545.15,589.33,3,4,5,6,504.95,41.34,582.04
ORGANIZATION,15.39,43.62,35.38,47.88,10,11,12,1,35.57,10.83,57.21
RESIDENT,18.65,22.84,16.49,28.53,10,11,12,1,21.63,3.29,24.62
ORGANIZATION,72.81,75.28,44.61,60.99,8,9,10,11,63.42,-3.94,64.79
GOVERNMENT,61.59,130.12,70.29,112.62,11,12,1,2,93.66,17.01,125.15
PUBLIC_SERVICE,56.79,54.58,66.03,68.92,12,1,2,3,61.58,4.04,127.58
RESIDENT,38.53,26.76,17.95,21.68,5,6,7,8,26.23,-5.62,13.73
RESIDENT,23.64,21.81,20.88,16.92,7,8,9,10,20.81,-2.24,14.29
RESIDENT,42.18,36.24,39.28,37.8,3,4,5,6,38.88,-1.46,40.89
ORGANIZATION,153.48,116.46,156.03,137.44,4,5,6,7,140.85,-5.35,140.66
PUBLIC_SERVICE,86.63,89.49,120.4,128.25,11,12,1,2,106.19,13.87,122.2
RESIDENT,7.68,12.06,4.24,9.13,10,11,12,1,8.28,0.48,15.35
GOVERNMENT,289.31,290.92,283.14,367.7,5,6,7,8,307.77,26.13,235.41
ORGANIZATION,72.45,79.94,92.11,114.48,11,12,1,2,89.75,14.01,123.76
ORGANIZATION,248.06,211.54,202.68,195.95,5,6,7,8,214.56,-17.37,164.08
PUBLIC_SERVICE,41.38,75.32,66.06,65.52,4,5,6,7,62.07,8.05,42.16
ORGANIZATION,58.09,4.51,55.62,63.09,12,1,2,3,45.33,1.67,71.05
RESIDENT,16.78,17.44,15.45,16.25,2,3,4,5,16.48,-0.18,14.99
RESIDENT,13.35,9.53,9.85,4.09,6,7,8,9,9.2,-3.09,0.5
RESIDENT,34.2,29.54,31.68,37.18,9,10,11,12,33.15,0.99,35.41
RESIDENT,17.68,15.24,16.13,20.58,3,4,5,6,17.41,0.97,10.49
RESIDENT,20.45,19.53,20.23,27.78,11,12,1,2,22.0,2.44,22.71
RESIDENT,28.81,28.51,27.47,34.78,3,4,5,6,29.89,1.99,26.29
GOVERNMENT,167.9,170.81,205.04,184.78,12,1,2,3,182.13,5.63,255.04
RESIDENT,27.69,29.07,26.98,28.54,5,6,7,8,28.07,0.28,22.83
RESIDENT,13.91,10.65,2.71,11.87,9,10,11,12,9.79,-0.68,16.7
RESIDENT,33.87,27.18,25.49,31.15,10,11,12,1,29.42,-0.91,31.18
RESIDENT,22.92,27.33,22.81,23.7,3,4,5,6,24.19,0.26,18.88
ORGANIZATION,104.97,152.89,120.76,131.75,12,1,2,3,127.59,8.93,163.25
RESIDENT,3.02,8.05,3.98,8.48,1,2,3,4,5.88,1.82,12.61
RESIDENT,11.38,13.58,27.98,16.2,11,12,1,2,17.29,1.61,29.19
RESIDENT,31.1,32.5,34.33,37.01,11,12,1,2,33.73,1.97,35.63
GOVERNMENT,267.99,233.26,184.08,152.27,7,8,9,10,209.4,-38.57,141.95
RESIDENT,20.16,13.38,15.9,20.7,10,11,12,1,17.54,0.18,20.04
FACTORY,790.64,977.4,870.26,757.32,9,10,11,12,848.91,-11.11,840.25
RESIDENT,23.48,27.92,24.56,20.61,5,6,7,8,24.14,-0.96,19.37
RESIDENT,27.0,30.04,27.37,35.53,2,3,4,5,29.98,2.84,24.34
GOVERNMENT,196.45,248.38,153.78,136.42,7,8,9,10,183.76,-20.01,154.71
RESIDENT,30.96,37.58,39.28,31.9,4,5,6,7,34.93,0.31,31.09
RESIDENT,45.57,32.38,27.85,28.88,8,9,10,11,33.67,-5.56,34.1
RESIDENT,45.26,27.06,26.82,26.6,7,8,9,10,31.43,-6.22,26.0
ORGANIZATION,75.37,85.21,104.08,101.19,3,4,5,6,91.46,8.61,95.48
RESIDENT,17.78,12.54,13.31,15.38,9,10,11,12,14.75,-0.8,17.84
RESIDENT,34.01,27.66,26.26,20.62,6,7,8,9,27.14,-4.46,25.64
FACTORY,1196.96,1493.39,1673.24,1532.92,11,12,1,2,1474.13,111.99,1584.44
RESIDENT,30.12,25.38,26.86,29.08,1,2,3,4,27.86,-0.35,32.2
RESIDENT,27.54,20.92,27.53,16.16,7,8,9,10,23.04,-3.79,22.27
FACTORY,1567.07,2301.02,1792.75,1783.67,8,9,10,11,1861.13,72.2,1756.47
ORGANIZATION,140.98,134.84,143.53,161.53,3,4,5,6,145.22,6.85,142.96
GOVERNMENT,412.39,373.42,385.24,613.01,10,11,12,1,446.01,66.87,389.66
RESIDENT,5.37,2.93,10.37,11.11,12,1,2,3,7.45,1.91,13.76
ORGANIZATION,197.82,173.89,203.95,237.97,12,1,2,3,203.41,13.38,215.03
RESIDENT,25.8,25.99,28.21,30.65,6,7,8,9,27.66,1.62,17.03
RESIDENT,30.71,31.25,32.54,28.04,4,5,6,7,30.63,-0.89,24.62
ORGANIZATION,170.0,190.08,281.12,230.76,1,2,3,4,217.99,20.25,252.64
RESIDENT,30.44,23.57,18.74,27.54,8,9,10,11,25.07,-0.97,17.95
FACTORY,1104.47,825.92,903.44,1020.88,8,9,10,11,963.68,-27.86,825.45
RESIDENT,31.96,37.5,31.36,27.48,7,8,9,10,32.08,-1.49,29.65
GOVERNMENT,267.62,198.44,227.5,391.63,9,10,11,12,271.3,41.34,245.06
ORGANIZATION,129.09,118.62,138.44,121.91,3,4,5,6,127.01,-2.39,160.55
RESIDENT,16.94,13.05,13.6,12.98,8,9,10,11,14.14,-1.32,12.46
RESIDENT,15.9,15.3,12.0,8.26,6,7,8,9,12.87,-2.55,8.2
GOVERNMENT,302.86,319.98,274.65,303.74,11,12,1,2,300.31,0.29,346.47
RESIDENT,33.87,36.05,34.92,29.98,6,7,8,9,33.7,-1.3,29.17
ORGANIZATION,196.28,184.56,178.59,192.01,10,11,12,1,187.86,-1.42,246.18
RESIDENT,20.15,22.52,23.35,25.87,11,12,1,2,22.97,1.91,33.11
GOVERNMENT,489.82,469.48,436.79,417.11,6,7,8,9,453.3,-24.24,415.37
RESIDENT,20.02,16.91,20.5,24.72,10,11,12,1,20.54,1.57,26.38
RESIDENT,6.86,3.89,9.5,6.04,1,2,3,4,6.57,-0.27,10.7
PUBLIC_SERVICE,112.13,99.61,85.16,98.75,7,8,9,10,98.91,-4.46,93.9
GOVERNMENT,299.4,242.97,309.08,298.66,5,6,7,8,287.53,-0.25,222.52
RESIDENT,18.79,19.0,18.32,6.87,6,7,8,9,15.74,-3.97,8.83
FACTORY,1990.35,1780.22,1800.44,1966.8,4,5,6,7,1884.45,-7.85,1675.01
RESIDENT,16.83,9.95,11.51,0.5,6,7,8,9,9.7,-5.44,2.55
FACTORY,1058.4,1240.96,1190.41,973.41,4,5,6,7,1115.8,-28.33,888.62
GOVERNMENT,340.74,277.04,298.42,309.15,10,11,12,1,306.34,-10.53,354.98
RESIDENT,34.59,27.9,25.38,27.81,8,9,10,11,28.92,-2.26,25.75
RESIDENT,19.1,23.24,25.57,30.21,3,4,5,6,24.53,3.7,26.86
FACTORY,1501.17,1411.19,1364.43,1595.3,2,3,4,5,1468.02,31.38,1518.27
RESIDENT,24.47,21.35,25.94,31.36,12,1,2,3,25.78,2.3,29.55
PUBLIC_SERVICE,89.5,94.68,73.36,92.95,4,5,6,7,87.62,1.15,77.34
PUBLIC_SERVICE,57.05,83.85,74.3,70.35,9,10,11,12,71.39,4.43,62.92
ORGANIZATION,32.18,69.8,37.13,53.26,9,10,11,12,48.09,7.03,49.73
GOVERNMENT,107.99,193.31,88.61,155.04,2,3,4,5,136.24,15.68,126.83
FACTORY,1632.16,1790.41,1506.57,1620.24,9,10,11,12,1637.35,-3.97,1567.39
FACTORY,315.49,609.67,589.45,681.96,12,1,2,3,549.14,122.16,571.74
ORGANIZATION,92.48,142.21,90.15,94.2,4,5,6,7,104.76,0.57,75.49
RESIDENT,18.72,18.11,21.56,18.76,9,10,11,12,19.29,0.01,26.93
RESIDENT,24.83,22.64,18.42,29.21,10,11,12,1,23.77,1.46,25.81
RESIDENT,11.7,6.36,5.52,4.61,8,9,10,11,7.05,-2.36,2.44
PUBLIC_SERVICE,87.82,78.08,81.06,77.65,5,6,7,8,81.15,-3.39,49.68
FACTORY,1128.23,1319.03,1549.51,1166.23,5,6,7,8,1290.75,12.67,1404.34
GOVERNMENT,205.08,198.94,157.27,208.46,2,3,4,5,192.44,1.13,257.06
RESIDENT,26.65,28.57,32.98,32.55,11,12,1,2,30.19,1.97,37.59
RESIDENT,49.05,30.82,30.15,38.33,7,8,9,10,37.09,-3.57,25.34
RESIDENT,16.62,16.74,17.38,16.08,5,6,7,8,16.7,-0.18,8.82
FACTORY,1921.6,1807.61,1865.44,1827.21,2,3,4,5,1855.46,-31.46,1921.45
RESIDENT,35.2,38.39,33.39,32.99,4,5,6,7,34.99,-0.74,31.19
GOVERNMENT,413.01,393.08,339.2,578.23,9,10,11,12,430.88,55.07,397.36
ORGANIZATION,182.94,197.46,172.58,170.22,3,4,5,6,180.8,-4.24,167.19
RESIDENT,18.53,16.05,11.58,13.23,6,7,8,9,14.85,-1.77,2.46
RESIDENT,16.07,12.61,12.88,11.34,9,10,11,12,13.23,-1.58,14.7
FACTORY,1370.89,1056.97,864.62,907.13,3,4,5,6,1049.9,-154.59,812.38
FACTORY,953.27,1260.13,895.78,745.17,4,5,6,7,963.59,-69.37,812.03
RESIDENT,31.27,30.15,28.63,24.17,8,9,10,11,28.55,-2.37,25.58
RESIDENT,28.09,26.75,26.46,31.64,9,10,11,12,28.24,1.18,29.41
RESIDENT,10.12,10.6,11.92,7.55,9,10,11,12,10.05,-0.86,16.6
RESIDENT,5.22,16.74,15.92,6.26,3,4,5,6,11.03,0.35,10.44
RESIDENT,25.84,26.23,28.74,21.05,3,4,5,6,25.46,-1.6,24.91
RESIDENT,13.57,16.43,16.16,19.34,11,12,1,2,16.38,1.92,32.86
GOVERNMENT,444.23,471.16,393.94,345.12,9,10,11,12,413.61,-33.04,341.33
RESIDENT,33.24,31.38,30.18,27.29,8,9,10,11,30.52,-1.98,29.48
RESIDENT,8.11,16.9,8.79,5.95,5,6,7,8,9.94,-0.72,3.29
PUBLIC_SERVICE,11.44,22.14,37.72,19.05,11,12,1,2,22.59,2.54,42.63
RESIDENT,38.07,51.37,37.04,36.73,1,2,3,4,40.8,-0.45,49.25
FACTORY,1588.37,1661.61,1822.58,1653.75,3,4,5,6,1681.58,21.79,1630.3
ORGANIZATION,162.1,200.8,191.16,187.94,10,11,12,1,185.5,8.61,189.77
ORGANIZATION,184.85,195.88,165.41,203.04,11,12,1,2,187.29,6.06,188.52
GOVERNMENT,250.85,301.26,281.53,247.95,4,5,6,7,270.4,-0.97,268.73
RESIDENT,28.32,33.71,42.34,54.35,1,2,3,4,39.68,8.68,41.4
RESIDENT,21.05,24.91,27.36,22.13,6,7,8,9,23.86,0.36,21.76
RESIDENT,9.86,12.99,18.24,16.86,12,1,2,3,14.49,2.33,19.1
RESIDENT,20.72,17.13,9.64,17.55,4,5,6,7,16.26,-1.06,12.7
GOVERNMENT,471.48,418.79,443.22,381.26,6,7,8,9,428.69,-30.07,541.65
RESIDENT,22.12,21.78,19.47,26.21,6,7,8,9,22.4,1.36,20.24
PUBLIC_SERVICE,55.9,56.68,48.62,57.04,9,10,11,12,54.56,0.38,63.74
RESIDENT,0.5,3.3,4.46,5.15,10,11,12,1,3.35,1.55,8.02
RESIDENT,25.58,18.57,9.86,8.73,7,8,9,10,15.68,-5.62,8.65
GOVERNMENT,287.02,303.15,337.94,393.65,11,12,1,2,330.44,35.54,359.96
RESIDENT,23.03,33.64,30.88,28.57,4,5,6,7,29.03,1.85,25.82
RESIDENT,36.41,35.13,35.26,38.04,3,4,5,6,36.21,0.54,35.47
RESIDENT,25.35,22.37,30.03,28.98,10,11,12,1,26.68,1.21,30.94
RESIDENT,15.03,13.83,14.82,17.68,7,8,9,10,15.34,0.88,11.01
FACTORY,796.83,440.41,488.71,700.8,9,10,11,12,606.69,-32.01,707.89
RESIDENT,22.43,42.84,34.94,26.29,8,9,10,11,31.62,1.29,27.1
PUBLIC_SERVICE,40.55,51.64,41.36,47.01,12,1,2,3,45.14,2.15,45.92
GOVERNMENT,356.05,344.06,332.16,290.97,5,6,7,8,330.81,-21.69,292.2
RESIDENT,16.71,14.39,14.31,7.3,5,6,7,8,13.18,-3.14,9.79
RESIDENT,34.81,33.5,32.85,34.34,2,3,4,5,33.88,-0.16,38.29
RESIDENT,36.44,37.99,66.26,38.84,3,4,5,6,44.88,0.8,30.72
RESIDENT,17.32,19.22,18.8,20.1,7,8,9,10,18.86,0.93,16.88
GOVERNMENT,205.1,211.45,118.84,140.98,5,6,7,8,169.09,-21.37,174.32
ORGANIZATION,159.05,163.83,180.18,184.47,9,10,11,12,171.88,8.47,194.0
RESIDENT,31.11,41.62,34.79,27.73,5,6,7,8,33.81,-1.13,28.28
GOVERNMENT,479.16,422.22,437.2,536.84,12,1,2,3,468.86,19.23,552.72
PUBLIC_SERVICE,17.74,47.33,46.15,59.61,1,2,3,4,42.71,13.96,59.89
RESIDENT,17.77,17.26,12.78,6.02,8,9,10,11,13.46,-3.92,5.07
RESIDENT,6.64,2.93,4.81,7.82,10,11,12,1,5.55,0.39,7.12
RESIDENT,12.69,19.85,9.92,8.96,5,6,7,8,12.86,-1.24,13.09
RESIDENT,16.19,16.96,22.3,24.02,11,12,1,2,19.87,2.61,24.87
RESIDENT,5.21,10.84,7.41,1.35,8,9,10,11,6.2,-1.29,2.3
ORGANIZATION,38.36,51.38,66.3,78.66,1,2,3,4,58.68,13.43,83.82
RESIDENT,26.52,31.88,36.24,32.72,12,1,2,3,31.84,2.07,48.83
RESIDENT,17.11,20.58,26.38,29.5,12,1,2,3,23.39,4.13,27.97
GOVERNMENT,233.61,263.91,338.04,311.01,12,1,2,3,286.64,25.8,351.75
RESIDENT,8.05,8.75,11.16,8.93,11,12,1,2,9.22,0.29,10.2
RESIDENT,33.42,32.22,28.43,30.11,9,10,11,12,31.04,-1.1,34.77
RESIDENT,9.38,3.38,11.21,13.31,3,4,5,6,9.32,1.31,8.33
RESIDENT,18.52,9.52,10.51,6.62,6,7,8,9,11.29,-3.97,6.7
PUBLIC_SERVICE,52.89,54.87,32.83,22.64,7,8,9,10,40.81,-10.08,24.13
ORGANIZATION,52.04,63.56,52.11,22.2,5,6,7,8,47.48,-9.95,53.41
RESIDENT,24.03,18.03,22.29,17.71,5,6,7,8,20.52,-2.11,15.2
RESIDENT,5.83,16.35,10.12,18.45,1,2,3,4,12.69,4.21,18.91
PUBLIC_SERVICE,158.03,169.34,147.37,159.02,6,7,8,9,158.44,0.33,149.89
FACTORY,1157.17,1222.97,1103.51,1160.68,9,10,11,12,1161.08,1.17,1139.12
RESIDENT,13.98,14.77,13.52,7.32,6,7,8,9,12.4,-2.22,4.77
GOVERNMENT,159.46,122.48,137.42,61.51,7,8,9,10,120.22,-32.65,86.69
PUBLIC_SERVICE,74.37,50.65,74.04,74.19,10,11,12,1,68.31,-0.06,101.01
PUBLIC_SERVICE,91.4,110.63,109.37,101.08,9,10,11,12,103.12,3.23,87.06
FACTORY,904.5,781.59,1004.27,1086.61,2,3,4,5,944.24,60.7,954.63
RESIDENT,42.29,36.46,30.87,33.47,5,6,7,8,35.77,-2.94,32.62
RESIDENT,28.88,28.78,34.34,26.93,12,1,2,3,29.73,-0.65,33.47
RESIDENT,19.49,22.09,16.48,26.91,11,12,1,2,21.24,2.47,25.13
RESIDENT,12.28,13.38,21.84,18.84,3,4,5,6,16.59,2.19,23.55
RESIDENT,24.56,30.49,26.8,28.34,2,3,4,5,27.55,1.26,30.64
RESIDENT,11.67,16.88,13.67,18.45,2,3,4,5,15.17,2.26,17.76
RESIDENT,24.3,23.78,21.52,33.59,8,9,10,11,25.8,3.1,19.98
RESIDENT,36.25,38.95,38.67,39.36,3,4,5,6,38.31,1.04,29.81
GOVERNMENT,134.71,116.25,81.16,75.96,7,8,9,10,102.02,-19.58,27.44
ORGANIZATION,119.05,190.8,124.07,83.16,9,10,11,12,129.27,-11.96,124.16
GOVERNMENT,360.89,344.54,359.19,332.45,5,6,7,8,349.27,-9.48,331.1
ORGANIZATION,104.62,66.74,72.63,63.68,9,10,11,12,76.92,-13.65,92.75
RESIDENT,13.87,10.81,8.92,9.28,7,8,9,10,10.72,-1.53,6.17
RESIDENT,41.58,43.38,53.99,32.76,6,7,8,9,42.93,-2.94,31.93
RESIDENT,31.72,25.99,26.65,27.77,5,6,7,8,28.03,-1.32,24.89
RESIDENT,27.27,25.89,24.62,25.4,10,11,12,1,25.8,-0.62,31.35
FACTORY,1710.6,985.31,1181.17,1625.07,10,11,12,1,1375.54,-28.51,1075.51
PUBLIC_SERVICE,49.25,8.38,40.55,51.64,10,11,12,1,37.45,0.8,41.36
RESIDENT,21.94,16.67,12.15,12.81,7,8,9,10,15.89,-3.04,8.76
ORGANIZATION,144.82,124.38,121.14,142.83,8,9,10,11,133.29,-0.66,111.59
ORGANIZATION,170.01,130.07,152.27,174.08,9,10,11,12,156.61,1.36,149.79
ORGANIZATION,163.5,125.39,133.24,98.36,4,5,6,7,130.12,-21.71,117.72
PUBLIC_SERVICE,129.39,133.95,144.92,147.15,11,12,1,2,138.85,5.92,158.82
GOVERNMENT,381.68,384.15,436.09,446.13,2,3,4,5,412.01,21.48,357.04
GOVERNMENT,484.93,536.95,486.32,429.04,4,5,6,7,484.31,-18.63,471.08
PUBLIC_SERVICE,27.52,39.19,54.78,47.98,1,2,3,4,42.37,6.82,52.5
RESIDENT,1.32,4.93,6.12,12.38,10,11,12,1,6.19,3.69,11.93
RESIDENT,15.11,10.88,12.76,8.68,4,5,6,7,11.86,-2.14,10.35
RESIDENT,4.35,1.6,11.02,12.76,11,12,1,2,7.43,2.8,17.23
RESIDENT,33.05,27.86,30.84,30.04,4,5,6,7,30.45,-1.0,27.71
GOVERNMENT,82.59,123.02,192.22,154.15,1,2,3,4,138.0,23.85,225.82
RESIDENT,9.23,11.04,13.93,19.71,12,1,2,3,13.48,3.49,24.92
PUBLIC_SERVICE,85.03,79.99,52.37,59.78,8,9,10,11,69.29,-8.42,72.53
RESIDENT,7.02,3.36,4.67,6.35,7,8,9,10,5.35,-0.22,7.96
RESIDENT,6.23,10.75,11.11,10.68,5,6,7,8,9.69,1.48,2.6
PUBLIC_SERVICE,48.72,60.04,52.81,56.36,4,5,6,7,54.48,2.55,56.36
RESIDENT,22.1,24.79,18.47,17.73,8,9,10,11,20.77,-1.46,20.16
ORGANIZATION,80.91,84.9,94.97,70.14,8,9,10,11,82.73,-3.59,79.4
RESIDENT,6.68,16.16,13.02,22.37,12,1,2,3,14.56,5.23,23.73
FACTORY,1333.51,1259.99,1911.59,1237.21,3,4,5,6,1435.58,-32.1,1079.93
ORGANIZATION,97.55,131.82,158.38,137.37,1,2,3,4,131.28,13.27,141.51
FACTORY,559.59,396.19,425.87,561.51,10,11,12,1,485.79,0.64,643.91
ORGANIZATION,53.97,61.45,60.89,55.92,11,12,1,2,58.06,0.65,81.18
RESIDENT,24.54,25.96,19.71,18.03,7,8,9,10,22.06,-2.17,20.13
RESIDENT,25.39,30.4,32.47,31.86,12,1,2,3,30.03,2.16,33.47
RESIDENT,25.37,23.65,30.26,30.49,1,2,3,4,27.44,1.71,31.22
RESIDENT,6.64,4.51,9.6,7.02,10,11,12,1,6.94,0.13,8.47
GOVERNMENT,204.87,212.75,299.77,266.11,1,2,3,4,245.88,20.41,278.86
RESIDENT,10.83,1.93,5.24,2.67,9,10,11,12,5.17,-2.72,13.75
RESIDENT,27.05,20.28,24.04,18.83,11,12,1,2,22.55,-2.74,37.04
RESIDENT,34.66,37.16,38.98,30.55,5,6,7,8,35.34,-1.37,29.48
PUBLIC_SERVICE,107.19,100.27,90.51,85.43,7,8,9,10,95.85,-7.25,84.18
RESIDENT,36.37,30.23,30.42,22.71,7,8,9,10,29.93,-4.55,25.34
ORGANIZATION,158.41,174.05,163.48,158.89,6,7,8,9,163.71,0.16,149.25
ORGANIZATION,96.03,113.02,129.71,203.02,11,12,1,2,135.44,35.66,160.03
ORGANIZATION,163.38,173.01,150.2,173.33,1,2,3,4,164.98,3.32,184.25
RESIDENT,23.45,24.25,30.14,29.37,11,12,1,2,26.8,1.97,33.39
RESIDENT,19.16,16.39,11.38,12.62,10,11,12,1,14.89,-2.18,18.37
GOVERNMENT,401.13,398.35,389.65,364.95,9,10,11,12,388.52,-12.06,422.97
RESIDENT,13.13,1.46,3.84,0.5,7,8,9,10,4.73,-4.21,1.83
RESIDENT,27.88,30.1,34.76,25.54,4,5,6,7,29.57,-0.78,22.05
RESIDENT,22.61,24.52,19.07,23.26,2,3,4,5,22.36,0.22,19.0
RESIDENT,17.29,14.33,18.48,16.51,10,11,12,1,16.65,-0.26,18.45
FACTORY,1417.04,1215.1,1355.91,1255.43,6,7,8,9,1310.87,-53.87,1025.91
RESIDENT,36.72,34.03,33.9,37.81,5,6,7,8,35.62,0.36,29.38
PUBLIC_SERVICE,44.18,45.56,69.94,70.53,2,3,4,5,57.55,8.78,62.05
ORGANIZATION,158.71,178.47,168.79,140.95,5,6,7,8,161.73,-5.92,127.02
ORGANIZATION,152.89,120.76,131.75,163.25,1,2,3,4,142.16,3.45,152.49
FACTORY,1437.8,928.4,1045.33,854.51,7,8,9,10,1066.51,-194.43,959.37
ORGANIZATION,101.61,125.65,132.97,136.65,4,5,6,7,124.22,11.68,95.86
RESIDENT,27.77,24.89,25.26,19.05,8,9,10,11,24.24,-2.91,21.43
FACTORY,1327.94,1472.28,1316.07,1181.95,9,10,11,12,1324.56,-48.66,1247.65
RESIDENT,13.83,14.82,17.68,11.01,8,9,10,11,14.33,-0.94,8.56
RESIDENT,30.13,36.25,32.77,37.98,11,12,1,2,34.28,2.62,49.77
GOVERNMENT,191.32,205.78,131.93,175.35,9,10,11,12,176.09,-5.32,168.13
RESIDENT,7.58,8.24,4.45,1.92,7,8,9,10,5.55,-1.89,1.11
RESIDENT,28.65,28.45,30.37,25.66,8,9,10,11,28.28,-1.0,31.33
RESIDENT,8.12,13.63,5.38,6.5,6,7,8,9,8.41,-0.54,6.44
PUBLIC_SERVICE,96.4,91.4,83.86,73.46,7,8,9,10,86.28,-7.65,126.35
GOVERNMENT,162.47,122.38,90.71,80.3,8,9,10,11,113.97,-27.39,99.85
RESIDENT,19.17,17.83,16.04,15.61,4,5,6,7,17.16,-1.19,11.11
RESIDENT,4.9,0.5,8.75,11.2,11,12,1,2,6.34,2.1,9.95
RESIDENT,12.19,16.06,14.52,22.98,11,12,1,2,16.44,3.6,18.08
RESIDENT,11.61,11.56,19.45,16.17,1,2,3,4,14.7,1.52,19.14
RESIDENT,9.83,14.03,10.75,11.54,3,4,5,6,11.54,0.57,14.54
RESIDENT,35.31,40.11,26.87,19.46,5,6,7,8,30.44,-5.28,17.62
FACTORY,1638.01,1721.02,2855.29,1816.62,11,12,1,2,2007.73,59.54,1973.26
RESIDENT,12.78,10.56,16.75,15.59,11,12,1,2,13.92,0.94,19.48
RESIDENT,16.48,4.88,12.79,10.24,4,5,6,7,11.1,-2.08,11.74
RESIDENT,21.65,36.21,25.95,29.66,3,4,5,6,28.37,2.67,24.32
RESIDENT,8.97,9.88,17.78,13.36,4,5,6,7,12.5,1.46,10.67
GOVERNMENT,399.93,337.49,317.91,312.45,8,9,10,11,341.95,-29.16,314.17
RESIDENT,6.72,9.85,15.36,16.35,1,2,3,4,12.07,3.21,15.69
RESIDENT,13.12,16.72,16.3,18.24,3,4,5,6,16.09,1.71,18.73
RESIDENT,13.6,14.02,13.45,12.13,9,10,11,12,13.3,-0.49,17.11
RESIDENT,5.89,9.26,14.99,4.53,3,4,5,6,8.67,-0.45,8.74
RESIDENT,34.87,37.1,28.65,28.45,6,7,8,9,32.27,-2.14,30.37
RESIDENT,26.2,20.59,27.82,29.79,1,2,3,4,26.1,1.2,33.76
RESIDENT,18.87,20.5,13.54,16.7,2,3,4,5,17.4,-0.72,18.18
RESIDENT,28.39,33.74,29.09,28.35,7,8,9,10,29.89,-0.01,26.45
RESIDENT,18.85,14.99,6.02,9.43,7,8,9,10,12.32,-3.14,12.23
GOVERNMENT,300.37,281.66,422.61,246.78,9,10,11,12,312.86,-17.86,251.55
GOVERNMENT,370.01,362.4,356.04,331.51,9,10,11,12,354.99,-12.83,315.36
FACTORY,1647.83,1579.07,1640.3,1807.55,9,10,11,12,1668.69,53.24,1670.74
GOVERNMENT,150.36,171.8,121.56,139.11,5,6,7,8,145.71,-3.75,50.37
RESIDENT,9.67,12.77,9.11,7.83,5,6,7,8,9.84,-0.61,1.51
GOVERNMENT,292.73,299.4,242.97,309.08,4,5,6,7,286.05,5.45,298.66
RESIDENT,26.85,34.81,33.5,32.85,1,2,3,4,32.0,2.0,34.34
RESIDENT,38.07,30.93,31.78,31.06,4,5,6,7,32.96,-2.34,30.79
GOVERNMENT,116.68,146.62,131.14,110.16,4,5,6,7,126.15,-2.17,186.81
RESIDENT,33.26,41.31,32.86,34.35,4,5,6,7,35.45,0.36,30.35
RESIDENT,16.34,16.56,18.7,15.11,3,4,5,6,16.68,-0.41,10.69
PUBLIC_SERVICE,15.41,23.19,32.74,50.23,11,12,1,2,30.39,11.61,47.62
RESIDENT,12.82,8.26,6.53,4.38,7,8,9,10,8.0,-2.81,7.67
RESIDENT,2.73,0.5,0.9,13.74,9,10,11,12,4.47,3.67,6.17
GOVERNMENT,464.15,377.41,469.4,477.6,11,12,1,2,447.14,4.48,534.71
RESIDENT,18.86,15.94,19.2,18.51,1,2,3,4,18.13,-0.12,23.99
PUBLIC_SERVICE,125.17,110.37,125.45,124.86,1,2,3,4,121.46,-0.1,104.91
PUBLIC_SERVICE,58.61,70.47,53.16,47.42,1,2,3,4,57.41,-3.73,50.08
PUBLIC_SERVICE,59.11,18.41,36.56,13.95,8,9,10,11,32.01,-15.05,40.6
RESIDENT,33.23,27.13,23.13,20.83,8,9,10,11,26.08,-4.13,29.03
PUBLIC_SERVICE,131.83,138.15,124.65,109.14,7,8,9,10,125.94,-7.56,95.18
RESIDENT,23.74,17.61,14.58,19.05,8,9,10,11,18.74,-1.56,14.27
RESIDENT,32.96,31.42,33.31,33.66,2,3,4,5,32.84,0.23,36.33
FACTORY,1931.07,2107.84,2402.04,2065.25,4,5,6,7,2126.55,44.73,2633.81
RESIDENT,23.26,25.02,16.86,25.86,9,10,11,12,22.75,0.87,22.19
RESIDENT,29.2,28.09,26.75,26.46,8,9,10,11,27.62,-0.91,31.64
ORGANIZATION,100.76,93.76,111.9,180.67,2,3,4,5,121.77,26.64,129.78
RESIDENT,9.94,13.89,16.43,5.95,4,5,6,7,11.55,-1.33,0.5
PUBLIC_SERVICE,138.54,139.81,119.77,134.35,7,8,9,10,133.12,-1.4,135.89
RESIDENT,25.61,24.79,28.9,29.04,3,4,5,6,27.09,1.14,29.21
RESIDENT,15.3,24.03,25.44,27.61,12,1,2,3,23.09,4.1,26.73
RESIDENT,8.59,20.4,23.29,14.84,2,3,4,5,16.78,2.08,19.86
FACTORY,849.62,1049.68,989.6,1131.58,1,2,3,4,1005.12,93.99,1149.86
ORGANIZATION,33.7,47.13,47.62,75.16,1,2,3,4,50.9,13.82,52.1
GOVERNMENT,143.98,148.03,205.08,198.94,12,1,2,3,174.01,18.32,157.27
FACTORY,1766.86,1677.78,1684.96,1675.18,9,10,11,12,1701.2,-30.56,1818.72
PUBLIC_SERVICE,64.43,85.39,60.24,54.52,5,6,7,8,66.14,-3.3,45.86
RESIDENT,15.64,18.8,15.21,28.85,1,2,3,4,19.62,4.4,20.35
RESIDENT,23.26,18.78,27.49,24.9,6,7,8,9,23.61,0.55,17.66
RESIDENT,18.14,14.9,16.64,11.61,5,6,7,8,15.32,-2.18,8.61
RESIDENT,15.11,14.26,17.25,17.88,12,1,2,3,16.12,0.92,26.52
RESIDENT,39.88,27.18,29.56,28.57,10,11,12,1,31.3,-3.77,27.91
RESIDENT,29.69,31.83,33.69,32.54,3,4,5,6,31.94,0.95,31.53
PUBLIC_SERVICE,102.88,99.25,94.64,107.15,9,10,11,12,100.98,1.42,108.38
ORGANIZATION,145.98,141.34,160.63,148.61,7,8,9,10,149.14,0.88,142.02
RESIDENT,23.88,24.32,24.83,30.15,2,3,4,5,25.8,2.09,26.58
PUBLIC_SERVICE,133.25,111.24,137.2,151.18,11,12,1,2,133.22,5.98,157.4
RESIDENT,0.5,5.31,8.27,7.57,1,2,3,4,5.41,2.36,9.72
RESIDENT,21.68,24.81,25.72,24.72,3,4,5,6,24.23,1.01,19.16
RESIDENT,29.97,27.3,25.27,24.15,5,6,7,8,26.67,-1.94,21.55
RESIDENT,6.77,10.32,10.22,5.42,5,6,7,8,8.18,-0.45,8.96
PUBLIC_SERVICE,35.48,15.19,35.3,27.52,10,11,12,1,28.37,-2.65,39.19
RESIDENT,29.76,33.68,30.91,34.63,4,5,6,7,32.24,1.62,25.4
RESIDENT,34.84,40.46,34.55,25.8,2,3,4,5,33.91,-3.01,30.84
RESIDENT,2.19,2.86,0.5,0.5,9,10,11,12,1.51,-0.56,7.63
PUBLIC_SERVICE,53.95,63.86,62.51,81.27,1,2,3,4,65.4,9.11,50.74
ORGANIZATION,137.0,132.11,138.02,135.39,2,3,4,5,135.63,-0.54,167.58
RESIDENT,30.52,28.69,31.26,25.67,4,5,6,7,29.04,-1.62,23.77
RESIDENT,13.81,3.95,7.73,13.79,8,9,10,11,9.82,-0.01,3.12
RESIDENT,18.35,18.91,13.01,20.23,5,6,7,8,17.62,0.63,11.38
FACTORY,949.34,811.81,761.39,887.41,8,9,10,11,852.49,-20.64,1020.15
ORGANIZATION,207.72,193.06,224.95,212.89,2,3,4,5,209.66,1.72,248.72
PUBLIC_SERVICE,95.48,89.74,95.49,115.3,12,1,2,3,99.0,6.61,124.33
RESIDENT,22.33,14.77,15.98,12.18,8,9,10,11,16.31,-3.38,10.15
RESIDENT,13.41,11.64,18.27,17.88,1,2,3,4,15.3,1.49,22.19
RESIDENT,7.26,8.48,6.26,4.05,7,8,9,10,6.51,-1.07,5.61
FACTORY,993.18,1453.88,930.18,979.14,4,5,6,7,1089.1,-4.68,813.77
GOVERNMENT,237.32,310.3,297.01,330.07,1,2,3,4,293.68,30.92,370.04
RESIDENT,18.63,12.84,11.82,15.09,6,7,8,9,14.59,-1.18,9.53
PUBLIC_SERVICE,118.14,81.66,80.75,79.45,6,7,8,9,90.0,-12.9,89.62
GOVERNMENT,398.7,545.65,418.24,389.51,4,5,6,7,438.02,-3.06,413.22
GOVERNMENT,256.57,346.18,324.63,335.01,2,3,4,5,315.6,26.15,372.2
RESIDENT,20.53,23.32,22.94,13.03,7,8,9,10,19.96,-2.5,26.4
PUBLIC_SERVICE,30.27,54.8,24.89,63.45,2,3,4,5,43.35,11.06,70.35
GOVERNMENT,325.23,429.76,392.67,465.83,12,1,2,3,403.37,46.87,421.04
GOVERNMENT,507.7,524.45,475.75,466.94,2,3,4,5,493.71,-13.59,502.58
RESIDENT,19.1,18.0,15.72,25.17,3,4,5,6,19.5,2.02,15.49
RESIDENT,18.26,19.79,21.17,18.09,3,4,5,6,19.33,-0.06,20.26
GOVERNMENT,307.25,320.0,290.25,278.96,7,8,9,10,299.12,-9.43,269.18
GOVERNMENT,368.24,534.53,324.25,300.12,3,4,5,6,381.78,-22.71,350.67
RESIDENT,25.95,29.66,24.32,21.22,5,6,7,8,25.29,-1.58,23.13
RESIDENT,17.29,18.44,19.87,17.39,9,10,11,12,18.25,0.03,22.32
PUBLIC_SERVICE,166.31,169.51,150.14,137.93,4,5,6,7,155.97,-9.46,153.23
RESIDENT,10.91,14.9,19.93,20.43,10,11,12,1,16.54,3.17,21.06
GOVERNMENT,327.84,342.05,527.23,304.12,1,2,3,4,375.31,-7.91,395.67
ORGANIZATION,131.61,150.16,110.52,132.15,9,10,11,12,131.11,0.18,93.15
GOVERNMENT,379.09,394.54,350.74,371.04,6,7,8,9,373.85,-2.68,307.88
RESIDENT,9.15,6.36,9.53,17.68,12,1,2,3,10.68,2.84,16.05
PUBLIC_SERVICE,97.38,73.22,87.09,105.64,11,12,1,2,90.83,2.75,98.48
RESIDENT,25.14,23.85,21.45,26.0,8,9,10,11,24.11,0.29,17.96
RESIDENT,19.37,18.0,15.53,9.61,6,7,8,9,15.63,-3.25,9.14
RESIDENT,24.89,29.56,27.47,38.36,2,3,4,5,30.07,4.49,31.3
RESIDENT,31.03,33.81,22.86,19.69,7,8,9,10,26.85,-3.78,22.47
RESIDENT,6.03,9.05,13.31,14.62,11,12,1,2,10.75,2.86,21.04
FACTORY,1348.76,1195.19,1267.33,1534.66,10,11,12,1,1336.48,61.97,1432.86
RESIDENT,37.67,30.21,34.05,32.08,4,5,6,7,33.5,-1.86,29.47
RESIDENT,6.65,15.49,10.46,13.37,2,3,4,5,11.49,2.24,13.09
RESIDENT,28.32,32.76,22.62,24.12,8,9,10,11,26.96,-1.4,22.34
RESIDENT,21.81,20.57,21.71,20.53,9,10,11,12,21.16,-0.43,18.06
RESIDENT,1.05,1.66,12.32,9.89,12,1,2,3,6.23,2.95,10.42
GOVERNMENT,197.44,162.96,268.37,213.61,12,1,2,3,210.59,5.39,240.63
ORGANIZATION,121.62,107.49,67.3,75.51,8,9,10,11,92.98,-15.37,96.12
RESIDENT,26.33,22.84,27.67,23.98,3,4,5,6,25.21,-0.78,25.85
GOVERNMENT,311.41,326.54,342.45,402.62,10,11,12,1,345.75,30.4,396.18
RESIDENT,12.91,19.38,13.2,9.74,8,9,10,11,13.81,-1.06,17.94
PUBLIC_SERVICE,155.51,149.98,226.84,158.03,3,4,5,6,172.59,0.84,169.34
RESIDENT,19.37,16.52,19.21,19.47,12,1,2,3,18.64,0.03,25.53
FACTORY,763.84,777.42,849.64,757.89,9,10,11,12,787.2,-1.98,617.82
RESIDENT,33.59,31.58,34.82,44.21,3,4,5,6,36.05,3.54,39.96
RESIDENT,35.76,38.52,37.68,30.71,5,6,7,8,35.67,-1.68,33.9
PUBLIC_SERVICE,102.83,87.53,81.36,74.49,8,9,10,11,86.55,-9.45,86.23
RESIDENT,10.74,19.03,15.28,15.31,8,9,10,11,15.09,1.52,10.88
RESIDENT,5.56,3.31,3.34,4.32,10,11,12,1,4.13,-0.41,11.83
PUBLIC_SERVICE,122.01,147.69,97.85,106.73,7,8,9,10,118.57,-5.09,110.06
RESIDENT,33.94,32.41,31.49,24.9,6,7,8,9,30.68,-3.01,28.24
GOVERNMENT,508.16,528.63,555.1,542.07,1,2,3,4,533.49,11.3,534.77
PUBLIC_SERVICE,157.0,139.46,143.1,120.18,6,7,8,9,139.94,-12.27,169.66
GOVERNMENT,277.04,298.42,309.15,354.98,11,12,1,2,309.9,25.98,363.58
RESIDENT,43.71,37.46,32.54,28.89,6,7,8,9,35.65,-4.94,29.79
RESIDENT,31.93,17.85,16.95,16.0,8,9,10,11,20.68,-5.31,25.67
RESIDENT,9.64,17.55,12.7,8.93,6,7,8,9,12.21,-0.24,4.62
RESIDENT,8.53,11.35,12.19,18.51,3,4,5,6,12.64,3.33,8.58
RESIDENT,20.92,16.11,14.73,23.25,7,8,9,10,18.75,0.78,11.4
GOVERNMENT,153.86,124.82,192.28,246.54,12,1,2,3,179.38,30.89,308.8
PUBLIC_SERVICE,18.41,36.56,13.95,40.6,9,10,11,12,27.38,7.4,44.42
RESIDENT,22.24,22.58,23.98,27.69,1,2,3,4,24.12,1.82,31.07
RESIDENT,23.77,15.68,12.24,12.48,8,9,10,11,16.04,-3.76,11.95
RESIDENT,31.69,26.69,32.24,28.73,4,5,6,7,29.84,-0.99,25.67
RESIDENT,24.17,30.99,20.25,27.85,3,4,5,6,25.81,1.23,21.56
GOVERNMENT,96.33,150.36,171.8,121.56,4,5,6,7,135.01,8.41,139.11
RESIDENT,15.72,25.17,15.49,6.52,5,6,7,8,15.73,-3.07,7.17
ORGANIZATION,168.91,172.55,147.89,157.94,8,9,10,11,161.82,-3.66,159.33
RESIDENT,26.29,32.19,35.16,37.03,12,1,2,3,32.67,3.58,46.62
RESIDENT,11.56,13.77,12.86,26.31,12,1,2,3,16.12,4.92,18.01
RESIDENT,22.7,23.34,29.16,27.75,2,3,4,5,25.74,1.68,29.43
ORGANIZATION,175.87,170.43,129.12,138.39,6,7,8,9,153.45,-12.49,117.18
RESIDENT,18.33,15.64,15.21,14.89,4,5,6,7,16.02,-1.15,16.69
RESIDENT,19.81,29.55,25.31,26.52,9,10,11,12,25.3,2.24,31.88
RESIDENT,11.71,15.86,14.99,9.53,6,7,8,9,13.02,-0.73,12.6
RESIDENT,25.37,26.56,19.1,18.43,5,6,7,8,22.37,-2.31,16.16
RESIDENT,12.61,16.32,15.08,13.78,8,9,10,11,14.45,0.39,15.81
PUBLIC_SERVICE,76.89,112.94,100.55,98.2,1,2,3,4,97.14,7.1,111.97
FACTORY,850.08,838.39,905.84,701.68,6,7,8,9,824.0,-49.47,707.14
RESIDENT,10.31,11.56,14.96,15.51,1,2,3,4,13.08,1.73,20.52
RESIDENT,7.99,3.94,0.5,1.38,8,9,10,11,3.45,-2.2,0.5
RESIDENT,30.56,31.83,34.09,37.18,1,2,3,4,33.41,2.21,42.9
RESIDENT,0.5,6.86,3.89,9.5,12,1,2,3,5.19,3.0,6.04
ORGANIZATION,141.07,153.84,167.82,194.57,2,3,4,5,164.32,17.83,167.88
RESIDENT,36.73,27.01,17.99,16.39,6,7,8,9,24.53,-6.78,15.42
ORGANIZATION,115.54,124.01,58.0,71.0,8,9,10,11,92.14,-14.85,130.26
ORGANIZATION,154.27,181.44,158.12,146.69,6,7,8,9,160.13,-2.53,155.82
GOVERNMENT,190.59,181.94,180.14,214.63,10,11,12,1,191.82,8.01,261.65
RESIDENT,31.78,31.06,30.79,35.24,6,7,8,9,32.22,1.15,38.21
ORGANIZATION,52.85,58.09,4.51,55.62,11,12,1,2,42.77,0.92,63.09
RESIDENT,5.79,6.18,6.99,9.97,1,2,3,4,7.23,1.39,14.4
RESIDENT,31.15,34.18,40.31,36.27,2,3,4,5,35.48,1.71,35.71
RESIDENT,14.93,15.38,10.68,4.06,7,8,9,10,11.26,-3.62,3.77
FACTORY,1947.48,1902.62,1994.06,1973.16,2,3,4,5,1954.33,8.56,2167.48
RESIDENT,24.16,18.44,13.98,14.77,4,5,6,7,17.84,-3.13,13.52
GOVERNMENT,518.72,517.39,535.28,520.22,10,11,12,1,522.9,0.5,542.79
RESIDENT,35.03,34.1,38.31,42.81,2,3,4,5,37.56,2.59,38.77
RESIDENT,0.5,10.81,8.8,14.55,11,12,1,2,8.66,4.68,18.18
ORGANIZATION,137.19,171.1,248.61,159.81,12,1,2,3,179.18,7.54,256.96
RESIDENT,14.65,14.7,12.75,12.45,5,6,7,8,13.64,-0.73,10.62
RESIDENT,17.24,19.66,26.19,31.88,2,3,4,5,23.74,4.88,24.64
RESIDENT,37.35,18.97,23.91,19.43,8,9,10,11,24.91,-5.97,20.66
FACTORY,1056.07,1083.44,1248.72,1242.56,3,4,5,6,1157.7,62.16,1097.83
GOVERNMENT,483.75,440.13,478.92,454.81,7,8,9,10,464.4,-9.65,439.11
RESIDENT,20.43,23.01,19.76,21.94,3,4,5,6,21.29,0.5,12.74
RESIDENT,24.14,28.77,27.54,23.86,7,8,9,10,26.08,-0.09,21.16
RESIDENT,12.43,10.9,16.71,15.8,11,12,1,2,13.96,1.12,18.78
RESIDENT,27.74,30.31,30.89,24.8,9,10,11,12,28.43,-0.98,28.26
PUBLIC_SERVICE,65.87,119.1,64.18,55.04,6,7,8,9,76.05,-3.61,49.47
RESIDENT,21.88,17.04,23.74,25.88,11,12,1,2,22.13,1.33,37.87
RESIDENT,13.51,22.7,23.34,29.16,1,2,3,4,22.18,5.22,27.75
RESIDENT,19.91,29.77,30.51,30.62,1,2,3,4,27.7,3.57,26.67
RESIDENT,5.39,5.44,0.5,9.81,12,1,2,3,5.29,1.47,10.5
RESIDENT,17.45,16.28,15.25,9.38,6,7,8,9,14.59,-2.69,8.31
RESIDENT,4.75,2.84,5.98,11.35,10,11,12,1,6.23,2.2,4.17
RESIDENT,3.42,8.21,10.77,8.98,11,12,1,2,7.84,1.85,17.82
PUBLIC_SERVICE,133.47,194.4,149.92,137.67,5,6,7,8,153.86,1.4,117.25
RESIDENT,5.52,4.61,2.44,9.92,10,11,12,1,5.62,1.47,9.97
RESIDENT,2.19,6.98,7.52,12.3,11,12,1,2,7.25,3.37,13.01
RESIDENT,3.6,5.66,4.8,12.21,12,1,2,3,6.57,2.87,10.12
RESIDENT,36.25,37.98,31.93,33.34,7,8,9,10,34.88,-0.97,24.76
PUBLIC_SERVICE,141.11,145.06,139.23,122.53,8,9,10,11,136.98,-6.19,138.02
ORGANIZATION,130.9,118.21,126.93,84.77,6,7,8,9,115.2,-15.38,93.19
ORGANIZATION,120.76,131.75,163.25,152.49,2,3,4,5,142.06,10.58,152.7
ORGANIZATION,112.6,93.62,105.54,124.68,2,3,4,5,109.11,4.03,80.25
RESIDENT,4.04,13.21,11.57,7.71,3,4,5,6,9.13,1.22,7.09
ORGANIZATION,168.64,184.94,179.83,257.74,4,5,6,7,197.79,29.7,148.75
FACTORY,1245.44,1411.84,1422.4,1558.11,10,11,12,1,1409.45,104.22,1725.37
RESIDENT,20.13,22.73,26.36,30.05,2,3,4,5,24.82,3.31,26.57
RESIDENT,20.63,19.03,14.6,18.72,8,9,10,11,18.24,-0.64,13.6
RESIDENT,9.53,15.88,20.34,17.99,2,3,4,5,15.93,2.82,14.46
GOVERNMENT,309.54,320.33,337.77,347.98,5,6,7,8,328.9,12.81,319.28
RESIDENT,22.3,24.02,24.87,27.34,1,2,3,4,24.63,1.68,23.55
RESIDENT,28.57,32.98,32.55,37.59,12,1,2,3,32.92,3.01,39.05
ORGANIZATION,67.0,52.78,44.76,68.97,10,11,12,1,58.38,0.66,82.98
PUBLIC_SERVICE,168.81,157.03,168.35,225.31,7,8,9,10,179.88,18.83,212.12
RESIDENT,36.34,26.61,29.85,30.54,7,8,9,10,30.84,-1.93,30.73
RESIDENT,32.57,30.48,42.81,31.46,4,5,6,7,34.33,-0.37,28.67
RESIDENT,6.62,6.7,4.97,12.73,9,10,11,12,7.75,2.04,7.59
ORGANIZATION,109.51,107.1,122.82,140.36,12,1,2,3,119.95,10.28,159.03
FACTORY,923.94,654.11,750.07,705.7,8,9,10,11,758.46,-72.75,699.67
PUBLIC_SERVICE,84.71,74.41,82.67,46.28,6,7,8,9,72.02,-12.81,51.9
FACTORY,959.54,663.23,878.05,571.79,4,5,6,7,768.15,-129.25,609.33
FACTORY,480.94,636.56,302.94,394.26,8,9,10,11,453.68,-28.89,305.62
RESIDENT,13.52,11.61,10.53,1.92,6,7,8,9,9.39,-3.87,3.98
RESIDENT,31.89,29.42,24.46,27.14,5,6,7,8,28.23,-1.58,22.21
PUBLIC_SERVICE,57.35,35.73,42.51,49.46,7,8,9,10,46.26,-2.63,19.47
RESIDENT,37.81,29.38,26.92,29.28,8,9,10,11,30.85,-2.84,28.15
RESIDENT,25.2,22.44,31.32,27.45,2,3,4,5,26.6,0.75,32.23
RESIDENT,32.31,28.95,30.77,41.22,1,2,3,4,33.31,2.97,37.07
RESIDENT,24.01,23.11,25.92,27.62,2,3,4,5,25.17,1.2,31.63
FACTORY,1303.06,1327.78,1456.34,1540.14,11,12,1,2,1406.83,79.03,1701.88
PUBLIC_SERVICE,57.82,53.53,66.81,76.81,10,11,12,1,63.74,6.33,72.81
RESIDENT,23.43,22.37,22.76,15.58,6,7,8,9,21.04,-2.62,13.48
GOVERNMENT,474.9,432.99,457.89,583.72,12,1,2,3,487.38,36.27,531.96
ORGANIZATION,180.27,167.6,199.5,183.51,7,8,9,10,182.72,1.08,201.41
ORGANIZATION,57.85,41.79,62.36,41.01,11,12,1,2,50.75,-5.61,97.76
FACTORY,1298.78,1148.23,1432.43,1219.94,12,1,2,3,1274.85,-26.28,1502.94
RESIDENT,9.15,13.06,8.78,15.41,2,3,4,5,11.6,2.09,6.94
FACTORY,1540.92,1567.53,1446.19,1714.73,9,10,11,12,1567.34,57.94,1752.31
RESIDENT,29.27,33.34,21.2,31.04,6,7,8,9,28.71,0.59,20.27
RESIDENT,9.0,10.42,1.82,0.5,7,8,9,10,5.44,-2.83,4.96
GOVERNMENT,373.32,391.74,350.61,396.32,8,9,10,11,378.0,7.67,351.96
RESIDENT,12.19,18.51,8.58,10.65,5,6,7,8,12.48,-0.51,9.03
PUBLIC_SERVICE,75.53,74.01,78.34,53.91,5,6,7,8,70.45,-7.21,52.44
RESIDENT,40.15,38.92,46.29,39.0,5,6,7,8,41.09,-0.38,31.89
FACTORY,1521.84,1530.14,1794.59,1467.67,4,5,6,7,1578.56,-18.06,1398.08
RESIDENT,34.78,26.29,22.18,20.02,6,7,8,9,25.82,-4.92,24.6
RESIDENT,18.8,11.64,19.07,22.06,10,11,12,1,17.89,1.09,24.11
PUBLIC_SERVICE,34.5,43.45,31.81,19.51,7,8,9,10,32.32,-5.0,11.1
PUBLIC_SERVICE,136.55,133.96,152.39,150.95,12,1,2,3,143.46,4.8,154.17
ORGANIZATION,62.36,41.01,97.76,80.06,1,2,3,4,70.3,5.9,76.78
RESIDENT,33.83,26.74,34.84,32.23,9,10,11,12,31.91,-0.53,26.08
PUBLIC_SERVICE,24.13,28.14,55.5,37.48,11,12,1,2,36.31,4.45,41.41
RESIDENT,31.51,32.7,22.91,28.64,8,9,10,11,28.94,-0.96,31.15
ORGANIZATION,187.79,194.11,170.13,143.41,7,8,9,10,173.86,-14.79,121.9
RESIDENT,38.32,32.66,34.17,36.4,2,3,4,5,35.39,-0.64,33.44
PUBLIC_SERVICE,147.69,97.85,106.73,110.06,8,9,10,11,115.58,-12.54,124.63
GOVERNMENT,384.65,409.56,412.15,415.8,1,2,3,4,405.54,10.38,441.6
RESIDENT,11.56,6.77,11.14,3.63,11,12,1,2,8.28,-2.64,19.29
RESIDENT,25.7,18.7,20.76,17.77,7,8,9,10,20.73,-2.64,20.44
PUBLIC_SERVICE,88.06,79.04,66.45,84.19,6,7,8,9,79.44,-1.29,74.36
RESIDENT,13.35,14.35,14.84,13.72,2,3,4,5,14.06,0.12,11.46
RESIDENT,39.09,36.38,30.44,25.89,6,7,8,9,32.95,-4.4,32.29
FACTORY,1865.44,1827.21,1921.45,2005.81,4,5,6,7,1904.98,46.79,1640.28
RESIDENT,24.68,14.46,16.86,21.05,8,9,10,11,19.26,-1.21,19.53
RESIDENT,4.81,1.99,0.5,6.96,9,10,11,12,3.56,0.72,4.4
ORGANIZATION,117.24,96.03,113.02,129.71,10,11,12,1,114.0,4.16,203.02
RESIDENT,30.66,34.2,29.54,24.09,4,5,6,7,29.62,-2.19,25.39
RESIDENT,9.35,8.8,16.59,12.0,9,10,11,12,11.68,0.88,11.13
RESIDENT,18.05,24.16,25.49,21.92,3,4,5,6,22.41,1.29,17.41
PUBLIC_SERVICE,96.32,90.88,82.15,80.23,6,7,8,9,87.4,-5.36,70.24
RESIDENT,38.52,37.68,30.71,33.9,6,7,8,9,35.2,-1.54,28.84
RESIDENT,22.34,26.07,31.18,35.16,1,2,3,4,28.69,4.27,35.9
RESIDENT,31.09,28.07,23.21,19.8,9,10,11,12,25.54,-3.76,26.52
RESIDENT,21.75,21.3,21.78,18.22,5,6,7,8,20.76,-1.18,18.99
GOVERNMENT,412.54,608.69,462.09,482.72,1,2,3,4,491.51,23.39,613.22
RESIDENT,21.84,18.84,23.55,13.0,5,6,7,8,19.31,-2.95,12.63
RESIDENT,29.39,34.97,24.95,38.66,9,10,11,12,31.99,3.09,27.08
RESIDENT,30.2,39.05,39.46,40.89,1,2,3,4,37.4,3.56,40.89
PUBLIC_SERVICE,92.66,150.18,87.88,115.75,9,10,11,12,111.62,7.7,103.63
RESIDENT,42.07,41.95,38.78,36.19,4,5,6,7,39.75,-1.96,36.01
RESIDENT,3.7,1.21,8.04,5.55,10,11,12,1,4.62,0.62,11.52
GOVERNMENT,242.1,167.62,247.61,245.66,6,7,8,9,225.75,1.19,192.93
GOVERNMENT,139.66,182.45,176.83,171.47,4,5,6,7,167.6,10.6,111.36
RESIDENT,17.15,22.02,8.72,13.14,8,9,10,11,15.26,-1.34,14.61
RESIDENT,0.5,0.5,2.64,6.48,12,1,2,3,2.53,1.99,10.51
RESIDENT,2.25,2.5,0.5,6.39,10,11,12,1,2.91,1.38,10.99
RESIDENT,33.37,53.38,31.06,31.29,8,9,10,11,37.27,-0.69,30.43
RESIDENT,18.85,20.49,24.88,10.21,4,5,6,7,18.61,-2.88,14.5
RESIDENT,33.44,36.96,37.86,43.69,2,3,4,5,37.99,3.42,37.02
RESIDENT,18.84,22.31,27.55,14.22,9,10,11,12,20.73,-1.54,18.81
RESIDENT,26.28,26.87,23.04,30.28,10,11,12,1,26.62,1.33,27.02
PUBLIC_SERVICE,87.71,87.13,98.32,117.88,1,2,3,4,97.76,10.06,120.76
GOVERNMENT,363.48,304.27,282.07,352.22,11,12,1,2,325.51,-3.75,367.51
PUBLIC_SERVICE,64.18,55.04,49.47,53.44,8,9,10,11,55.53,-3.58,44.15
RESIDENT,27.5,21.73,31.03,33.81,5,6,7,8,28.52,2.1,22.86
GOVERNMENT,288.44,253.61,248.79,239.97,10,11,12,1,257.7,-16.16,252.69
RESIDENT,6.14,10.62,11.24,18.36,11,12,1,2,11.59,4.07,15.07
PUBLIC_SERVICE,85.39,60.24,54.52,45.86,6,7,8,9,61.5,-13.18,39.8
RESIDENT,24.37,21.59,22.88,27.05,3,4,5,6,23.97,0.89,24.37
PUBLIC_SERVICE,35.6,36.18,54.4,33.55,2,3,4,5,39.93,-0.68,19.37
RESIDENT,41.51,27.83,28.8,31.28,7,8,9,10,32.36,-3.41,30.13
FACTORY,846.05,955.43,831.03,677.34,5,6,7,8,827.46,-56.24,871.6
FACTORY,1351.06,1361.35,1530.96,1614.59,12,1,2,3,1464.49,87.84,1678.1
FACTORY,1786.6,1760.97,1574.03,1773.61,3,4,5,6,1723.8,-4.33,2435.89
RESIDENT,25.77,19.44,30.11,23.23,12,1,2,3,24.64,-0.85,29.46
RESIDENT,19.62,21.08,16.15,18.95,8,9,10,11,18.95,-0.22,20.55
PUBLIC_SERVICE,82.65,77.61,77.69,82.24,9,10,11,12,80.05,-0.14,102.01
RESIDENT,6.7,6.7,5.41,4.23,10,11,12,1,5.76,-0.82,11.6
RESIDENT,20.81,25.86,15.93,17.98,5,6,7,8,20.14,-0.94,15.08
RESIDENT,21.47,20.75,16.44,19.95,9,10,11,12,19.65,-0.51,21.14
RESIDENT,30.26,45.26,36.71,42.29,2,3,4,5,38.63,4.01,36.46
RESIDENT,9.13,0.5,2.73,1.17,8,9,10,11,3.38,-2.65,0.5
RESIDENT,31.43,30.45,33.93,35.88,8,9,10,11,32.92,1.48,52.04
RESIDENT,45.33,35.91,35.81,37.4,2,3,4,5,38.61,-2.64,39.18
RESIDENT,10.17,19.1,12.83,16.03,2,3,4,5,14.53,1.95,20.1
RESIDENT,19.99,18.78,13.72,13.43,4,5,6,7,16.48,-2.19,13.78
RESIDENT,18.68,30.55,28.37,26.2,4,5,6,7,25.95,2.51,22.34
FACTORY,718.03,760.62,489.2,543.6,8,9,10,11,627.86,-58.14,562.52
ORGANIZATION,107.49,67.3,75.51,96.12,9,10,11,12,86.61,-3.79,87.56
FACTORY,1217.17,1400.38,1545.05,1309.82,2,3,4,5,1368.11,30.88,1511.63
ORGANIZATION,52.0,51.49,44.98,43.03,8,9,10,11,47.88,-2.99,42.27
RESIDENT,19.99,27.76,21.26,24.9,3,4,5,6,23.48,1.64,19.99
RESIDENT,0.65,3.55,12.47,12.05,12,1,2,3,7.18,3.8,17.58
RESIDENT,26.63,26.3,21.33,23.05,8,9,10,11,24.33,-1.19,22.5
RESIDENT,29.29,28.26,29.75,27.36,4,5,6,7,28.66,-0.64,26.54
RESIDENT,32.92,36.73,31.29,38.91,4,5,6,7,34.96,2.0,30.68
GOVERNMENT,320.0,290.25,278.96,269.18,8,9,10,11,289.6,-16.94,285.97
FACTORY,1262.92,1443.31,1613.13,1616.17,10,11,12,1,1483.88,117.75,1715.3
FACTORY,1713.84,2019.51,1607.78,1842.75,8,9,10,11,1795.97,42.97,1640.44
PUBLIC_SERVICE,96.9,104.23,83.47,107.27,5,6,7,8,97.97,3.46,78.74
PUBLIC_SERVICE,131.7,128.16,136.26,142.18,12,1,2,3,134.57,3.49,158.1
RESIDENT,24.72,26.53,26.22,25.15,6,7,8,9,25.66,0.14,19.9
PUBLIC_SERVICE,129.38,131.91,140.68,130.25,8,9,10,11,133.06,0.29,145.33
PUBLIC_SERVICE,97.42,115.72,104.25,112.96,11,12,1,2,107.59,5.18,139.27
ORGANIZATION,27.6,33.7,47.13,47.62,12,1,2,3,39.01,6.67,75.16
RESIDENT,13.11,9.82,15.4,17.76,9,10,11,12,14.02,1.55,20.22
FACTORY,1749.16,1754.93,1998.31,2051.32,12,1,2,3,1888.43,100.72,1982.19
RESIDENT,15.66,8.09,15.72,15.29,10,11,12,1,13.69,-0.12,10.31
RESIDENT,0.5,10.16,4.09,2.94,12,1,2,3,4.42,0.81,10.98
RESIDENT,17.16,14.53,17.89,19.14,12,1,2,3,17.18,0.66,18.04
ORGANIZATION,170.93,170.43,152.7,178.9,11,12,1,2,168.24,2.66,190.81
RESIDENT,15.99,18.1,18.42,18.39,9,10,11,12,17.73,0.8,18.68
RESIDENT,28.21,30.65,17.03,17.49,8,9,10,11,23.34,-3.57,15.02
RESIDENT,10.33,5.46,5.48,7.86,8,9,10,11,7.28,-0.82,6.62
RESIDENT,6.71,13.2,18.51,19.88,1,2,3,4,14.57,4.39,20.84
RESIDENT,20.7,27.87,23.54,27.89,10,11,12,1,25.0,2.4,25.44
PUBLIC_SERVICE,141.24,139.91,141.63,147.02,2,3,4,5,142.45,1.93,158.62
RESIDENT,25.56,20.63,19.03,14.6,7,8,9,10,19.95,-3.65,18.72
PUBLIC_SERVICE,36.26,74.12,70.22,40.66,5,6,7,8,55.31,1.47,43.54
RESIDENT,19.54,24.94,18.42,22.25,8,9,10,11,21.29,0.9,21.92
RESIDENT,38.09,42.57,36.42,42.75,2,3,4,5,39.96,1.55,43.76
RESIDENT,16.58,17.34,23.51,29.02,11,12,1,2,21.61,4.15,27.64
RESIDENT,12.5,10.01,11.18,11.86,10,11,12,1,11.39,-0.21,21.69
GOVERNMENT,424.21,429.29,475.13,402.88,11,12,1,2,432.88,-7.11,474.64
RESIDENT,27.42,26.82,33.89,18.29,9,10,11,12,26.6,-3.04,25.46
ORGANIZATION,59.68,96.95,76.36,112.29,1,2,3,4,86.32,17.54,121.24
ORGANIZATION,61.13,74.51,104.65,84.79,3,4,5,6,81.27,7.89,65.58
RESIDENT,31.42,27.16,30.41,21.14,6,7,8,9,27.53,-3.43,17.75
RESIDENT,0.5,8.73,2.92,8.94,11,12,1,2,5.27,2.81,12.76
PUBLIC_SERVICE,161.37,116.18,115.58,123.25,6,7,8,9,129.09,-12.71,137.42
RESIDENT,24.82,18.93,19.9,20.29,9,10,11,12,20.98,-1.51,19.94
RESIDENT,23.02,18.82,29.09,29.4,12,1,2,3,25.08,2.13,30.13
GOVERNMENT,176.96,190.02,288.15,273.11,10,11,12,1,232.06,32.05,269.96
RESIDENT,3.95,7.73,13.79,3.12,9,10,11,12,7.15,-0.28,5.91
FACTORY,2002.92,1877.36,1965.59,1786.54,5,6,7,8,1908.1,-72.13,1633.13
RESIDENT,21.47,19.16,19.44,20.57,9,10,11,12,20.16,-0.3,20.62
RESIDENT,13.72,12.83,22.14,17.77,3,4,5,6,16.61,1.35,20.45
PUBLIC_SERVICE,31.81,19.51,11.1,27.55,9,10,11,12,22.49,-1.42,48.41
ORGANIZATION,48.29,77.73,52.04,63.56,3,4,5,6,60.41,5.09,52.11
GOVERNMENT,441.4,446.27,441.59,514.09,9,10,11,12,460.84,24.23,470.59
ORGANIZATION,107.42,113.02,157.39,157.41,1,2,3,4,133.81,16.66,149.47
RESIDENT,26.12,31.26,25.94,26.44,3,4,5,6,27.44,0.11,25.23
ORGANIZATION,52.55,64.67,49.9,40.66,9,10,11,12,51.95,-3.96,56.02
RESIDENT,25.13,23.62,40.39,33.22,12,1,2,3,30.59,2.7,30.74
RESIDENT,18.08,14.86,20.16,13.38,8,9,10,11,16.62,-1.57,15.9
RESIDENT,22.79,27.16,23.12,19.77,5,6,7,8,23.21,-1.01,20.11
RESIDENT,32.41,31.49,24.9,28.24,7,8,9,10,29.26,-1.39,21.96
ORGANIZATION,155.31,173.53,146.05,171.63,4,5,6,7,161.63,5.44,133.17
RESIDENT,3.3,4.46,5.15,8.02,11,12,1,2,5.23,1.57,11.11
ORGANIZATION,15.09,59.14,42.58,32.21,11,12,1,2,37.26,5.71,56.84
GOVERNMENT,185.35,146.67,155.71,78.32,5,6,7,8,141.51,-35.68,83.24
GOVERNMENT,220.96,199.18,220.04,265.91,12,1,2,3,226.52,14.98,404.91
PUBLIC_SERVICE,99.3,77.75,97.38,73.22,9,10,11,12,86.91,-8.69,87.09
RESIDENT,15.84,20.36,13.84,14.37,3,4,5,6,16.1,-0.49,11.76
PUBLIC_SERVICE,93.38,92.64,110.31,105.96,10,11,12,1,100.57,4.19,112.62
RESIDENT,13.79,11.51,6.92,12.25,11,12,1,2,11.12,-0.51,13.89
FACTORY,829.87,776.12,594.21,692.42,6,7,8,9,723.15,-45.82,660.66
RESIDENT,17.6,8.71,15.96,12.23,6,7,8,9,13.62,-1.79,17.78
FACTORY,1031.15,1007.55,790.64,977.4,7,8,9,10,951.69,-17.92,870.26
RESIDENT,18.93,19.9,20.29,19.94,10,11,12,1,19.77,0.34,20.2
RESIDENT,19.9,11.14,13.94,16.4,3,4,5,6,15.34,-1.17,20.07
FACTORY,1592.95,1856.08,1497.21,1884.02,8,9,10,11,1707.57,97.02,1852.85
RESIDENT,14.48,20.55,15.49,11.57,8,9,10,11,15.52,-0.97,12.35
FACTORY,1048.52,1142.07,1082.27,1029.9,3,4,5,6,1075.69,-6.21,1014.25
RESIDENT,33.53,33.94,32.41,31.49,5,6,7,8,32.84,-0.68,24.9
ORGANIZATION,114.81,96.34,107.0,166.86,11,12,1,2,121.25,17.35,138.59
RESIDENT,25.48,21.84,16.6,28.77,11,12,1,2,23.17,1.1,32.18
FACTORY,1367.11,1491.36,1373.55,1256.82,8,9,10,11,1372.21,-36.76,1305.96
ORGANIZATION,289.26,204.61,172.95,184.78,5,6,7,8,212.9,-34.83,172.02
RESIDENT,39.24,36.64,48.74,31.38,4,5,6,7,39.0,-2.62,31.22
RESIDENT,17.77,20.44,20.89,15.99,10,11,12,1,18.77,-0.59,21.7
RESIDENT,34.22,38.13,37.96,36.23,4,5,6,7,36.63,0.67,29.65
PUBLIC_SERVICE,152.22,145.88,148.59,130.4,6,7,8,9,144.27,-7.27,117.7
RESIDENT,36.69,32.09,41.29,38.03,4,5,6,7,37.02,0.45,31.73
RESIDENT,28.27,33.05,25.65,28.8,8,9,10,11,28.94,0.18,29.98
GOVERNMENT,492.99,478.24,520.25,452.89,4,5,6,7,486.09,-13.37,476.35
RESIDENT,29.0,36.22,34.69,26.63,4,5,6,7,31.63,-0.79,22.98
FACTORY,820.36,742.45,921.72,976.73,11,12,1,2,865.31,52.12,1201.49
RESIDENT,23.81,24.42,32.09,22.33,5,6,7,8,25.66,-0.49,14.77
RESIDENT,10.63,10.74,21.48,16.9,12,1,2,3,14.94,2.09,22.41
GOVERNMENT,517.46,437.05,523.02,482.88,7,8,9,10,490.1,-11.53,456.06
RESIDENT,5.7,6.32,6.44,0.69,7,8,9,10,4.79,-1.67,1.75
PUBLIC_SERVICE,98.66,81.17,121.25,121.39,12,1,2,3,105.62,7.58,112.81
RESIDENT,11.7,16.09,19.66,22.83,1,2,3,4,17.57,3.71,17.4
RESIDENT,29.96,29.37,26.06,42.44,10,11,12,1,31.96,4.16,36.77
PUBLIC_SERVICE,81.66,80.75,79.45,89.62,7,8,9,10,82.87,2.65,82.43
RESIDENT,22.23,24.8,25.16,24.06,10,11,12,1,24.06,0.61,27.47
PUBLIC_SERVICE,86.44,74.11,96.62,125.18,1,2,3,4,95.59,12.91,98.42
RESIDENT,14.02,13.45,12.13,17.11,10,11,12,1,14.18,1.03,25.05
RESIDENT,20.5,24.72,26.38,23.71,12,1,2,3,23.83,1.07,30.92
RESIDENT,14.48,12.23,15.52,26.7,11,12,1,2,17.23,4.07,19.03
RESIDENT,37.95,32.34,31.83,27.19,5,6,7,8,32.33,-3.59,31.46
RESIDENT,6.01,8.24,8.45,7.23,12,1,2,3,7.48,0.41,9.19
RESIDENT,19.07,8.71,10.49,8.72,8,9,10,11,11.75,-3.45,8.01
RESIDENT,3.05,10.98,11.44,13.55,2,3,4,5,9.75,3.5,10.72
RESIDENT,18.46,25.62,21.23,27.56,10,11,12,1,23.22,3.03,26.4
RESIDENT,10.86,8.71,8.17,10.59,7,8,9,10,9.58,-0.09,7.3
RESIDENT,19.03,15.28,15.31,10.88,9,10,11,12,15.13,-2.72,16.78
RESIDENT,9.82,8.13,4.99,5.9,8,9,10,11,7.21,-1.31,6.41
RESIDENT,29.38,31.58,33.12,39.46,2,3,4,5,33.38,3.36,31.74
RESIDENT,35.0,42.06,38.1,46.39,1,2,3,4,40.39,3.8,45.47
ORGANIZATION,154.53,159.75,119.05,190.8,7,8,9,10,156.03,12.09,124.07
PUBLIC_SERVICE,99.61,85.16,98.75,93.9,8,9,10,11,94.35,-1.9,84.1
GOVERNMENT,367.13,385.08,416.89,449.49,3,4,5,6,404.65,27.45,437.96
ORGANIZATION,194.87,142.96,127.48,129.1,3,4,5,6,148.6,-21.92,142.29
FACTORY,524.94,444.08,481.77,525.92,8,9,10,11,494.18,0.33,564.6
PUBLIC_SERVICE,78.76,112.2,99.81,118.14,1,2,3,4,102.23,13.13,99.2
PUBLIC_SERVICE,87.92,121.0,104.06,103.77,5,6,7,8,104.19,5.28,92.51
RESIDENT,37.58,34.08,34.67,29.91,5,6,7,8,34.06,-2.56,22.1
ORGANIZATION,121.02,69.74,67.77,57.86,8,9,10,11,79.1,-21.05,111.97
FACTORY,644.54,302.38,554.52,401.12,9,10,11,12,475.64,-81.14,511.71
GOVERNMENT,334.97,231.24,224.0,175.74,8,9,10,11,241.49,-53.08,276.4
PUBLIC_SERVICE,117.54,109.29,92.19,94.28,9,10,11,12,103.32,-7.75,124.77
RESIDENT,28.12,41.77,33.68,36.87,11,12,1,2,35.11,2.92,33.57
RESIDENT,20.74,27.27,34.22,33.96,2,3,4,5,29.05,4.41,25.96
RESIDENT,26.2,29.87,33.58,31.0,12,1,2,3,30.16,1.6,38.46
RESIDENT,21.76,19.91,18.45,16.86,6,7,8,9,19.25,-1.63,15.48
RESIDENT,29.79,29.56,22.84,18.6,7,8,9,10,25.2,-3.73,20.04
RESIDENT,26.82,33.89,18.29,25.46,10,11,12,1,26.12,-0.45,22.43
RESIDENT,32.88,33.26,41.31,32.86,3,4,5,6,35.08,-0.01,34.35
GOVERNMENT,221.48,262.63,303.3,335.64,12,1,2,3,280.76,38.05,294.2
RESIDENT,10.01,9.11,21.84,18.2,11,12,1,2,14.79,2.73,17.95
RESIDENT,30.23,30.42,22.71,25.34,8,9,10,11,27.18,-1.63,30.89
ORGANIZATION,68.31,34.53,66.84,16.97,9,10,11,12,46.66,-17.11,64.18
RESIDENT,16.3,8.98,15.02,10.76,11,12,1,2,12.76,-1.85,30.06
RESIDENT,16.51,10.59,14.06,9.75,7,8,9,10,12.73,-2.25,4.24
ORGANIZATION,137.07,179.58,149.05,164.02,4,5,6,7,157.43,8.98,131.19
RESIDENT,12.62,9.06,10.97,7.88,4,5,6,7,10.13,-1.58,4.97
ORGANIZATION,116.84,103.15,104.62,66.74,7,8,9,10,97.84,-16.7,72.63
FACTORY,886.34,870.01,941.79,993.69,1,2,3,4,922.96,35.78,1009.03
RESIDENT,10.55,7.77,9.08,0.5,7,8,9,10,6.97,-3.35,3.42
RESIDENT,10.97,7.88,4.97,5.07,6,7,8,9,7.22,-1.97,8.23
RESIDENT,32.73,25.14,23.85,21.45,7,8,9,10,25.79,-3.76,26.0
RESIDENT,14.36,8.02,17.3,11.01,8,9,10,11,12.67,-1.12,12.85
RESIDENT,5.98,11.35,4.17,10.88,12,1,2,3,8.1,1.63,13.53
RESIDENT,12.52,22.08,18.69,18.06,2,3,4,5,17.84,1.85,26.71
PUBLIC_SERVICE,33.57,33.3,38.86,48.25,10,11,12,1,38.5,4.89,59.78
RESIDENT,25.12,25.33,25.69,52.5,10,11,12,1,32.16,9.13,29.72
PUBLIC_SERVICE,83.76,73.03,99.29,83.5,10,11,12,1,84.9,-0.09,105.95
RESIDENT,22.88,15.63,25.9,19.82,4,5,6,7,21.06,-1.02,16.77
RESIDENT,11.99,13.18,10.09,6.42,4,5,6,7,10.42,-1.86,4.26
RESIDENT,26.81,27.4,37.87,30.99,2,3,4,5,30.77,1.39,33.28
GOVERNMENT,313.27,299.59,368.32,344.31,8,9,10,11,331.37,10.35,333.41
RESIDENT,20.74,16.44,19.2,13.42,8,9,10,11,17.45,-2.44,14.96
PUBLIC_SERVICE,76.81,72.81,89.57,84.82,1,2,3,4,81.0,2.67,100.36
GOVERNMENT,258.49,246.86,256.57,346.18,12,1,2,3,277.03,29.23,324.63
RESIDENT,3.78,0.5,8.68,5.22,11,12,1,2,4.54,0.48,11.2
RESIDENT,21.96,22.84,29.83,23.99,3,4,5,6,24.65,0.68,20.83
ORGANIZATION,113.02,129.71,203.02,160.03,12,1,2,3,151.44,15.67,181.63
ORGANIZATION,111.79,103.04,103.11,159.15,8,9,10,11,119.27,15.79,70.41
RESIDENT,3.17,9.15,13.06,8.78,1,2,3,4,8.54,1.87,15.41
FACTORY,1856.42,1730.67,1586.52,1736.04,5,6,7,8,1727.41,-40.13,1846.55
ORGANIZATION,109.02,111.25,69.84,93.42,6,7,8,9,95.88,-5.2,100.33
RESIDENT,8.88,12.79,8.1,14.56,2,3,4,5,11.08,1.89,7.48
RESIDENT,22.06,26.89,27.89,33.16,1,2,3,4,27.5,3.7,28.79
GOVERNMENT,355.67,363.56,433.22,361.75,3,4,5,6,378.55,2.03,339.97
RESIDENT,36.69,34.18,27.65,31.79,7,8,9,10,32.58,-1.63,26.33
RESIDENT,12.29,11.05,1.32,4.93,8,9,10,11,7.4,-2.45,6.12
FACTORY,1677.78,1684.96,1675.18,1818.72,10,11,12,1,1714.16,46.98,1807.79
RESIDENT,29.81,30.07,16.84,24.31,7,8,9,10,25.26,-1.83,17.71
RESIDENT,4.73,8.66,10.41,11.73,10,11,12,1,8.88,2.33,13.82
RESIDENT,5.22,4.35,9.32,14.51,12,1,2,3,8.35,3.1,10.14
RESIDENT,21.26,22.85,25.07,23.7,11,12,1,2,23.22,0.81,31.49
RESIDENT,16.24,18.69,13.71,14.03,5,6,7,8,15.67,-0.74,9.56
RESIDENT,26.26,24.56,27.84,24.44,5,6,7,8,25.77,-0.61,26.43
RESIDENT,22.48,29.8,25.07,23.37,9,10,11,12,25.18,0.3,25.05
RESIDENT,36.29,30.79,27.98,22.84,6,7,8,9,29.48,-4.48,26.86
RESIDENT,19.6,22.17,23.77,23.81,12,1,2,3,22.34,1.4,27.36
GOVERNMENT,401.23,412.39,373.42,385.24,9,10,11,12,393.07,-5.33,613.01
PUBLIC_SERVICE,163.58,129.38,131.91,140.68,7,8,9,10,141.39,-7.63,130.25
RESIDENT,7.18,3.74,9.86,0.5,8,9,10,11,5.32,-2.23,4.07
RESIDENT,18.78,27.49,24.9,17.66,7,8,9,10,22.21,-0.37,12.3
RESIDENT,28.42,25.48,36.68,30.32,10,11,12,1,30.23,0.63,36.39
RESIDENT,32.54,30.65,25.74,24.42,8,9,10,11,28.34,-2.71,30.15
RESIDENT,10.07,5.75,7.56,7.57,11,12,1,2,7.74,-0.83,12.69
RESIDENT,31.44,31.87,34.42,42.34,1,2,3,4,35.02,3.63,35.77
RESIDENT,33.36,27.66,21.87,17.64,6,7,8,9,25.13,-5.24,19.26
PUBLIC_SERVICE,110.52,132.68,175.33,83.63,6,7,8,9,125.54,-8.96,73.69
RESIDENT,20.9,19.85,21.43,27.63,3,4,5,6,22.45,2.24,15.91
RESIDENT,26.34,28.62,27.64,31.64,5,6,7,8,28.56,1.77,26.79
RESIDENT,20.08,17.29,14.33,18.48,9,10,11,12,17.54,-0.53,16.51
RESIDENT,13.78,15.53,15.97,10.84,5,6,7,8,14.03,-0.98,7.85
GOVERNMENT,369.09,309.54,320.33,337.77,4,5,6,7,334.18,-10.44,347.98
RESIDENT,8.12,7.19,0.5,0.5,7,8,9,10,4.08,-2.54,0.5
RESIDENT,15.87,13.8,11.71,15.86,4,5,6,7,14.31,-0.0,14.99
RESIDENT,8.18,3.84,9.03,11.9,11,12,1,2,8.24,1.24,12.94
RESIDENT,18.18,19.27,17.25,9.89,6,7,8,9,16.15,-2.76,13.01
FACTORY,1779.85,1931.09,2091.35,2130.74,1,2,3,4,1983.26,116.96,2333.44
ORGANIZATION,129.23,152.93,155.42,118.37,6,7,8,9,138.99,-3.62,120.97
FACTORY,1973.16,2167.48,2108.54,2086.64,5,6,7,8,2083.95,37.83,2066.4
RESIDENT,13.21,14.74,14.63,22.09,1,2,3,4,16.17,2.96,22.91
GOVERNMENT,490.18,763.06,490.81,548.14,7,8,9,10,573.05,19.32,457.91
PUBLIC_SERVICE,44.12,71.54,61.61,50.25,3,4,5,6,56.88,2.04,51.39
RESIDENT,1.06,2.9,5.48,7.46,10,11,12,1,4.23,2.13,7.03
RESIDENT,34.4,36.36,32.46,41.56,4,5,6,7,36.2,2.39,30.32
RESIDENT,25.15,25.72,28.67,28.95,1,2,3,4,27.12,1.27,25.34
RESIDENT,10.84,7.85,10.43,9.83,8,9,10,11,9.74,-0.34,7.83
RESIDENT,9.82,12.19,9.77,7.42,6,7,8,9,9.8,-0.8,0.97
RESIDENT,0.66,3.98,5.03,5.89,12,1,2,3,3.89,1.74,9.26
RESIDENT,29.31,29.56,24.54,25.96,5,6,7,8,27.34,-1.12,19.71
RESIDENT,16.74,17.38,16.08,8.82,6,7,8,9,14.75,-2.64,7.73
FACTORY,809.56,984.08,793.94,813.22,5,6,7,8,850.2,1.22,636.03
ORGANIZATION,131.98,163.5,125.39,133.24,3,4,5,6,138.53,0.42,98.36
RESIDENT,10.47,1.72,0.61,1.59,8,9,10,11,3.6,-2.96,4.42
RESIDENT,17.64,19.16,16.39,11.38,9,10,11,12,16.14,-2.09,12.62
RESIDENT,16.29,15.55,7.96,12.5,8,9,10,11,13.07,-1.26,16.99
RESIDENT,19.36,18.89,23.4,23.46,9,10,11,12,21.28,1.37,20.08
RESIDENT,7.31,6.03,8.19,17.38,1,2,3,4,9.73,3.36,12.1
RESIDENT,16.2,19.75,17.47,19.33,1,2,3,4,18.19,1.04,21.54
RESIDENT,8.64,10.79,16.82,14.9,1,2,3,4,12.79,2.09,18.45
PUBLIC_SERVICE,101.96,95.82,87.89,99.51,9,10,11,12,96.29,-0.82,101.79
ORGANIZATION,121.36,105.8,128.66,145.3,8,9,10,11,125.28,7.98,124.13
PUBLIC_SERVICE,83.85,74.3,70.35,62.92,10,11,12,1,72.85,-6.98,73.43
RESIDENT,27.53,28.79,20.06,23.15,9,10,11,12,24.88,-1.46,27.89
GOVERNMENT,289.89,270.43,350.35,325.18,10,11,12,1,308.96,11.76,316.23
RESIDENT,32.49,24.88,31.66,22.1,6,7,8,9,27.78,-3.46,22.5
RESIDENT,29.89,31.07,31.44,42.85,12,1,2,3,33.81,4.32,39.6
ORGANIZATION,171.63,263.06,209.07,194.97,1,2,3,4,209.68,7.78,178.27
RESIDENT,13.8,11.71,15.86,14.99,5,6,7,8,14.09,0.4,9.53
RESIDENT,5.44,11.45,10.35,14.14,12,1,2,3,10.35,2.9,17.71
RESIDENT,10.55,10.89,12.93,10.66,3,4,5,6,11.26,0.04,8.7
RESIDENT,37.14,38.56,38.03,39.94,4,5,6,7,38.42,0.93,40.16
RESIDENT,18.84,23.55,13.0,12.63,6,7,8,9,17.0,-2.07,8.38
RESIDENT,22.6,17.25,23.04,24.0,3,4,5,6,21.72,0.47,16.19
RESIDENT,33.55,35.0,42.06,38.1,12,1,2,3,37.18,1.52,46.39
FACTORY,1787.43,1724.95,1871.05,1675.18,5,6,7,8,1764.65,-37.42,1602.78
RESIDENT,4.7,20.53,12.25,17.79,1,2,3,4,13.82,4.36,24.25
GOVERNMENT,238.89,294.25,150.82,121.82,7,8,9,10,201.44,-39.02,90.87
RESIDENT,31.02,28.57,32.45,31.33,4,5,6,7,30.84,0.1,25.83
RESIDENT,29.16,38.53,34.3,38.67,12,1,2,3,35.16,3.17,39.48
ORGANIZATION,93.39,107.42,113.02,157.39,12,1,2,3,117.8,21.33,157.41
RESIDENT,35.57,33.36,27.66,21.87,5,6,7,8,29.62,-4.57,17.64
RESIDENT,16.15,14.24,13.45,22.79,12,1,2,3,16.66,2.21,34.15
ORGANIZATION,79.02,49.79,39.26,72.72,7,8,9,10,60.2,-2.1,18.48
PUBLIC_SERVICE,132.68,175.33,83.63,73.69,7,8,9,10,116.33,-19.66,101.96
RESIDENT,11.25,13.96,8.65,5.97,8,9,10,11,9.96,-1.76,8.17
GOVERNMENT,361.03,380.12,382.95,413.88,11,12,1,2,384.5,17.62,418.13
ORGANIZATION,151.47,140.27,172.87,162.94,11,12,1,2,156.89,3.82,196.88
RESIDENT,11.61,2.99,6.15,10.84,10,11,12,1,7.9,-0.26,11.18
RESIDENT,18.33,14.66,13.11,9.82,7,8,9,10,13.98,-2.84,15.4
RESIDENT,33.68,36.87,33.57,55.72,1,2,3,4,39.96,7.35,39.57
FACTORY,1259.99,1911.59,1237.21,1079.93,4,5,6,7,1372.18,-60.02,1034.48
RESIDENT,20.24,19.21,17.99,9.3,7,8,9,10,16.68,-3.65,14.04
RESIDENT,24.56,36.64,32.39,33.18,4,5,6,7,31.69,2.87,22.13
PUBLIC_SERVICE,82.4,107.37,77.84,91.14,6,7,8,9,89.69,2.91,88.76
RESIDENT,18.25,16.0,15.27,16.59,10,11,12,1,16.53,-0.55,24.71
GOVERNMENT,197.74,187.28,149.63,212.95,8,9,10,11,186.9,5.07,209.6
RESIDENT,37.41,42.81,41.19,34.66,6,7,8,9,39.02,-0.92,44.91
ORGANIZATION,154.65,150.2,130.1,137.04,10,11,12,1,143.0,-5.87,168.1
GOVERNMENT,492.18,502.54,490.78,519.53,8,9,10,11,501.26,9.12,515.03
RESIDENT,45.6,37.44,34.72,35.16,5,6,7,8,38.23,-3.48,31.1
GOVERNMENT,259.98,187.08,210.59,184.68,5,6,7,8,210.58,-25.1,191.47
RESIDENT,24.16,30.28,29.35,34.02,3,4,5,6,29.45,3.29,31.66
RESIDENT,18.17,22.93,20.9,20.65,8,9,10,11,20.66,0.83,22.06
RESIDENT,23.6,21.26,22.85,25.07,10,11,12,1,23.2,0.49,23.7
RESIDENT,28.51,35.51,33.4,37.97,1,2,3,4,33.85,3.15,34.48
PUBLIC_SERVICE,100.95,92.64,114.22,124.02,12,1,2,3,107.96,7.69,109.61
RESIDENT,19.41,22.42,22.77,30.18,1,2,3,4,23.7,3.59,33.46
RESIDENT,41.31,21.56,24.1,35.29,11,12,1,2,30.56,-2.01,28.1
PUBLIC_SERVICE,104.06,103.77,92.51,93.57,7,8,9,10,98.48,-3.5,102.52
RESIDENT,28.32,32.92,30.31,33.6,2,3,4,5,31.29,1.76,31.45
FACTORY,872.88,991.38,1080.43,1073.64,2,3,4,5,1004.58,66.92,1106.34
GOVERNMENT,481.38,484.93,536.95,486.32,3,4,5,6,497.39,1.65,429.04
GOVERNMENT,220.51,200.55,223.03,267.4,10,11,12,1,227.87,15.63,278.72
RESIDENT,31.36,32.58,27.87,30.97,5,6,7,8,30.7,-0.13,24.53
FACTORY,1807.55,1801.6,1990.35,1780.22,2,3,4,5,1844.93,-9.11,1800.44
RESIDENT,30.67,30.34,30.54,24.46,4,5,6,7,29.0,-2.07,19.48
GOVERNMENT,438.59,401.24,434.59,490.34,1,2,3,4,441.19,17.25,437.14
GOVERNMENT,362.05,369.42,361.89,358.18,5,6,7,8,362.89,-1.29,348.94
PUBLIC_SERVICE,31.56,31.97,43.25,43.18,10,11,12,1,37.49,3.87,65.79
GOVERNMENT,120.29,192.24,173.98,175.36,5,6,7,8,165.47,18.36,122.25
RESIDENT,23.12,19.77,20.11,23.57,7,8,9,10,21.64,0.15,12.2
RESIDENT,13.42,16.57,18.53,11.45,6,7,8,9,14.99,-0.66,12.55
RESIDENT,24.79,16.55,20.8,19.86,12,1,2,3,20.5,-1.64,22.19
RESIDENT,17.09,14.9,13.56,16.74,8,9,10,11,15.57,-0.12,15.05
FACTORY,1039.31,929.54,1176.87,1058.4,1,2,3,4,1051.03,6.36,1240.96
RESIDENT,9.61,15.2,12.58,11.44,12,1,2,3,12.21,0.61,17.17
RESIDENT,16.55,20.8,19.86,22.19,1,2,3,4,19.85,1.88,22.92
RESIDENT,24.08,23.22,28.02,21.6,5,6,7,8,24.23,-0.83,21.55
RESIDENT,0.5,4.86,14.79,7.38,12,1,2,3,6.88,2.29,17.04
GOVERNMENT,423.25,373.16,342.16,372.14,7,8,9,10,377.68,-17.04,366.55
PUBLIC_SERVICE,47.24,47.31,47.86,48.73,3,4,5,6,47.79,0.5,48.87
RESIDENT,30.0,29.2,38.23,37.36,10,11,12,1,33.7,2.45,39.57
RESIDENT,5.91,12.38,9.96,15.02,11,12,1,2,10.82,3.04,22.07
RESIDENT,24.5,33.12,25.38,22.42,5,6,7,8,26.36,-0.69,21.55
RESIDENT,19.34,12.39,4.82,6.6,8,9,10,11,10.79,-4.25,5.95
RESIDENT,15.43,19.04,8.83,8.68,4,5,6,7,12.99,-2.25,11.56
RESIDENT,12.29,7.24,4.37,1.73,6,7,8,9,6.41,-3.52,0.79
RESIDENT,41.19,34.66,44.91,44.52,8,9,10,11,41.32,1.11,29.58
RESIDENT,10.66,2.31,5.51,10.69,9,10,11,12,7.29,0.01,6.96
RESIDENT,32.19,35.16,37.03,46.62,1,2,3,4,37.75,4.81,44.44
RESIDENT,12.37,18.44,15.94,15.76,11,12,1,2,15.63,1.13,22.51
RESIDENT,31.9,25.37,26.56,19.1,4,5,6,7,25.73,-4.27,18.43
RESIDENT,6.85,4.7,10.31,11.56,11,12,1,2,8.36,1.57,14.96
RESIDENT,32.55,37.59,39.05,41.41,2,3,4,5,37.65,2.95,38.76
ORGANIZATION,130.29,144.82,124.38,121.14,7,8,9,10,130.16,-3.05,142.83
RESIDENT,11.14,5.36,4.94,7.63,9,10,11,12,7.27,-1.17,16.37
RESIDENT,12.24,17.57,8.94,11.66,9,10,11,12,12.6,-0.19,15.73
RESIDENT,22.51,24.02,20.23,24.4,11,12,1,2,22.79,0.63,28.69
RESIDENT,29.27,23.03,33.64,30.88,3,4,5,6,29.2,0.54,28.57
RESIDENT,32.78,33.32,27.48,29.25,8,9,10,11,30.71,-1.18,26.72
RESIDENT,36.01,37.59,44.65,40.92,2,3,4,5,39.79,1.64,40.56
PUBLIC_SERVICE,88.61,87.83,109.69,86.35,9,10,11,12,93.12,-0.75,102.68
RESIDENT,22.64,18.42,29.21,25.81,11,12,1,2,24.02,1.06,31.84
ORGANIZATION,45.31,76.39,68.15,89.32,2,3,4,5,69.79,14.67,86.46
RESIDENT,23.48,20.79,19.04,18.9,3,4,5,6,20.55,-1.53,8.59
RESIDENT,18.69,33.03,29.13,30.48,3,4,5,6,27.83,3.93,24.01
RESIDENT,8.76,12.19,12.01,8.59,2,3,4,5,10.39,-0.06,12.86
RESIDENT,32.44,25.61,35.86,39.55,12,1,2,3,33.36,2.37,42.32
RESIDENT,12.21,15.87,13.8,11.71,3,4,5,6,13.4,-0.17,15.86
PUBLIC_SERVICE,104.29,146.48,121.63,122.11,12,1,2,3,123.63,5.94,149.57
RESIDENT,25.69,18.69,18.24,34.0,10,11,12,1,24.16,2.77,31.89
FACTORY,1790.4,1668.68,1815.39,1799.57,11,12,1,2,1768.51,3.06,1815.61
RESIDENT,0.5,2.64,6.48,10.51,1,2,3,4,5.03,3.34,7.28
RESIDENT,16.65,22.11,23.86,24.49,1,2,3,4,21.78,2.61,32.41
RESIDENT,10.84,5.35,10.59,10.61,8,9,10,11,9.35,-0.08,7.83
RESIDENT,16.88,13.67,18.45,17.76,3,4,5,6,16.69,0.29,21.92
PUBLIC_SERVICE,101.9,100.1,123.27,104.52,2,3,4,5,107.45,0.87,137.3
RESIDENT,12.69,14.28,10.95,11.8,3,4,5,6,12.43,-0.3,16.95
FACTORY,1598.86,1530.03,1718.79,1479.72,8,9,10,11,1581.85,-39.71,1633.96
RESIDENT,28.39,29.88,27.34,26.23,6,7,8,9,27.96,-0.72,22.09
RESIDENT,21.18,16.98,23.65,20.34,1,2,3,4,20.54,-0.28,25.21
FACTORY,1335.14,1209.84,1441.1,905.83,7,8,9,10,1222.98,-143.1,935.2
ORGANIZATION,138.58,183.9,148.13,253.36,7,8,9,10,180.99,38.26,145.17
GOVERNMENT,485.03,594.9,484.09,434.78,10,11,12,1,499.7,-16.75,459.3
RESIDENT,21.49,19.72,22.84,29.1,1,2,3,4,23.29,2.54,31.75
RESIDENT,12.17,10.66,2.31,5.51,8,9,10,11,7.66,-2.22,10.69
RESIDENT,21.01,23.02,12.95,14.63,5,6,7,8,17.9,-2.13,16.52
RESIDENT,12.24,13.0,11.5,19.55,11,12,1,2,14.07,2.44,18.16
ORGANIZATION,174.59,179.69,271.36,170.25,3,4,5,6,198.97,-1.45,166.79
PUBLIC_SERVICE,31.59,35.01,28.6,55.5,11,12,1,2,37.67,7.97,54.96
GOVERNMENT,410.35,444.43,443.3,457.43,9,10,11,12,438.88,15.69,438.02
FACTORY,722.44,769.13,806.42,627.17,10,11,12,1,731.29,-31.76,852.98
RESIDENT,33.12,25.38,22.42,21.55,6,7,8,9,25.62,-3.86,24.28
RESIDENT,21.35,26.51,16.57,14.29,6,7,8,9,19.68,-2.35,12.68
RESIDENT,17.22,18.33,15.64,15.21,3,4,5,6,16.6,-0.67,14.89
RESIDENT,17.99,30.05,25.18,31.71,2,3,4,5,26.23,4.57,26.89
RESIDENT,35.95,33.51,34.07,29.89,4,5,6,7,33.36,-2.02,31.66
PUBLIC_SERVICE,81.67,78.76,85.55,87.46,1,2,3,4,83.36,1.93,91.79
RESIDENT,19.1,12.83,16.03,20.1,3,4,5,6,17.02,0.33,26.53
RESIDENT,13.68,9.95,10.78,13.67,10,11,12,1,12.02,-0.0,13.7
PUBLIC_SERVICE,53.26,60.64,62.84,59.0,3,4,5,6,58.94,1.91,70.29
RESIDENT,10.45,17.82,15.16,19.62,2,3,4,5,15.76,3.06,9.32
PUBLIC_SERVICE,152.66,100.15,134.81,140.83,1,2,3,4,132.11,-3.94,127.35
GOVERNMENT,303.86,318.19,330.07,335.1,1,2,3,4,321.8,10.41,369.2
RESIDENT,13.85,18.54,15.52,13.93,9,10,11,12,15.46,0.03,21.56
RESIDENT,34.32,31.5,25.22,34.41,8,9,10,11,31.36,0.03,26.33
ORGANIZATION,138.18,163.38,173.01,150.2,12,1,2,3,156.19,4.01,173.33
RESIDENT,27.73,28.28,27.19,27.41,8,9,10,11,27.65,-0.11,30.56
RESIDENT,20.49,22.54,26.24,22.89,6,7,8,9,23.04,0.8,17.35
PUBLIC_SERVICE,79.5,75.07,85.49,96.32,3,4,5,6,84.09,5.61,90.88
ORGANIZATION,163.76,143.42,152.28,152.97,9,10,11,12,153.11,-3.6,179.74
RESIDENT,11.31,12.83,10.97,5.5,6,7,8,9,10.15,-1.94,5.36
RESIDENT,7.1,6.07,8.43,1.99,9,10,11,12,5.9,-1.7,10.1
RESIDENT,22.72,29.91,38.15,34.01,2,3,4,5,31.2,3.76,32.93
ORGANIZATION,119.31,100.88,55.15,150.04,10,11,12,1,106.34,10.24,123.21
FACTORY,779.59,697.53,1357.05,1173.24,1,2,3,4,1001.85,131.22,1444.19
RESIDENT,0.5,8.71,5.31,8.36,11,12,1,2,5.72,2.62,8.26
RESIDENT,17.72,12.61,16.32,15.08,7,8,9,10,15.43,-0.88,13.78
PUBLIC_SERVICE,104.25,125.11,142.96,140.73,1,2,3,4,128.26,12.16,141.32
RESIDENT,8.8,5.48,15.89,14.22,11,12,1,2,11.1,1.81,16.0
RESIDENT,10.32,10.22,5.42,8.96,6,7,8,9,8.73,-0.45,2.39
PUBLIC_SERVICE,134.7,158.59,138.54,139.81,5,6,7,8,142.91,1.7,119.77
RESIDENT,16.9,20.82,24.23,16.35,5,6,7,8,19.58,-0.18,11.11
RESIDENT,30.53,26.08,27.58,29.0,1,2,3,4,28.3,-0.51,36.22
ORGANIZATION,114.75,149.21,130.09,118.01,4,5,6,7,128.02,1.09,116.5
RESIDENT,10.97,12.95,13.9,19.3,12,1,2,3,14.28,2.78,25.13
RESIDENT,16.22,15.99,16.45,24.25,11,12,1,2,18.23,2.68,23.17
RESIDENT,19.77,26.41,36.14,32.64,1,2,3,4,28.74,4.29,34.24
FACTORY,1536.32,1808.76,1387.36,1474.43,4,5,6,7,1551.72,-20.63,1573.19
GOVERNMENT,300.79,299.31,221.0,271.16,7,8,9,10,273.06,-9.88,234.66
RESIDENT,18.86,15.05,16.82,18.43,4,5,6,7,17.29,-0.14,13.81
RESIDENT,19.4,14.86,13.49,15.08,9,10,11,12,15.71,-1.44,19.25
RESIDENT,36.05,34.92,29.98,29.17,7,8,9,10,32.53,-2.29,30.23
RESIDENT,9.97,10.85,10.69,8.9,4,5,6,7,10.1,-0.36,2.78
RESIDENT,15.69,19.62,10.34,10.24,6,7,8,9,13.97,-1.82,6.71
RESIDENT,10.95,14.17,7.56,13.14,5,6,7,8,11.46,0.73,1.5
GOVERNMENT,539.62,338.85,381.11,352.4,11,12,1,2,403.0,-62.41,383.69
PUBLIC_SERVICE,143.67,157.0,139.46,143.1,5,6,7,8,145.81,-0.19,120.18
RESIDENT,29.88,31.78,41.42,45.9,1,2,3,4,37.24,5.34,38.24
RESIDENT,38.45,33.01,34.47,30.83,7,8,9,10,34.19,-2.54,37.64
RESIDENT,2.35,4.14,4.89,6.12,10,11,12,1,4.38,1.26,14.76
RESIDENT,24.2,16.52,24.0,21.97,5,6,7,8,21.67,-0.74,10.3
GOVERNMENT,246.04,254.19,288.77,284.38,2,3,4,5,268.35,12.78,288.52
ORGANIZATION,253.36,145.17,175.93,153.97,10,11,12,1,182.11,-33.13,189.61
RESIDENT,4.52,2.67,11.13,13.16,12,1,2,3,7.87,2.88,18.07
RESIDENT,14.98,8.43,12.51,10.77,11,12,1,2,11.67,-1.4,22.05
RESIDENT,15.38,22.54,20.4,23.58,1,2,3,4,20.48,2.73,24.14
RESIDENT,27.58,32.1,32.81,25.28,3,4,5,6,29.44,-0.77,27.97
RESIDENT,32.22,28.43,30.11,34.77,10,11,12,1,31.38,0.85,35.95
RESIDENT,27.95,21.58,19.36,18.89,7,8,9,10,21.95,-3.02,23.4
RESIDENT,2.73,1.17,0.5,8.17,10,11,12,1,3.14,1.81,9.46
GOVERNMENT,384.86,363.17,395.07,375.97,4,5,6,7,379.77,-2.96,381.19
RESIDENT,3.44,15.6,11.05,10.7,11,12,1,2,10.2,2.42,13.61
GOVERNMENT,69.66,104.82,114.92,139.66,1,2,3,4,107.26,23.33,182.45
FACTORY,2402.04,2065.25,2633.81,1856.37,6,7,8,9,2239.37,-181.89,2657.33
PUBLIC_SERVICE,58.6,33.57,33.3,38.86,9,10,11,12,41.08,-6.58,48.25
GOVERNMENT,102.37,79.61,53.36,176.04,11,12,1,2,102.84,24.56,96.21
RESIDENT,13.08,10.77,10.57,4.89,7,8,9,10,9.83,-2.73,3.49
RESIDENT,32.29,24.89,50.91,49.23,10,11,12,1,39.33,5.65,37.0
RESIDENT,26.02,24.38,24.39,20.46,5,6,7,8,23.81,-1.85,17.93
RESIDENT,11.79,12.74,16.05,11.85,3,4,5,6,13.11,0.02,11.64
RESIDENT,29.01,29.11,31.22,37.87,11,12,1,2,31.8,2.95,34.18
RESIDENT,26.1,36.45,35.46,43.85,2,3,4,5,35.47,5.92,40.22
ORGANIZATION,155.32,146.03,135.54,119.32,4,5,6,7,139.05,-12.0,120.81
RESIDENT,19.81,27.58,32.1,32.81,2,3,4,5,28.08,4.33,25.28
PUBLIC_SERVICE,46.67,38.58,45.92,41.47,11,12,1,2,43.16,-1.73,44.26
PUBLIC_SERVICE,76.25,96.41,97.7,84.71,3,4,5,6,88.77,2.82,74.41
PUBLIC_SERVICE,80.15,87.21,80.56,111.72,1,2,3,4,89.91,10.52,103.89
RESIDENT,19.43,17.72,12.61,16.32,6,7,8,9,16.52,-1.04,15.08
GOVERNMENT,286.22,275.91,261.31,265.49,3,4,5,6,272.23,-6.91,342.24
RESIDENT,12.25,17.79,24.25,16.92,3,4,5,6,17.8,1.56,17.25
RESIDENT,22.66,25.69,18.69,18.24,9,10,11,12,21.32,-1.47,34.0
RESIDENT,15.99,16.45,24.25,23.17,12,1,2,3,19.96,2.39,25.36
RESIDENT,32.13,20.54,15.51,16.29,5,6,7,8,21.12,-5.28,15.55
ORGANIZATION,92.26,74.29,88.69,69.71,3,4,5,6,81.24,-7.52,55.56
PUBLIC_SERVICE,74.73,64.48,86.3,73.43,4,5,6,7,74.73,-0.43,63.22
RESIDENT,18.33,17.48,6.88,4.86,7,8,9,10,11.89,-4.49,8.16
RESIDENT,22.9,16.26,23.97,17.61,7,8,9,10,20.18,-1.76,18.54
RESIDENT,22.76,18.45,13.57,19.29,9,10,11,12,18.52,-1.16,14.7
RESIDENT,12.06,4.24,9.13,15.35,11,12,1,2,10.2,1.1,20.26
PUBLIC_SERVICE,168.09,135.94,126.11,140.49,7,8,9,10,142.66,-9.2,138.89
RESIDENT,38.27,38.09,40.05,39.1,2,3,4,5,38.88,0.28,36.15
PUBLIC_SERVICE,50.58,58.04,31.5,50.33,10,11,12,1,47.61,-0.08,67.96
GOVERNMENT,452.48,778.59,482.72,484.02,11,12,1,2,549.45,10.51,420.0
RESIDENT,27.4,37.87,30.99,33.28,3,4,5,6,32.38,1.96,32.03
PUBLIC_SERVICE,146.97,132.76,135.37,130.71,3,4,5,6,136.45,-5.42,151.03
RESIDENT,32.27,24.99,17.08,22.9,7,8,9,10,24.31,-3.12,19.55
RESIDENT,28.48,28.2,29.16,38.53,10,11,12,1,31.09,3.35,34.3
GOVERNMENT,161.6,74.67,102.37,79.61,9,10,11,12,104.56,-27.33,53.36
RESIDENT,26.87,29.16,33.3,32.45,1,2,3,4,30.45,1.86,36.22
ORGANIZATION,160.63,148.61,142.02,162.2,9,10,11,12,153.37,0.52,153.04
FACTORY,1259.05,1497.15,1521.84,1530.14,2,3,4,5,1452.05,90.36,1794.59
RESIDENT,38.7,37.95,32.34,31.83,4,5,6,7,35.2,-2.29,27.19
RESIDENT,35.77,34.3,31.84,28.09,7,8,9,10,32.5,-2.56,29.33
ORGANIZATION,96.79,104.97,135.41,142.69,2,3,4,5,119.96,15.3,118.96
RESIDENT,14.95,13.51,18.7,20.22,1,2,3,4,16.84,1.76,25.68
RESIDENT,11.45,10.35,14.14,17.71,1,2,3,4,13.41,2.09,28.09
RESIDENT,13.89,8.6,8.6,7.83,10,11,12,1,9.73,-2.02,12.46
RESIDENT,19.62,26.53,18.64,16.5,8,9,10,11,20.32,-1.04,18.56
GOVERNMENT,422.2,415.0,401.13,398.35,7,8,9,10,409.17,-7.95,389.65
RESIDENT,23.5,26.97,21.61,26.76,10,11,12,1,24.71,1.09,33.2
ORGANIZATION,230.76,252.64,212.43,200.35,4,5,6,7,224.04,-10.14,199.21
RESIDENT,16.2,26.95,24.38,29.77,1,2,3,4,24.32,4.52,33.44
RESIDENT,30.48,20.25,21.58,21.18,8,9,10,11,23.37,-3.1,20.24
RESIDENT,17.13,9.64,17.55,12.7,5,6,7,8,14.25,-1.48,8.93
ORGANIZATION,139.75,117.73,142.62,120.11,7,8,9,10,130.05,-6.55,101.49
RESIDENT,27.53,39.29,41.81,22.47,4,5,6,7,32.77,-1.69,22.19
PUBLIC_SERVICE,95.28,84.16,73.65,71.6,7,8,9,10,81.17,-7.89,93.49
RESIDENT,27.83,30.5,35.88,34.19,1,2,3,4,32.1,2.12,28.5
RESIDENT,10.52,13.19,12.88,4.17,6,7,8,9,10.19,-2.12,7.69
PUBLIC_SERVICE,39.01,24.33,43.67,43.69,7,8,9,10,37.67,1.56,35.82
RESIDENT,12.54,13.31,15.38,17.84,10,11,12,1,14.77,1.77,20.79
RESIDENT,29.56,24.54,25.96,19.71,6,7,8,9,24.94,-3.28,18.03
ORGANIZATION,57.94,15.39,43.62,35.38,9,10,11,12,38.08,-7.52,47.88
RESIDENT,16.15,17.32,11.89,15.0,7,8,9,10,15.09,-0.38,11.64
RESIDENT,6.39,13.94,16.51,14.68,1,2,3,4,12.88,2.76,19.23
RESIDENT,17.55,19.61,13.59,16.56,9,10,11,12,16.83,-0.33,19.25
RESIDENT,31.78,31.85,25.28,27.33,7,8,9,10,29.06,-1.48,21.91
RESIDENT,31.59,28.05,24.88,33.31,7,8,9,10,29.46,0.57,14.92
GOVERNMENT,536.95,486.32,429.04,471.08,5,6,7,8,480.85,-21.96,390.02
RESIDENT,16.72,15.49,7.49,6.28,7,8,9,10,11.5,-3.48,7.3
GOVERNMENT,457.43,438.02,539.2,546.93,12,1,2,3,495.39,29.83,543.31
PUBLIC_SERVICE,98.75,93.9,84.1,106.15,10,11,12,1,95.72,2.47,106.37
RESIDENT,29.25,26.72,30.43,32.2,11,12,1,2,29.65,0.98,34.43
RESIDENT,41.28,42.56,37.36,55.43,3,4,5,6,44.16,4.72,39.48
RESIDENT,11.84,13.44,13.32,8.92,4,5,6,7,11.88,-0.97,6.65
RESIDENT,22.19,26.53,27.89,23.21,4,5,6,7,24.95,0.34,23.58
RESIDENT,22.66,24.12,24.49,22.02,2,3,4,5,23.32,-0.21,24.49
ORGANIZATION,44.61,60.99,64.79,63.16,10,11,12,1,58.39,6.18,58.3
RESIDENT,21.7,26.05,36.04,40.52,12,1,2,3,31.08,6.27,36.39
PUBLIC_SERVICE,124.12,118.37,116.83,100.04,5,6,7,8,114.84,-8.03,133.76
RESIDENT,27.74,26.85,25.85,27.77,12,1,2,3,27.05,0.01,33.38
GOVERNMENT,81.25,125.75,89.1,142.67,11,12,1,2,109.69,20.47,122.13
RESIDENT,27.27,33.47,29.18,35.75,11,12,1,2,31.42,2.83,40.42
RESIDENT,30.71,29.68,28.18,28.39,8,9,10,11,29.24,-0.77,32.76
RESIDENT,39.46,40.89,40.89,43.04,3,4,5,6,41.07,1.19,44.35
RESIDENT,23.72,27.3,19.02,20.35,11,12,1,2,22.6,-1.12,27.44
PUBLIC_SERVICE,92.64,110.31,105.96,112.62,11,12,1,2,105.38,6.66,144.33
PUBLIC_SERVICE,96.4,90.8,105.78,115.69,10,11,12,1,102.17,6.43,113.18
ORGANIZATION,87.23,100.76,118.64,91.38,12,1,2,3,99.5,1.38,106.32
RESIDENT,30.38,32.01,28.98,44.6,4,5,6,7,33.99,4.74,23.93
RESIDENT,17.85,13.56,14.87,4.16,5,6,7,8,12.61,-4.56,7.0
PUBLIC_SERVICE,46.15,59.61,59.89,45.82,3,4,5,6,52.87,-0.11,40.11
RESIDENT,30.27,42.3,32.55,32.52,1,2,3,4,34.41,0.75,49.61
ORGANIZATION,70.14,79.4,102.83,73.49,11,12,1,2,81.47,1.12,96.83
RESIDENT,22.0,15.35,23.49,17.66,5,6,7,8,19.62,-1.45,13.26
RESIDENT,9.37,14.01,7.86,1.17,8,9,10,11,8.1,-2.73,9.66
RESIDENT,29.86,30.19,27.46,33.47,12,1,2,3,30.24,1.2,35.53
GOVERNMENT,771.79,451.43,519.67,515.71,2,3,4,5,564.65,-85.36,525.03
RESIDENT,23.46,16.89,27.02,30.16,10,11,12,1,24.38,2.23,27.36
RESIDENT,21.93,15.91,19.37,18.0,4,5,6,7,18.8,-1.31,15.53
GOVERNMENT,386.74,384.65,409.56,412.15,12,1,2,3,398.27,8.47,415.8
PUBLIC_SERVICE,50.81,64.55,20.46,49.61,9,10,11,12,46.36,-0.4,37.39
RESIDENT,25.82,28.77,31.01,29.57,3,4,5,6,28.79,1.25,28.11
FACTORY,1224.0,1437.8,928.4,1045.33,6,7,8,9,1158.88,-59.56,854.51
ORGANIZATION,118.37,120.97,105.59,134.4,9,10,11,12,119.83,5.34,112.79
RESIDENT,14.14,24.61,19.81,19.52,3,4,5,6,19.52,1.79,17.17
RESIDENT,16.41,12.77,15.79,16.52,3,4,5,6,15.37,0.04,9.42
ORGANIZATION,207.94,182.49,188.54,169.28,6,7,8,9,187.06,-12.89,172.04
FACTORY,1179.88,1334.15,1418.72,1380.43,3,4,5,6,1328.3,66.85,1135.61
RESIDENT,20.03,15.32,29.98,19.84,10,11,12,1,21.29,-0.06,18.7
GOVERNMENT,525.34,350.08,359.46,349.15,5,6,7,8,396.01,-58.73,371.66
RESIDENT,30.77,29.64,24.93,22.06,4,5,6,7,26.85,-2.9,25.3
RESIDENT,22.86,21.72,19.5,30.53,11,12,1,2,23.65,2.56,35.78
RESIDENT,3.44,0.5,5.79,6.18,11,12,1,2,3.98,0.91,6.99
RESIDENT,32.1,47.13,40.51,37.56,5,6,7,8,39.33,1.82,32.31
RESIDENT,29.77,30.51,30.62,26.67,2,3,4,5,29.39,-1.03,27.03
RESIDENT,15.12,7.09,15.37,15.51,11,12,1,2,13.27,0.13,24.86
ORGANIZATION,140.63,147.07,117.5,168.71,1,2,3,4,143.48,9.36,155.74
RESIDENT,34.18,27.65,31.79,26.33,8,9,10,11,29.99,-2.62,29.06
ORGANIZATION,180.24,138.26,158.24,194.24,5,6,7,8,167.75,4.67,99.53
FACTORY,1322.35,1217.17,1400.38,1545.05,1,2,3,4,1371.24,74.23,1309.82
ORGANIZATION,190.42,168.16,184.45,169.85,10,11,12,1,178.22,-6.86,212.66
ORGANIZATION,141.47,107.68,107.13,104.57,5,6,7,8,115.21,-12.3,108.88
RESIDENT,22.31,27.55,14.22,18.81,10,11,12,1,20.72,-1.17,28.43
RESIDENT,20.44,17.87,17.71,14.68,5,6,7,8,17.68,-1.92,10.12
FACTORY,684.04,371.32,464.98,362.89,9,10,11,12,470.81,-107.05,441.23
PUBLIC_SERVICE,21.72,40.99,36.25,37.02,1,2,3,4,34.0,5.1,71.43
GOVERNMENT,247.61,245.66,192.93,158.1,8,9,10,11,211.08,-29.84,137.42
RESIDENT,30.26,28.42,25.48,36.68,9,10,11,12,30.21,2.14,30.32
RESIDENT,18.24,16.39,13.34,10.94,7,8,9,10,14.73,-2.43,9.97
RESIDENT,9.17,13.08,10.52,12.9,1,2,3,4,11.42,1.24,15.3
ORGANIZATION,139.44,140.38,163.74,170.51,1,2,3,4,153.52,10.36,153.16
RESIDENT,13.62,9.02,14.98,8.43,9,10,11,12,11.51,-1.73,12.51
RESIDENT,15.57,22.0,15.35,23.49,4,5,6,7,19.1,2.64,17.66
RESIDENT,6.12,8.19,10.79,12.37,2,3,4,5,9.37,2.08,12.5
ORGANIZATION,91.53,92.04,46.78,78.93,11,12,1,2,77.32,-4.2,117.49
GOVERNMENT,242.2,182.83,167.56,119.24,8,9,10,11,177.96,-40.99,194.87
RESIDENT,7.46,7.03,14.29,19.23,1,2,3,4,12.0,3.92,10.36
RESIDENT,13.6,12.98,12.46,14.24,10,11,12,1,13.32,0.21,17.25
ORGANIZATION,172.11,198.21,181.02,201.78,11,12,1,2,188.28,9.89,192.42
RESIDENT,2.5,0.5,6.39,10.99,11,12,1,2,5.1,2.83,14.77
ORGANIZATION,132.11,138.02,135.39,167.58,3,4,5,6,143.28,11.82,157.74
FACTORY,2089.47,1927.84,1714.66,1708.07,6,7,8,9,1860.01,-127.13,1576.89
RESIDENT,33.38,36.37,38.89,42.95,1,2,3,4,37.9,3.19,39.78
RESIDENT,27.17,28.87,29.61,24.92,4,5,6,7,27.64,-0.75,23.35
FACTORY,791.93,588.55,599.1,365.9,7,8,9,10,586.37,-142.01,526.18
ORGANIZATION,172.58,170.22,167.19,158.35,5,6,7,8,167.09,-4.74,132.95
ORGANIZATION,140.22,139.84,175.93,142.76,2,3,4,5,149.69,0.85,167.37
ORGANIZATION,63.57,87.49,90.58,117.66,1,2,3,4,89.82,18.03,84.81
ORGANIZATION,79.88,100.06,74.84,97.14,1,2,3,4,87.98,5.75,100.19
RESIDENT,37.71,33.03,30.65,36.93,7,8,9,10,34.58,-0.26,28.38
RESIDENT,28.06,35.47,38.44,47.69,2,3,4,5,37.41,6.54,41.77
FACTORY,1134.6,1031.1,1172.95,1188.63,7,8,9,10,1131.82,18.01,1021.69
RESIDENT,3.62,8.93,14.76,11.26,11,12,1,2,9.64,2.55,11.51
ORGANIZATION,172.02,99.42,105.38,116.69,11,12,1,2,123.38,-18.44,119.12
PUBLIC_SERVICE,83.85,95.48,89.74,95.49,11,12,1,2,91.14,3.88,115.3
ORGANIZATION,158.27,140.98,134.84,143.53,2,3,4,5,144.41,-4.91,161.53
RESIDENT,32.98,32.55,37.59,39.05,1,2,3,4,35.54,2.02,41.41
RESIDENT,12.31,18.54,6.03,9.38,8,9,10,11,11.57,-0.98,2.25
RESIDENT,25.34,29.15,22.11,17.08,6,7,8,9,23.42,-2.75,16.55
PUBLIC_SERVICE,36.18,54.4,33.55,19.37,3,4,5,6,35.88,-5.6,24.44
RESIDENT,20.43,19.49,22.09,16.48,10,11,12,1,19.62,-1.32,26.91
RESIDENT,31.13,29.57,27.54,22.87,7,8,9,10,27.78,-2.75,27.2
RESIDENT,1.92,1.11,6.01,5.66,10,11,12,1,3.67,1.25,6.04
RESIDENT,19.91,18.45,16.86,15.48,7,8,9,10,17.68,-1.48,11.11
RESIDENT,13.37,16.15,16.46,15.38,10,11,12,1,15.34,0.67,33.31
RESIDENT,12.88,21.77,7.96,6.48,7,8,9,10,12.27,-2.13,3.08
GOVERNMENT,200.55,223.03,267.4,278.72,11,12,1,2,242.43,26.06,288.64
FACTORY,1847.95,1706.82,1915.51,1992.89,1,2,3,4,1865.79,48.31,1977.59
ORGANIZATION,152.58,118.19,122.36,146.02,4,5,6,7,134.79,-2.19,122.65
GOVERNMENT,329.18,296.06,304.11,371.38,11,12,1,2,325.18,14.07,362.17
RESIDENT,13.03,9.26,11.29,12.1,8,9,10,11,11.42,-0.31,20.0
ORGANIZATION,109.32,164.31,159.94,152.58,1,2,3,4,146.54,14.42,118.19
RESIDENT,10.79,16.82,14.9,18.45,2,3,4,5,15.24,2.55,14.39
GOVERNMENT,444.05,428.89,357.96,445.43,7,8,9,10,419.08,0.46,342.92
RESIDENT,23.85,23.24,19.53,15.91,5,6,7,8,20.63,-2.65,17.68
GOVERNMENT,128.58,143.02,193.87,227.77,1,2,3,4,173.31,33.06,216.76
RESIDENT,16.13,20.58,10.49,6.41,5,6,7,8,13.4,-3.24,8.1
RESIDENT,19.73,22.69,19.42,15.4,5,6,7,8,19.31,-1.44,20.29
PUBLIC_SERVICE,75.96,60.36,81.12,86.44,10,11,12,1,75.97,3.49,74.11
RESIDENT,27.89,30.46,36.06,30.47,10,11,12,1,31.22,0.86,40.97
RESIDENT,13.25,14.48,12.5,6.59,6,7,8,9,11.71,-2.22,5.3
RESIDENT,25.94,27.48,23.16,17.2,6,7,8,9,23.45,-2.91,16.16
RESIDENT,19.65,20.0,22.79,25.05,2,3,4,5,21.87,1.8,28.95
RESIDENT,37.07,38.27,38.09,40.05,1,2,3,4,38.37,0.99,39.1
PUBLIC_SERVICE,86.95,82.65,77.61,77.69,8,9,10,11,81.23,-3.09,82.24
RESIDENT,22.45,22.79,22.3,22.38,5,6,7,8,22.48,-0.02,10.35
FACTORY,1481.88,1460.3,1461.36,1355.61,9,10,11,12,1439.79,-42.09,1531.47
RESIDENT,9.35,11.0,15.51,18.01,12,1,2,3,13.47,2.89,17.03
FACTORY,1271.9,1453.89,1315.07,1506.72,4,5,6,7,1386.89,78.27,1316.21
RESIDENT,9.43,10.1,6.95,3.65,8,9,10,11,7.53,-1.93,5.47
RESIDENT,15.2,12.58,11.44,17.17,1,2,3,4,14.1,0.66,14.56
PUBLIC_SERVICE,97.73,107.86,86.95,82.65,6,7,8,9,93.8,-5.03,77.61
RESIDENT,19.31,14.99,7.28,6.06,7,8,9,10,11.91,-4.42,5.75
FACTORY,510.71,434.25,468.06,509.4,11,12,1,2,480.61,-0.44,722.97
ORGANIZATION,112.46,122.62,83.52,117.07,7,8,9,10,108.92,1.54,93.0
PUBLIC_SERVICE,109.69,86.35,102.68,102.33,11,12,1,2,100.26,-2.45,110.94
RESIDENT,28.77,25.52,23.66,26.81,12,1,2,3,26.19,-0.65,34.85
RESIDENT,6.84,2.04,0.5,0.5,8,9,10,11,2.47,-2.11,9.87
FACTORY,1243.13,1349.05,1204.45,1047.89,8,9,10,11,1211.13,-65.08,1263.45
ORGANIZATION,111.32,93.45,78.96,101.22,9,10,11,12,96.24,-3.37,117.24
RESIDENT,36.48,40.77,46.32,37.07,4,5,6,7,40.16,0.2,38.35
ORGANIZATION,147.89,155.08,135.58,89.76,6,7,8,9,132.08,-19.38,146.38
FACTORY,1701.98,1881.65,1929.78,2061.2,11,12,1,2,1893.65,119.74,2276.8
FACTORY,914.41,742.71,770.25,641.68,5,6,7,8,767.26,-90.91,393.77
RESIDENT,39.05,34.42,38.04,33.71,3,4,5,6,36.3,-1.78,32.56
RESIDENT,8.09,12.37,18.44,15.94,10,11,12,1,13.71,2.62,15.76
RESIDENT,31.14,35.18,30.13,27.33,6,7,8,9,30.94,-1.27,24.8
RESIDENT,30.58,33.78,25.11,27.18,6,7,8,9,29.16,-1.13,23.12
ORGANIZATION,161.14,174.33,197.86,176.49,11,12,1,2,177.46,5.12,225.87
RESIDENT,28.79,21.18,22.72,29.91,12,1,2,3,25.65,0.37,38.15
PUBLIC_SERVICE,81.06,77.65,49.68,82.33,7,8,9,10,72.68,0.42,70.08
ORGANIZATION,115.75,102.55,125.87,123.01,11,12,1,2,116.8,2.42,118.79
RESIDENT,25.88,31.69,26.69,32.24,3,4,5,6,29.12,2.12,28.73
RESIDENT,42.8,36.36,33.53,23.71,5,6,7,8,34.1,-6.36,25.79
ORGANIZATION,115.8,76.55,117.32,110.83,10,11,12,1,105.12,-1.66,132.4
RESIDENT,18.62,23.08,19.25,13.04,4,5,6,7,18.5,-1.86,8.07
RESIDENT,20.76,17.77,20.44,20.89,9,10,11,12,19.96,0.04,15.99
RESIDENT,26.82,26.6,26.0,24.19,9,10,11,12,25.9,-0.88,32.08
GOVERNMENT,173.79,192.5,195.18,166.56,9,10,11,12,182.01,-2.41,169.77
RESIDENT,10.74,21.48,16.9,22.41,1,2,3,4,17.88,3.89,21.03
RESIDENT,15.95,21.14,8.74,16.25,11,12,1,2,15.52,0.1,21.64
ORGANIZATION,207.54,206.53,190.68,186.29,7,8,9,10,197.76,-7.08,205.93
RESIDENT,33.47,29.18,35.75,40.42,12,1,2,3,34.7,2.32,40.33
RESIDENT,25.11,20.62,23.26,25.02,7,8,9,10,23.5,-0.03,16.86
GOVERNMENT,334.02,398.61,390.9,380.66,2,3,4,5,376.05,15.55,401.39
RESIDENT,29.28,37.94,42.65,35.16,3,4,5,6,36.26,1.96,45.55
RESIDENT,15.9,14.93,15.38,10.68,6,7,8,9,14.22,-1.74,4.06
RESIDENT,12.83,14.03,21.79,17.01,3,4,5,6,16.41,1.39,11.41
FACTORY,1387.36,1474.43,1573.19,1616.7,6,7,8,9,1512.92,76.45,1337.03
ORGANIZATION,87.72,71.37,77.04,52.54,9,10,11,12,72.17,-11.73,78.18
RESIDENT,30.36,28.27,30.95,30.22,2,3,4,5,29.95,-0.05,23.84
RESIDENT,4.41,0.5,5.39,5.44,10,11,12,1,3.94,0.34,0.5
FACTORY,596.72,679.46,482.01,458.41,9,10,11,12,554.15,-46.1,642.33
RESIDENT,29.07,23.42,22.59,15.21,7,8,9,10,22.57,-4.62,15.78
RESIDENT,8.56,20.28,22.83,29.64,12,1,2,3,20.33,7.03,27.0
FACTORY,1684.87,1730.96,1346.72,1627.56,8,9,10,11,1597.53,-19.1,1615.36
RESIDENT,34.87,30.18,29.56,31.23,6,7,8,9,31.46,-1.21,24.14
PUBLIC_SERVICE,86.25,79.76,119.35,104.79,12,1,2,3,97.54,6.18,140.08
FACTORY,1135.55,1121.39,1242.78,1286.86,10,11,12,1,1196.64,50.44,1331.24
RESIDENT,19.52,17.1,12.31,18.54,6,7,8,9,16.87,-0.33,6.03
GOVERNMENT,248.07,324.17,237.7,280.8,6,7,8,9,272.69,10.91,235.6
ORGANIZATION,83.24,79.23,97.28,47.58,6,7,8,9,76.83,-11.89,56.51
RESIDENT,29.56,37.9,38.98,41.01,1,2,3,4,36.86,3.82,43.33
RESIDENT,26.86,32.4,31.49,37.51,2,3,4,5,32.06,3.55,33.62
RESIDENT,36.91,29.81,32.92,30.85,3,4,5,6,32.62,-2.02,26.21
RESIDENT,12.33,11.66,5.26,16.38,11,12,1,2,11.41,1.35,17.4
RESIDENT,34.42,42.34,35.77,35.04,3,4,5,6,36.89,0.21,34.22
FACTORY,1334.15,1418.72,1380.43,1135.61,4,5,6,7,1317.23,-66.18,1107.61
RESIDENT,35.72,52.85,44.38,37.16,2,3,4,5,42.53,0.48,37.12
RESIDENT,26.46,35.21,18.84,22.31,7,8,9,10,25.71,-1.38,27.55
RESIDENT,31.31,35.62,33.95,29.44,2,3,4,5,32.58,-0.62,27.35
PUBLIC_SERVICE,81.36,74.49,86.23,99.87,10,11,12,1,85.49,6.17,94.46
FACTORY,1661.61,1822.58,1653.75,1630.3,4,5,6,7,1692.06,-10.44,1461.09
RESIDENT,24.78,21.85,22.78,25.67,4,5,6,7,23.77,0.3,22.38
RESIDENT,10.11,7.0,3.72,1.63,7,8,9,10,5.61,-2.83,2.76
FACTORY,588.55,599.1,365.9,526.18,8,9,10,11,519.93,-20.79,473.27
FACTORY,1680.21,1427.9,1416.24,1329.51,5,6,7,8,1463.47,-116.9,1315.6
RESIDENT,14.73,20.83,24.14,24.2,2,3,4,5,20.98,3.16,19.36
RESIDENT,38.87,38.91,26.39,25.43,8,9,10,11,32.4,-4.48,29.8
ORGANIZATION,149.82,159.45,170.01,130.07,7,8,9,10,152.34,-6.58,152.27
GOVERNMENT,194.28,175.96,196.53,146.87,9,10,11,12,178.41,-15.8,214.72
RESIDENT,26.61,29.85,30.54,30.73,8,9,10,11,29.43,1.37,34.87
RESIDENT,10.35,8.44,4.7,3.53,9,10,11,12,6.75,-2.27,6.72
ORGANIZATION,136.61,112.5,133.97,192.81,10,11,12,1,143.97,18.73,135.81
RESIDENT,12.42,5.36,2.35,4.14,8,9,10,11,6.07,-2.76,4.89
FACTORY,1971.63,2080.65,1984.72,1896.37,7,8,9,10,1983.34,-25.09,2069.35
RESIDENT,31.1,29.89,29.9,24.99,8,9,10,11,28.97,-2.04,22.4
ORGANIZATION,146.03,135.54,119.32,120.81,5,6,7,8,130.43,-8.41,96.02
RESIDENT,40.08,30.23,46.12,33.37,12,1,2,3,37.45,-2.24,37.25
ORGANIZATION,156.26,167.71,114.06,104.55,6,7,8,9,135.65,-17.24,78.09
RESIDENT,12.6,15.23,14.86,9.94,4,5,6,7,13.16,-0.89,8.27
GOVERNMENT,110.4,82.66,82.59,123.02,11,12,1,2,99.67,4.21,192.22
FACTORY,2129.23,2051.02,2052.14,2043.93,4,5,6,7,2069.08,-28.43,1995.69
RESIDENT,6.93,10.55,5.83,16.35,11,12,1,2,9.92,3.14,10.12
RESIDENT,19.31,11.34,10.38,13.44,8,9,10,11,13.62,-1.96,10.73
RESIDENT,10.22,8.8,5.48,15.89,10,11,12,1,10.1,1.89,14.22
FACTORY,1815.39,1799.57,1815.61,2232.21,1,2,3,4,1915.69,138.94,2117.91
RESIDENT,3.82,8.55,8.87,7.98,1,2,3,4,7.31,1.39,7.48
RESIDENT,18.7,20.76,17.77,20.44,8,9,10,11,19.42,0.58,20.89
ORGANIZATION,116.58,102.05,157.64,104.15,6,7,8,9,120.1,-4.14,113.01
ORGANIZATION,76.09,73.13,137.33,111.79,12,1,2,3,99.59,11.9,107.39
RESIDENT,16.53,19.23,20.43,23.01,1,2,3,4,19.8,2.16,19.76
RESIDENT,33.07,29.38,32.79,31.81,3,4,5,6,31.76,-0.42,27.11
PUBLIC_SERVICE,151.07,146.91,150.98,150.04,4,5,6,7,149.75,-0.34,126.72
RESIDENT,17.04,23.74,25.88,37.87,12,1,2,3,26.13,6.94,35.99
RESIDENT,28.05,25.98,27.7,29.79,10,11,12,1,27.88,0.58,29.3
ORGANIZATION,71.87,81.73,79.11,110.03,12,1,2,3,85.69,12.72,94.35
RESIDENT,9.16,9.83,9.67,12.77,3,4,5,6,10.36,1.2,9.11
RESIDENT,24.59,27.29,39.92,21.67,7,8,9,10,28.37,-0.97,15.87
RESIDENT,22.02,8.72,13.14,14.61,9,10,11,12,14.62,-2.47,13.4
PUBLIC_SERVICE,115.35,124.39,118.14,120.01,10,11,12,1,119.47,1.55,121.2
RESIDENT,22.61,29.88,29.72,28.76,3,4,5,6,27.74,2.05,21.62
RESIDENT,38.28,38.13,40.36,43.98,1,2,3,4,40.19,1.9,45.95
GOVERNMENT,91.17,132.67,161.31,118.29,2,3,4,5,125.86,9.04,142.46
PUBLIC_SERVICE,120.08,113.61,92.64,92.68,6,7,8,9,104.75,-9.13,74.39
RESIDENT,16.56,20.95,17.11,20.58,10,11,12,1,18.8,1.34,26.38
RESIDENT,16.34,22.92,27.33,22.81,2,3,4,5,22.35,2.16,23.7
FACTORY,1586.03,1312.02,1281.14,1104.33,6,7,8,9,1320.88,-160.57,1214.67
PUBLIC_SERVICE,90.17,91.62,97.48,98.84,2,3,4,5,94.53,2.89,122.82
GOVERNMENT,354.93,433.95,486.68,454.67,12,1,2,3,432.56,33.25,491.48
PUBLIC_SERVICE,163.64,154.75,161.18,167.81,3,4,5,6,161.84,1.39,156.67
ORGANIZATION,175.16,150.17,95.35,129.31,1,2,3,4,137.5,-15.28,153.26
FACTORY,1962.34,1895.05,1931.7,1812.09,10,11,12,1,1900.3,-50.08,2008.4
FACTORY,987.35,847.17,901.59,799.16,3,4,5,6,883.82,-62.73,733.16
RESIDENT,21.59,22.88,27.05,24.37,4,5,6,7,23.97,0.93,21.6
RESIDENT,10.08,6.17,20.49,9.31,9,10,11,12,11.51,-0.26,12.63
RESIDENT,25.66,27.18,25.09,12.07,6,7,8,9,22.5,-4.53,16.15
PUBLIC_SERVICE,48.72,21.58,14.48,19.88,7,8,9,10,26.16,-9.61,7.62
RESIDENT,26.11,24.96,24.46,30.77,11,12,1,2,26.57,1.55,30.88
RESIDENT,33.12,33.0,32.24,33.4,3,4,5,6,32.94,0.09,37.37
RESIDENT,12.82,18.0,12.51,12.73,3,4,5,6,14.02,-0.03,4.92
RESIDENT,8.75,12.48,13.79,9.68,3,4,5,6,11.17,0.31,8.75
RESIDENT,28.26,19.78,17.87,14.45,7,8,9,10,20.09,-4.6,14.39
FACTORY,1536.06,1673.82,1486.83,2350.07,3,4,5,6,1761.7,271.34,1463.59
RESIDENT,11.01,6.91,10.17,12.94,11,12,1,2,10.26,0.64,12.06
GOVERNMENT,228.71,269.98,275.1,187.95,8,9,10,11,240.44,-13.59,163.99
RESIDENT,26.05,25.51,19.38,25.66,3,4,5,6,24.15,-0.13,27.18
RESIDENT,22.06,24.12,29.18,30.79,3,4,5,6,26.54,2.91,31.19
RESIDENT,26.8,27.4,30.72,27.29,1,2,3,4,28.05,0.16,32.98
RESIDENT,23.92,24.15,32.04,27.56,3,4,5,6,26.92,1.21,29.78
RESIDENT,24.37,27.33,32.53,33.54,2,3,4,5,29.44,3.06,30.97
RESIDENT,11.11,10.68,2.6,5.55,7,8,9,10,7.49,-1.85,1.75
RESIDENT,17.37,18.48,11.47,9.27,6,7,8,9,14.15,-2.7,9.38
RESIDENT,24.48,34.72,32.83,24.72,4,5,6,7,29.19,0.08,38.51
GOVERNMENT,428.89,357.96,445.43,342.92,8,9,10,11,393.8,-28.66,448.46
RESIDENT,16.09,19.66,22.83,17.4,2,3,4,5,18.99,0.44,17.34
RESIDENT,10.8,7.7,15.51,9.22,3,4,5,6,10.81,-0.53,4.88
RESIDENT,28.72,18.29,15.6,18.42,3,4,5,6,20.26,-3.43,21.75
RESIDENT,9.22,7.69,2.19,6.98,9,10,11,12,6.52,-0.75,7.52
PUBLIC_SERVICE,25.06,32.5,23.1,32.39,10,11,12,1,28.26,2.44,42.41
PUBLIC_SERVICE,125.57,73.14,110.01,83.88,8,9,10,11,98.15,-13.9,97.25
FACTORY,734.53,845.31,787.16,951.35,2,3,4,5,829.59,72.27,853.2
RESIDENT,10.34,6.08,9.72,13.7,1,2,3,4,9.96,1.12,20.17
RESIDENT,30.27,32.88,33.26,41.31,2,3,4,5,34.43,3.68,32.86
ORGANIZATION,71.37,77.04,52.54,78.18,10,11,12,1,69.78,2.27,93.08
FACTORY,783.44,737.13,481.22,544.84,8,9,10,11,636.66,-79.53,586.61
RESIDENT,32.44,37.74,41.65,41.3,1,2,3,4,38.28,2.95,37.71
GOVERNMENT,224.39,142.6,137.18,180.99,12,1,2,3,171.29,-14.47,128.8
RESIDENT,29.05,32.09,23.19,33.6,6,7,8,9,29.48,1.52,20.42
RESIDENT,6.67,3.62,8.93,14.76,10,11,12,1,8.49,2.7,11.26
RESIDENT,36.16,50.95,36.31,37.45,4,5,6,7,40.22,0.43,30.14
RESIDENT,27.61,33.38,36.37,38.89,12,1,2,3,34.06,3.76,42.95
ORGANIZATION,222.31,197.13,183.25,178.96,5,6,7,8,195.41,-14.45,141.12
ORGANIZATION,160.61,156.65,142.25,167.05,6,7,8,9,156.64,2.15,120.68
ORGANIZATION,85.76,104.77,141.34,120.04,12,1,2,3,112.98,11.43,162.73
PUBLIC_SERVICE,94.64,107.15,108.38,107.61,11,12,1,2,104.45,4.32,112.73
RESIDENT,2.12,0.5,8.5,7.23,11,12,1,2,4.59,1.7,8.7
FACTORY,915.79,704.23,469.73,546.0,7,8,9,10,658.94,-123.26,770.0
RESIDENT,13.81,6.52,14.55,2.52,6,7,8,9,9.35,-3.76,7.07
ORGANIZATION,270.03,154.63,162.1,200.8,8,9,10,11,196.89,-23.08,191.16
FACTORY,1139.98,1093.01,1088.24,1228.75,3,4,5,6,1137.49,29.59,1124.34
RESIDENT,40.2,35.09,39.31,39.73,3,4,5,6,38.58,-0.16,33.39
RESIDENT,12.43,16.89,13.84,12.24,8,9,10,11,13.85,-0.06,13.0
FACTORY,899.82,942.29,744.06,651.57,9,10,11,12,809.44,-82.75,856.67
RESIDENT,12.2,17.22,16.63,18.18,12,1,2,3,16.06,1.99,27.01
RESIDENT,28.99,22.15,24.62,22.0,5,6,7,8,24.44,-2.33,18.48
PUBLIC_SERVICE,45.07,44.18,45.56,69.94,1,2,3,4,51.19,8.29,70.53
RESIDENT,11.35,12.19,18.51,8.58,4,5,6,7,12.66,-0.92,10.65
GOVERNMENT,180.11,233.56,207.26,193.52,4,5,6,7,203.61,4.47,189.6
RESIDENT,16.25,14.55,13.83,14.27,10,11,12,1,14.73,-0.66,17.04
RESIDENT,27.16,30.41,21.14,17.75,7,8,9,10,24.12,-3.14,17.52
RESIDENT,24.09,16.5,19.6,22.17,10,11,12,1,20.59,-0.64,23.77
GOVERNMENT,110.78,94.16,74.91,89.16,6,7,8,9,92.25,-7.21,22.18
FACTORY,2230.34,1849.27,1592.95,1856.08,6,7,8,9,1882.16,-124.75,1497.21
RESIDENT,1.93,5.24,2.67,13.75,10,11,12,1,5.9,3.94,14.26
PUBLIC_SERVICE,157.03,168.35,225.31,212.12,8,9,10,11,190.7,18.36,216.55
ORGANIZATION,129.58,133.67,123.33,155.35,11,12,1,2,135.48,8.59,154.62
RESIDENT,28.98,26.77,19.17,24.91,6,7,8,9,24.96,-1.36,20.82
RESIDENT,27.99,25.46,20.32,21.95,6,7,8,9,23.93,-2.01,18.56
RESIDENT,24.29,20.42,21.99,20.81,3,4,5,6,21.88,-1.16,23.11
RESIDENT,4.61,4.29,13.14,11.44,1,2,3,4,8.37,2.28,20.15
RESIDENT,23.42,21.17,19.51,21.09,7,8,9,10,21.3,-0.78,22.51
GOVERNMENT,350.35,325.18,316.23,384.18,12,1,2,3,343.99,11.28,494.6
PUBLIC_SERVICE,81.96,95.26,71.17,79.94,6,7,8,9,82.08,-0.67,81.74
GOVERNMENT,471.79,489.82,469.48,436.79,5,6,7,8,466.97,-11.67,417.11
RESIDENT,14.45,12.44,13.64,7.91,10,11,12,1,12.11,-2.18,15.27
RESIDENT,11.92,18.63,14.71,25.4,2,3,4,5,17.66,4.49,18.99
RESIDENT,21.99,15.83,25.37,23.65,11,12,1,2,21.71,0.55,30.26
ORGANIZATION,92.04,46.78,78.93,117.49,12,1,2,3,83.81,8.48,127.43
RESIDENT,28.97,30.81,29.61,35.74,2,3,4,5,31.28,2.26,33.45
PUBLIC_SERVICE,142.96,140.73,141.32,137.26,3,4,5,6,140.57,-1.9,139.26
FACTORY,660.86,547.1,514.96,430.57,9,10,11,12,538.37,-76.76,515.75
FACTORY,1784.03,1608.36,1732.62,1719.23,1,2,3,4,1711.06,-21.6,1815.76
FACTORY,1882.37,1867.05,1800.82,1643.18,5,6,7,8,1798.36,-79.73,1628.23
ORGANIZATION,184.32,186.0,221.39,173.17,7,8,9,10,191.22,-3.72,195.8
RESIDENT,10.38,13.44,10.73,15.52,10,11,12,1,12.52,1.71,20.23
RESIDENT,1.58,6.2,12.15,11.42,2,3,4,5,7.84,3.28,7.3
RESIDENT,23.08,21.78,27.13,29.72,11,12,1,2,25.43,2.21,25.0
RESIDENT,38.89,30.9,34.65,31.09,4,5,6,7,33.88,-2.6,35.74
ORGANIZATION,135.2,122.51,113.74,138.78,3,4,5,6,127.56,1.19,128.23
RESIDENT,29.65,22.48,29.8,25.07,8,9,10,11,26.75,-1.53,23.37
RESIDENT,27.37,40.25,28.18,31.45,8,9,10,11,31.81,1.36,26.28
ORGANIZATION,112.51,121.65,122.11,137.96,2,3,4,5,123.56,8.48,138.43
RESIDENT,0.57,3.69,7.02,9.92,12,1,2,3,5.3,3.12,17.31
RESIDENT,33.34,30.55,32.38,31.46,12,1,2,3,31.93,-0.63,38.83
ORGANIZATION,111.67,91.69,76.07,113.6,5,6,7,8,98.26,0.64,77.72
ORGANIZATION,102.07,55.21,72.31,93.04,1,2,3,4,80.66,-3.01,79.88
RESIDENT,24.79,18.47,17.73,20.16,9,10,11,12,20.29,-1.54,22.37
GOVERNMENT,350.24,380.71,403.0,369.98,11,12,1,2,375.98,6.58,383.17
RESIDENT,28.95,26.87,30.87,34.01,2,3,4,5,30.17,1.69,32.39
PUBLIC_SERVICE,105.78,115.69,113.18,139.15,12,1,2,3,118.45,11.12,144.46
RESIDENT,34.13,29.02,31.91,28.23,3,4,5,6,30.82,-1.97,30.75
ORGANIZATION,143.12,146.72,218.01,161.83,12,1,2,3,167.42,6.24,176.37
RESIDENT,3.69,7.02,9.92,17.31,1,2,3,4,9.48,4.54,9.21
RESIDENT,16.86,16.97,16.24,18.69,3,4,5,6,17.19,0.61,13.71
FACTORY,1626.47,1770.08,1588.48,1571.53,8,9,10,11,1639.14,-18.31,1447.33
ORGANIZATION,178.96,141.12,163.3,154.68,8,9,10,11,159.52,-8.09,167.68
FACTORY,1716.79,1651.31,1555.37,1729.01,10,11,12,1,1663.12,4.07,1909.88
RESIDENT,16.13,16.21,24.67,39.76,12,1,2,3,24.19,7.88,29.91
RESIDENT,5.76,8.6,13.17,11.77,12,1,2,3,9.82,2.0,10.56
PUBLIC_SERVICE,91.83,92.08,102.23,95.32,10,11,12,1,95.36,1.16,117.27
ORGANIZATION,177.38,161.94,175.03,192.1,10,11,12,1,176.61,4.91,203.25
PUBLIC_SERVICE,69.3,73.21,75.53,74.01,3,4,5,6,73.01,1.57,78.34
GOVERNMENT,227.5,391.63,245.06,238.11,11,12,1,2,275.58,3.54,261.83
RESIDENT,10.32,17.64,16.53,20.94,1,2,3,4,16.36,3.54,14.61
ORGANIZATION,123.13,129.63,121.95,123.79,3,4,5,6,124.62,0.22,145.6
PUBLIC_SERVICE,102.88,106.63,117.89,126.65,1,2,3,4,113.51,7.92,129.18
RESIDENT,29.79,27.53,17.93,27.34,7,8,9,10,25.65,-0.82,25.22
RESIDENT,16.91,20.5,24.72,26.38,11,12,1,2,22.13,3.16,23.71
PUBLIC_SERVICE,135.79,118.28,124.61,125.12,4,5,6,7,125.95,-3.56,118.16
RESIDENT,13.48,13.77,19.6,23.75,1,2,3,4,17.65,3.42,26.17
ORGANIZATION,218.88,189.15,183.12,189.39,8,9,10,11,195.13,-9.83,184.23
RESIDENT,13.38,7.94,5.14,5.78,5,6,7,8,8.06,-2.53,3.72
RESIDENT,4.65,13.16,7.76,17.53,11,12,1,2,10.78,4.29,10.71
RESIDENT,5.35,10.59,10.61,7.83,9,10,11,12,8.59,0.83,4.0
RESIDENT,10.08,18.7,21.22,19.37,12,1,2,3,17.34,3.1,20.73
RESIDENT,11.35,4.17,10.88,13.53,1,2,3,4,9.98,0.73,6.45
RESIDENT,37.12,37.84,33.64,32.14,7,8,9,10,35.19,-1.66,29.12
RESIDENT,28.77,31.91,28.26,30.3,10,11,12,1,29.81,0.51,34.78
PUBLIC_SERVICE,84.38,56.45,68.73,75.5,8,9,10,11,71.27,-2.96,89.82
RESIDENT,29.89,27.62,27.72,26.03,5,6,7,8,27.82,-1.29,26.37
RESIDENT,12.35,22.61,24.52,19.07,1,2,3,4,19.64,2.24,23.26
GOVERNMENT,223.6,193.79,164.77,178.22,8,9,10,11,190.09,-15.13,199.84
ORGANIZATION,213.37,155.31,173.53,146.05,3,4,5,6,172.06,-22.44,171.63
RESIDENT,12.06,7.28,11.38,21.56,1,2,3,4,13.07,3.17,11.57
RESIDENT,22.75,41.31,21.56,24.1,10,11,12,1,27.43,0.45,35.29
PUBLIC_SERVICE,140.01,132.79,128.82,150.18,11,12,1,2,137.95,3.39,147.81
RESIDENT,8.68,11.56,8.98,8.21,7,8,9,10,9.36,-0.16,4.92
RESIDENT,26.96,25.58,28.88,26.41,3,4,5,6,26.96,-0.18,27.35
ORGANIZATION,94.3,94.14,77.74,122.09,4,5,6,7,97.07,9.26,57.3
RESIDENT,26.71,28.89,19.91,13.48,7,8,9,10,22.25,-4.41,19.66
RESIDENT,11.08,15.46,16.98,9.65,4,5,6,7,13.29,-0.48,15.18
RESIDENT,40.89,40.89,43.04,44.35,4,5,6,7,42.29,1.15,42.69
RESIDENT,33.19,28.69,24.21,20.59,5,6,7,8,26.67,-4.2,19.64
RESIDENT,27.75,24.12,26.11,24.4,2,3,4,5,25.59,-1.12,22.02
ORGANIZATION,160.3,141.08,161.83,202.46,11,12,1,2,166.42,14.05,204.01
FACTORY,1166.08,783.44,737.13,481.22,7,8,9,10,791.97,-228.29,544.84
ORGANIZATION,112.5,133.97,192.81,135.81,11,12,1,2,143.77,7.77,176.65
RESIDENT,28.07,23.21,19.8,26.52,10,11,12,1,24.4,-0.52,26.25
RESIDENT,29.91,38.15,34.01,32.93,3,4,5,6,33.75,1.01,33.13
RESIDENT,5.44,7.94,10.16,16.47,12,1,2,3,10.0,3.68,23.65
FACTORY,1903.7,1744.26,1749.16,1754.93,10,11,12,1,1788.01,-49.59,1998.31
RESIDENT,9.8,13.43,9.68,9.02,7,8,9,10,10.48,-0.26,9.64
RESIDENT,36.03,39.85,42.57,43.64,2,3,4,5,40.52,2.54,37.22
RESIDENT,30.87,34.01,32.39,27.17,4,5,6,7,31.11,-1.23,28.45
RESIDENT,32.76,28.06,35.47,38.44,1,2,3,4,33.68,1.89,47.69
GOVERNMENT,273.67,217.16,136.5,182.18,7,8,9,10,202.38,-30.5,210.61
FACTORY,609.82,814.43,627.68,686.4,5,6,7,8,684.58,25.53,424.56
ORGANIZATION,121.45,111.79,103.04,103.11,7,8,9,10,109.85,-6.11,159.15
RESIDENT,18.45,18.49,19.02,14.14,3,4,5,6,17.52,-1.44,14.73
RESIDENT,24.84,19.31,11.34,10.38,7,8,9,10,16.47,-4.82,13.44
RESIDENT,11.57,13.11,9.03,2.77,8,9,10,11,9.12,-2.93,7.83
RESIDENT,26.27,25.33,23.97,18.59,6,7,8,9,23.54,-2.56,22.93
ORGANIZATION,121.73,92.0,94.41,103.53,7,8,9,10,102.92,-6.07,65.64
RESIDENT,9.05,8.45,13.48,10.1,9,10,11,12,10.27,0.35,7.09
RESIDENT,10.5,8.0,8.41,0.5,8,9,10,11,6.85,-3.33,10.81
RESIDENT,25.21,26.29,29.23,19.15,4,5,6,7,24.97,-2.02,26.86
RESIDENT,6.93,9.06,0.5,12.78,12,1,2,3,7.32,1.95,9.28
RESIDENT,53.08,36.69,34.18,27.65,6,7,8,9,37.9,-8.48,31.79
GOVERNMENT,474.52,434.18,386.56,386.74,7,8,9,10,420.5,-29.26,361.55
RESIDENT,15.0,18.47,18.02,15.45,8,9,10,11,16.73,0.15,18.86
RESIDENT,38.63,37.15,36.25,37.98,5,6,7,8,37.5,-0.22,31.93
RESIDENT,22.69,23.82,22.05,26.37,10,11,12,1,23.73,1.23,30.51
RESIDENT,15.9,16.29,21.77,19.27,1,2,3,4,18.31,1.12,22.24
RESIDENT,22.42,17.96,14.73,15.36,6,7,8,9,17.62,-2.35,17.45
RESIDENT,9.68,12.19,7.15,6.51,5,6,7,8,8.88,-1.06,1.5
RESIDENT,0.5,13.97,5.89,6.57,10,11,12,1,6.73,2.02,11.94
RESIDENT,29.42,24.46,27.14,22.21,6,7,8,9,25.81,-2.4,23.02
RESIDENT,21.85,22.35,17.81,35.45,10,11,12,1,24.37,4.53,21.33
RESIDENT,26.71,36.01,18.48,15.73,7,8,9,10,24.23,-3.66,14.59
RESIDENT,27.32,24.76,30.82,20.32,4,5,6,7,25.8,-2.33,21.81
RESIDENT,24.48,28.97,30.81,29.61,1,2,3,4,28.47,1.71,35.74
RESIDENT,9.43,13.29,15.37,20.89,12,1,2,3,14.74,3.82,22.9
ORGANIZATION,172.94,158.41,174.05,163.48,5,6,7,8,167.22,-3.15,158.89
RESIDENT,11.49,7.0,7.4,14.97,11,12,1,2,10.21,1.16,13.19
RESIDENT,12.18,15.9,14.93,15.38,5,6,7,8,14.6,1.07,10.68
ORGANIZATION,155.31,179.31,163.74,146.21,4,5,6,7,161.14,-3.03,207.55
RESIDENT,36.51,32.16,42.28,35.84,2,3,4,5,36.7,-0.22,33.0
RESIDENT,26.68,23.19,18.41,19.7,6,7,8,9,22.0,-2.33,16.37
RESIDENT,33.49,30.09,40.42,34.16,1,2,3,4,34.54,0.22,44.18
PUBLIC_SERVICE,143.93,138.62,139.05,144.21,2,3,4,5,141.45,0.09,148.29
RESIDENT,42.06,36.3,38.5,32.0,6,7,8,9,37.22,-3.35,38.96
RESIDENT,36.79,36.0,30.4,28.6,5,6,7,8,32.95,-2.73,39.73
GOVERNMENT,427.83,485.39,428.42,396.68,6,7,8,9,434.58,-10.38,332.67
RESIDENT,7.66,16.78,17.44,15.45,1,2,3,4,14.33,2.6,16.25
GOVERNMENT,158.86,104.69,111.21,122.65,6,7,8,9,124.35,-12.07,90.13
RESIDENT,23.41,30.27,26.22,29.35,11,12,1,2,27.31,1.98,31.14
RESIDENT,16.76,19.65,20.0,22.79,1,2,3,4,19.8,2.01,25.05
RESIDENT,26.11,24.84,24.65,30.15,2,3,4,5,26.44,1.35,31.0
ORGANIZATION,106.28,95.17,129.83,154.98,1,2,3,4,121.56,16.23,153.41
RESIDENT,26.82,28.41,26.92,22.79,7,8,9,10,26.23,-1.34,21.4
PUBLIC_SERVICE,93.95,110.09,113.33,118.01,1,2,3,4,108.84,8.02,136.29
RESIDENT,21.42,21.45,27.0,30.04,12,1,2,3,24.98,2.87,27.37
ORGANIZATION,173.31,158.95,233.86,167.46,3,4,5,6,183.4,-1.95,260.29
ORGANIZATION,79.31,92.48,142.21,90.15,3,4,5,6,101.04,3.61,94.2
RESIDENT,37.87,42.66,36.68,40.27,3,4,5,6,39.37,0.8,40.03
RESIDENT,11.12,15.7,15.6,13.57,2,3,4,5,14.0,0.82,15.32
RESIDENT,27.19,17.0,15.68,16.15,9,10,11,12,19.0,-3.68,14.24
FACTORY,1162.74,1140.06,1520.25,1439.83,2,3,4,5,1315.72,92.36,1251.96
RESIDENT,28.35,29.79,34.5,22.92,3,4,5,6,28.89,-1.81,24.1
ORGANIZATION,143.57,153.71,231.42,160.26,1,2,3,4,172.24,5.56,147.71
ORGANIZATION,123.83,99.93,97.27,115.8,7,8,9,10,109.21,-2.68,76.55
RESIDENT,29.08,22.35,22.08,23.36,10,11,12,1,24.22,-1.91,28.97
ORGANIZATION,115.35,133.08,140.26,159.05,3,4,5,6,136.94,14.57,118.88
FACTORY,1758.79,2015.65,1843.82,1775.73,8,9,10,11,1848.5,5.65,1700.24
GOVERNMENT,379.77,468.11,478.27,391.49,4,5,6,7,429.41,3.91,405.47
RESIDENT,22.74,25.12,25.33,25.69,9,10,11,12,24.72,0.98,52.5
ORGANIZATION,89.14,117.83,147.47,132.41,1,2,3,4,121.71,14.42,151.33
RESIDENT,7.4,11.74,17.41,19.81,1,2,3,4,14.09,4.14,13.35
RESIDENT,12.79,8.74,14.23,18.16,10,11,12,1,13.48,1.79,26.5
RESIDENT,16.89,15.14,14.03,15.82,4,5,6,7,15.47,-0.36,6.9
GOVERNMENT,381.58,388.0,394.82,401.65,2,3,4,5,391.51,6.69,399.35
ORGANIZATION,223.52,171.07,175.11,137.91,5,6,7,8,176.9,-28.54,147.76
ORGANIZATION,132.87,100.78,85.46,106.17,4,5,6,7,106.32,-8.9,91.84
RESIDENT,13.02,15.34,6.74,11.28,8,9,10,11,11.6,-0.58,6.73
RESIDENT,29.29,24.13,27.9,27.41,5,6,7,8,27.18,-0.63,23.58
RESIDENT,21.69,17.29,20.31,27.6,11,12,1,2,21.72,1.97,29.07
RESIDENT,9.53,9.85,4.09,0.5,7,8,9,10,5.99,-3.01,0.68
RESIDENT,8.1,14.56,7.48,14.8,4,5,6,7,11.23,2.23,6.36
RESIDENT,5.67,1.3,9.71,3.69,10,11,12,1,5.09,-0.66,7.6
ORGANIZATION,69.74,67.77,57.86,111.97,9,10,11,12,76.84,14.08,115.66
GOVERNMENT,325.1,408.71,308.1,373.2,3,4,5,6,353.78,16.03,293.24
GOVERNMENT,286.85,255.35,268.76,228.76,4,5,6,7,259.93,-19.36,235.63
RESIDENT,22.12,29.13,23.29,24.79,4,5,6,7,24.83,0.89,21.69
RESIDENT,30.44,25.89,32.29,34.99,8,9,10,11,30.9,1.52,35.05
FACTORY,1433.2,2152.76,1398.55,1493.49,8,9,10,11,1619.5,20.1,1215.63
RESIDENT,24.13,26.95,25.93,25.09,3,4,5,6,25.52,0.32,26.5
GOVERNMENT,212.95,209.6,187.91,208.09,11,12,1,2,204.64,-1.62,258.05
RESIDENT,28.67,31.69,32.21,36.15,3,4,5,6,32.18,2.49,30.15
RESIDENT,38.14,36.01,43.33,34.56,3,4,5,6,38.01,-1.19,39.4
RESIDENT,29.04,30.16,48.76,28.04,11,12,1,2,34.0,-0.33,32.9
RESIDENT,35.2,32.12,30.93,28.98,4,5,6,7,31.81,-2.07,25.06
RESIDENT,22.17,29.05,32.87,28.22,1,2,3,4,28.08,2.02,38.26
RESIDENT,10.44,9.61,15.2,12.58,11,12,1,2,11.96,0.71,11.44
RESIDENT,12.27,20.13,27.59,19.97,1,2,3,4,19.99,2.57,27.23
RESIDENT,28.76,30.86,29.55,23.4,9,10,11,12,28.14,-1.79,23.83
RESIDENT,16.26,23.97,17.61,18.54,8,9,10,11,19.09,0.76,20.64
RESIDENT,15.4,12.18,9.7,9.52,7,8,9,10,11.7,-1.96,7.71
RESIDENT,25.43,18.4,25.56,20.63,5,6,7,8,22.5,-1.6,19.03
PUBLIC_SERVICE,63.94,48.19,41.9,40.52,8,9,10,11,48.64,-7.81,52.86
ORGANIZATION,91.69,76.07,113.6,77.72,6,7,8,9,89.77,-4.66,82.55
RESIDENT,29.52,26.27,25.33,23.97,5,6,7,8,26.27,-1.85,18.59
RESIDENT,10.53,1.92,3.98,4.15,8,9,10,11,5.14,-2.13,10.53
ORGANIZATION,94.14,77.74,122.09,57.3,5,6,7,8,87.82,-12.28,73.43
RESIDENT,31.97,40.84,37.85,41.86,3,4,5,6,38.13,3.3,40.21
RESIDENT,8.19,10.79,12.37,12.5,3,4,5,6,10.96,1.44,9.61
RESIDENT,18.64,31.17,31.93,24.91,2,3,4,5,26.66,2.09,40.64
PUBLIC_SERVICE,58.46,68.06,88.18,81.59,4,5,6,7,74.07,7.71,49.69
RESIDENT,7.51,10.12,5.56,3.31,8,9,10,11,6.62,-1.4,3.34
RESIDENT,9.32,0.5,3.92,8.82,8,9,10,11,5.64,-0.17,1.69
RESIDENT,37.98,31.93,33.34,24.76,8,9,10,11,32.0,-4.41,32.98
RESIDENT,27.72,26.03,26.37,21.99,7,8,9,10,25.53,-1.91,22.18
ORGANIZATION,174.07,161.14,174.33,197.86,10,11,12,1,176.85,7.93,176.49
PUBLIC_SERVICE,139.05,144.21,148.29,133.76,4,5,6,7,141.33,-1.76,122.57
RESIDENT,16.29,8.87,22.29,13.42,11,12,1,2,15.22,-0.96,22.12
RESIDENT,25.71,22.15,31.29,27.09,3,4,5,6,26.56,0.46,23.06
RESIDENT,16.08,10.06,16.73,18.8,1,2,3,4,15.42,0.91,20.66
RESIDENT,13.06,8.78,15.41,6.94,3,4,5,6,11.05,-2.04,8.63
RESIDENT,15.0,14.19,17.29,19.34,4,5,6,7,16.45,1.45,13.64
RESIDENT,12.75,16.77,17.49,14.59,10,11,12,1,15.4,0.61,14.3
RESIDENT,24.25,26.95,23.48,14.95,6,7,8,9,22.41,-3.1,20.79
ORGANIZATION,239.23,160.81,199.29,184.26,10,11,12,1,195.9,-18.32,224.01
GOVERNMENT,383.66,413.02,388.81,380.3,3,4,5,6,391.45,-1.12,396.21
PUBLIC_SERVICE,67.53,47.13,43.79,54.65,1,2,3,4,53.27,-4.29,70.84
RESIDENT,5.51,10.69,6.96,14.64,11,12,1,2,9.45,3.04,19.7
PUBLIC_SERVICE,44.28,48.72,57.05,46.83,2,3,4,5,49.22,0.85,51.82
RESIDENT,31.29,30.31,25.88,25.13,7,8,9,10,28.15,-2.05,27.2
RESIDENT,11.54,8.19,6.51,8.84,10,11,12,1,8.77,-0.9,10.11
FACTORY,574.05,872.88,991.38,1080.43,1,2,3,4,879.68,168.79,1073.64
RESIDENT,14.51,6.99,6.98,10.21,8,9,10,11,9.67,-1.43,4.44
ORGANIZATION,97.0,95.85,127.28,89.45,5,6,7,8,102.39,-2.52,63.79
RESIDENT,22.6,17.31,23.09,26.43,10,11,12,1,22.36,1.28,23.5
PUBLIC_SERVICE,128.89,117.75,132.46,161.37,3,4,5,6,135.12,10.83,116.18
PUBLIC_SERVICE,128.1,115.6,120.76,124.27,8,9,10,11,122.18,-1.28,132.31
RESIDENT,15.28,13.51,17.24,19.66,12,1,2,3,16.42,1.46,26.19
RESIDENT,13.23,15.12,12.55,16.4,8,9,10,11,14.33,1.06,17.48
RESIDENT,30.52,31.72,33.49,30.09,11,12,1,2,31.45,-0.14,40.42
RESIDENT,31.68,26.53,26.6,29.49,8,9,10,11,28.57,-0.73,29.46
RESIDENT,33.4,31.15,29.17,28.29,6,7,8,9,30.5,-1.7,22.48
RESIDENT,13.59,16.56,19.25,21.13,11,12,1,2,17.63,2.51,34.34
RESIDENT,27.15,25.6,20.73,18.62,7,8,9,10,23.03,-2.84,36.04
ORGANIZATION,84.62,45.7,84.17,86.66,9,10,11,12,75.29,0.68,48.54
RESIDENT,31.98,46.52,32.27,32.37,2,3,4,5,35.79,0.13,36.65
RESIDENT,32.34,31.83,27.19,31.46,6,7,8,9,30.7,-0.29,26.47
RESIDENT,29.14,24.56,36.64,32.39,3,4,5,6,30.68,1.08,33.18
RESIDENT,15.26,13.44,14.58,15.1,8,9,10,11,14.6,-0.05,15.53
RESIDENT,11.01,12.85,12.63,11.29,11,12,1,2,11.95,0.09,19.2
RESIDENT,14.51,18.67,16.5,13.46,9,10,11,12,15.79,-0.35,13.11
PUBLIC_SERVICE,102.76,98.66,81.17,121.25,11,12,1,2,100.96,6.16,121.39
RESIDENT,30.89,37.18,28.09,34.55,1,2,3,4,32.68,1.22,49.39
FACTORY,692.15,877.23,480.94,636.56,6,7,8,9,671.72,-18.53,302.94
RESIDENT,4.24,3.05,10.98,11.44,1,2,3,4,7.43,2.4,13.55
PUBLIC_SERVICE,112.49,101.69,80.7,95.97,7,8,9,10,97.71,-5.51,138.4
PUBLIC_SERVICE,112.69,115.05,120.08,113.61,4,5,6,7,115.36,0.31,92.64
ORGANIZATION,99.93,97.27,115.8,76.55,8,9,10,11,97.39,-7.79,117.32
PUBLIC_SERVICE,30.6,29.42,36.74,47.46,10,11,12,1,36.05,5.62,32.38
FACTORY,1172.95,1188.63,1021.69,946.47,9,10,11,12,1082.43,-75.49,1119.18
RESIDENT,15.58,19.99,27.76,21.26,2,3,4,5,21.15,1.89,24.9
RESIDENT,38.02,42.55,36.28,38.48,4,5,6,7,38.83,0.15,37.32
RESIDENT,9.84,8.12,13.63,5.38,5,6,7,8,9.24,-1.49,6.5
RESIDENT,21.81,18.75,18.12,11.62,6,7,8,9,17.58,-3.4,12.99
GOVERNMENT,172.7,175.38,171.19,182.99,9,10,11,12,175.56,3.43,187.22
RESIDENT,28.95,30.77,41.22,37.07,2,3,4,5,34.5,2.71,31.5
FACTORY,903.84,666.92,774.07,559.47,7,8,9,10,726.08,-114.79,734.82
RESIDENT,32.58,27.87,30.97,24.53,6,7,8,9,28.99,-2.68,26.06
ORGANIZATION,214.6,208.74,204.96,211.45,4,5,6,7,209.94,-1.05,213.24
RESIDENT,29.65,29.79,29.56,22.84,6,7,8,9,27.96,-2.27,18.6
PUBLIC_SERVICE,74.49,86.23,99.87,94.46,11,12,1,2,88.76,6.66,110.26
RESIDENT,21.5,21.9,26.56,33.71,2,3,4,5,25.92,4.07,32.05
RESIDENT,9.66,5.46,9.72,8.81,11,12,1,2,8.41,-0.28,16.16
RESIDENT,35.48,43.98,37.61,38.0,3,4,5,6,38.77,0.84,31.17
RESIDENT,33.72,28.27,33.05,25.65,7,8,9,10,30.17,-2.69,28.8
GOVERNMENT,299.59,368.32,344.31,333.41,9,10,11,12,336.41,11.27,348.58
ORGANIZATION,159.24,182.94,197.46,172.58,2,3,4,5,178.06,4.45,170.22
ORGANIZATION,53.78,63.56,85.82,91.04,1,2,3,4,73.55,12.42,94.78
ORGANIZATION,198.97,186.34,291.02,165.74,9,10,11,12,210.52,-11.08,180.31
RESIDENT,23.31,18.25,26.65,19.56,11,12,1,2,21.94,-1.25,28.01
RESIDENT,12.01,8.59,12.86,10.11,4,5,6,7,10.89,-0.63,8.83
RESIDENT,24.54,30.63,25.07,41.41,2,3,4,5,30.41,5.62,31.49
ORGANIZATION,195.69,145.98,141.34,160.63,6,7,8,9,160.91,-11.69,148.61
RESIDENT,28.14,32.46,36.01,37.59,12,1,2,3,33.55,3.15,44.65
RESIDENT,16.45,23.31,20.68,24.34,1,2,3,4,21.2,2.63,26.62
ORGANIZATION,114.62,90.93,159.96,91.52,7,8,9,10,114.26,-7.7,58.32
RESIDENT,11.61,10.53,1.92,3.98,7,8,9,10,7.01,-2.54,4.15
RESIDENT,9.32,14.46,15.95,19.23,2,3,4,5,14.74,3.3,10.58
RESIDENT,1.86,1.9,1.21,7.61,9,10,11,12,3.15,1.92,1.3
ORGANIZATION,91.91,89.1,81.92,102.27,10,11,12,1,91.3,3.45,125.72
ORGANIZATION,84.79,90.28,88.24,105.57,12,1,2,3,92.22,6.93,172.13
PUBLIC_SERVICE,85.5,82.04,116.21,121.84,11,12,1,2,101.4,12.11,113.61
PUBLIC_SERVICE,80.82,104.29,146.48,121.63,11,12,1,2,113.31,13.6,122.11
PUBLIC_SERVICE,97.7,84.71,74.41,82.67,5,6,7,8,84.87,-5.01,46.28
RESIDENT,14.95,10.37,18.68,17.21,2,3,4,5,15.3,0.75,17.53
RESIDENT,41.28,36.9,35.19,33.71,7,8,9,10,36.77,-2.52,34.31
RESIDENT,8.64,12.62,3.8,1.43,5,6,7,8,6.62,-2.4,2.99
ORGANIZATION,119.38,97.55,131.82,158.38,12,1,2,3,126.78,13.0,137.37
RESIDENT,21.07,12.81,13.85,13.96,8,9,10,11,15.42,-2.37,8.72
RESIDENT,17.64,18.14,17.89,18.58,4,5,6,7,18.06,0.31,15.55
GOVERNMENT,193.34,207.72,173.45,272.05,10,11,12,1,211.64,26.24,217.61
RESIDENT,35.17,50.38,35.3,37.29,4,5,6,7,39.54,0.71,35.47
GOVERNMENT,423.22,460.98,433.08,383.43,5,6,7,8,425.18,-13.26,389.43
RESIDENT,29.05,32.87,28.22,38.26,2,3,4,5,32.1,3.07,29.79
RESIDENT,11.94,23.15,21.48,20.15,2,3,4,5,19.18,2.74,20.5
RESIDENT,36.4,30.57,24.99,22.23,6,7,8,9,28.55,-4.72,34.66
GOVERNMENT,67.52,80.25,169.89,154.35,12,1,2,3,118.0,28.94,132.16
RESIDENT,26.94,27.37,31.89,29.42,3,4,5,6,28.91,0.83,24.46
GOVERNMENT,437.05,523.02,482.88,456.06,8,9,10,11,474.75,6.34,506.83
RESIDENT,31.01,29.57,28.11,22.64,5,6,7,8,27.83,-2.79,22.12
RESIDENT,24.83,25.81,24.44,32.24,1,2,3,4,26.83,2.47,26.66
GOVERNMENT,148.03,205.08,198.94,157.27,1,2,3,4,177.33,3.08,208.46
RESIDENT,16.51,14.43,8.23,11.54,7,8,9,10,12.68,-1.66,8.19
RESIDENT,28.67,20.98,40.08,30.23,10,11,12,1,29.99,0.52,46.12
FACTORY,808.76,660.86,547.1,514.96,8,9,10,11,632.92,-97.93,430.57
RESIDENT,28.3,27.64,22.75,20.45,5,6,7,8,24.79,-2.62,18.8
RESIDENT,10.39,11.99,10.94,14.15,11,12,1,2,11.87,1.25,14.76
RESIDENT,19.05,19.64,24.08,22.34,12,1,2,3,21.28,1.1,27.42
FACTORY,940.37,808.94,954.11,778.73,8,9,10,11,870.54,-53.88,748.83
PUBLIC_SERVICE,44.03,73.52,50.27,84.3,11,12,1,2,63.03,13.42,81.38
RESIDENT,12.66,18.62,23.08,19.25,3,4,5,6,18.4,2.2,13.04
GOVERNMENT,142.6,137.18,180.99,128.8,1,2,3,4,147.39,-4.6,171.29
RESIDENT,9.93,9.97,10.85,10.69,3,4,5,6,10.36,0.25,8.9
RESIDENT,30.51,24.59,27.29,39.92,6,7,8,9,30.58,3.14,21.67
PUBLIC_SERVICE,49.48,80.87,73.14,100.29,1,2,3,4,75.95,16.94,90.31
RESIDENT,12.86,26.31,18.01,17.31,2,3,4,5,18.62,1.48,21.81
RESIDENT,10.75,12.82,18.0,12.51,2,3,4,5,13.52,0.59,12.73
GOVERNMENT,523.47,551.35,535.85,502.93,7,8,9,10,528.4,-6.85,507.97
RESIDENT,28.94,28.75,25.65,29.14,9,10,11,12,28.12,0.07,30.44
RESIDENT,13.31,14.62,21.04,16.92,1,2,3,4,16.47,1.2,19.89
RESIDENT,21.61,17.11,18.47,14.55,8,9,10,11,17.93,-2.35,24.41
RESIDENT,30.59,15.37,20.46,19.06,7,8,9,10,21.37,-3.84,18.15
RESIDENT,16.99,8.3,4.86,11.56,5,6,7,8,10.43,-1.81,3.18
RESIDENT,38.71,41.89,35.5,32.55,4,5,6,7,37.16,-2.05,29.67
FACTORY,369.21,695.63,433.59,687.67,11,12,1,2,546.52,106.15,731.41
ORGANIZATION,49.05,56.69,36.41,58.04,8,9,10,11,50.05,3.0,42.91
RESIDENT,32.47,29.74,33.58,28.98,9,10,11,12,31.19,-1.16,34.13
RESIDENT,27.76,21.26,24.9,19.99,4,5,6,7,23.48,-2.59,23.04
RESIDENT,8.39,6.31,10.77,13.86,11,12,1,2,9.83,1.82,15.33
GOVERNMENT,309.08,298.66,222.52,240.48,7,8,9,10,267.69,-22.87,252.86
RESIDENT,22.2,9.8,13.43,9.68,6,7,8,9,13.78,-4.17,9.02
RESIDENT,22.02,35.2,32.12,30.93,3,4,5,6,30.07,2.97,28.98
RESIDENT,26.08,28.42,30.06,26.04,2,3,4,5,27.65,-0.01,22.91
RESIDENT,16.93,18.53,16.2,10.66,4,5,6,7,15.58,-2.09,7.83
RESIDENT,13.94,16.51,14.68,19.23,2,3,4,5,16.09,1.76,19.24
RESIDENT,15.81,21.34,23.38,18.89,3,4,5,6,19.86,1.03,22.45
RESIDENT,12.07,24.17,13.55,16.65,12,1,2,3,16.61,1.53,24.79
FACTORY,522.68,589.69,369.21,695.63,9,10,11,12,544.3,57.65,433.59
RESIDENT,16.48,4.73,8.66,10.41,9,10,11,12,10.07,-2.02,11.73
RESIDENT,25.28,24.37,27.3,26.57,1,2,3,4,25.88,0.43,27.81
RESIDENT,24.92,19.28,33.78,30.37,1,2,3,4,27.09,1.82,27.59
PUBLIC_SERVICE,57.28,56.17,78.29,52.89,4,5,6,7,61.16,-1.46,54.87
FACTORY,362.99,369.27,366.1,648.85,10,11,12,1,436.8,95.29,822.54
RESIDENT,1.8,3.43,5.54,9.85,9,10,11,12,5.15,2.68,5.87
RESIDENT,10.77,12.43,13.21,14.74,11,12,1,2,12.79,1.32,14.63
RESIDENT,8.51,20.16,21.81,15.19,4,5,6,7,16.42,2.23,4.77
RESIDENT,10.12,5.56,3.31,3.34,9,10,11,12,5.58,-2.26,4.32
RESIDENT,7.79,14.15,11.32,16.16,11,12,1,2,12.36,2.79,19.82
RESIDENT,18.24,19.36,17.92,13.35,4,5,6,7,17.22,-1.63,10.8
RESIDENT,34.22,33.96,25.96,23.6,4,5,6,7,29.44,-3.54,26.07
ORGANIZATION,77.73,52.04,63.56,52.11,4,5,6,7,61.36,-8.54,22.2
RESIDENT,15.19,15.38,22.54,20.4,12,1,2,3,18.38,1.74,23.58
GOVERNMENT,384.51,437.11,499.89,503.51,10,11,12,1,456.25,39.67,493.99
RESIDENT,8.82,1.69,1.97,10.86,11,12,1,2,5.83,0.68,11.78
RESIDENT,3.62,9.54,15.39,15.46,12,1,2,3,11.0,3.95,16.67
PUBLIC_SERVICE,51.91,58.6,33.57,33.3,8,9,10,11,44.34,-6.2,38.86
PUBLIC_SERVICE,35.01,28.6,55.5,54.96,12,1,2,3,43.52,6.65,63.43
RESIDENT,19.23,24.5,17.81,17.61,4,5,6,7,19.79,-0.54,13.11
RESIDENT,15.93,25.73,24.32,24.22,12,1,2,3,22.55,2.76,30.92
FACTORY,838.39,905.84,701.68,707.14,7,8,9,10,788.26,-43.75,712.31
GOVERNMENT,205.78,131.93,175.35,168.13,10,11,12,1,170.3,-12.55,176.54
FACTORY,2051.34,1970.97,1905.7,1904.07,8,9,10,11,1958.02,-49.09,1912.04
RESIDENT,34.01,29.1,24.58,38.26,4,5,6,7,31.49,1.42,28.71
RESIDENT,12.03,9.98,5.8,0.84,6,7,8,9,7.16,-3.73,2.18
RESIDENT,6.06,9.15,6.36,9.53,11,12,1,2,7.78,1.16,17.68
RESIDENT,18.38,22.61,29.88,29.72,2,3,4,5,25.15,3.78,28.76
FACTORY,1181.17,1625.07,1075.51,1151.42,12,1,2,3,1258.29,-9.92,1094.64
RESIDENT,40.11,26.87,19.46,17.62,6,7,8,9,26.02,-7.5,16.56
RESIDENT,30.47,31.13,22.52,27.85,9,10,11,12,27.99,-0.87,29.73
RESIDENT,25.77,13.7,18.02,14.7,5,6,7,8,18.05,-3.69,9.07
GOVERNMENT,336.56,339.53,386.58,383.66,12,1,2,3,361.58,15.7,413.02
FACTORY,1238.33,1325.19,2082.59,1446.19,12,1,2,3,1523.08,69.29,1487.59
RESIDENT,7.8,5.89,2.4,3.21,9,10,11,12,4.83,-1.53,6.8
FACTORY,1329.51,1315.6,1314.19,1154.54,8,9,10,11,1278.46,-58.32,956.02
RESIDENT,4.32,10.83,8.94,15.42,2,3,4,5,9.88,3.7,7.14
RESIDENT,21.58,17.65,30.01,29.89,1,2,3,4,24.78,2.77,34.91
RESIDENT,13.43,21.83,17.18,10.42,4,5,6,7,15.71,-1.0,14.17
RESIDENT,18.08,15.36,11.79,10.96,6,7,8,9,14.05,-2.37,13.31
ORGANIZATION,127.14,117.9,141.13,122.2,1,2,3,4,127.09,-1.65,152.08
GOVERNMENT,381.26,541.65,492.61,383.53,9,10,11,12,449.76,0.76,453.91
PUBLIC_SERVICE,77.92,48.63,70.88,66.6,11,12,1,2,66.01,-3.77,77.73
RESIDENT,7.56,14.55,15.19,22.36,12,1,2,3,14.91,4.93,23.23
PUBLIC_SERVICE,112.94,100.55,98.2,111.97,2,3,4,5,105.91,-0.32,131.68
RESIDENT,20.4,23.29,14.84,19.86,3,4,5,6,19.6,-0.18,19.06
PUBLIC_SERVICE,93.46,86.94,118.0,93.98,8,9,10,11,98.09,0.17,85.44
ORGANIZATION,82.54,55.19,48.75,34.98,6,7,8,9,55.37,-15.85,7.84
RESIDENT,33.78,25.11,27.18,23.12,7,8,9,10,27.3,-3.55,30.63
FACTORY,489.2,543.6,562.52,555.87,10,11,12,1,537.8,22.22,868.45
RESIDENT,17.53,20.59,19.27,12.48,5,6,7,8,17.47,-1.68,13.29
RESIDENT,24.53,25.99,25.13,23.62,10,11,12,1,24.82,-0.3,40.39
PUBLIC_SERVICE,54.4,33.55,19.37,24.44,4,5,6,7,32.94,-9.99,17.62
RESIDENT,16.6,18.73,22.71,15.81,2,3,4,5,18.46,-0.26,18.61
RESIDENT,36.55,37.82,39.37,41.86,1,2,3,4,38.9,1.77,41.82
RESIDENT,12.69,10.6,12.64,9.26,11,12,1,2,11.3,-1.14,20.06
RESIDENT,13.22,9.86,12.99,18.24,11,12,1,2,13.58,1.67,16.86
GOVERNMENT,223.03,267.4,278.72,288.64,12,1,2,3,264.45,21.87,308.1
FACTORY,1194.4,1193.36,1139.19,1526.18,8,9,10,11,1263.28,110.59,1267.56
RESIDENT,10.14,11.25,13.71,10.39,3,4,5,6,11.37,0.08,11.4
RESIDENT,20.16,21.81,15.19,4.77,5,6,7,8,15.48,-5.13,13.39
RESIDENT,27.5,29.26,31.59,25.73,10,11,12,1,28.52,-0.59,28.96
FACTORY,1288.85,1322.35,1217.17,1400.38,12,1,2,3,1307.19,37.18,1545.05
GOVERNMENT,248.79,239.97,252.69,270.46,12,1,2,3,252.98,7.22,282.54
RESIDENT,23.09,26.43,23.5,24.03,12,1,2,3,24.26,0.31,26.26
RESIDENT,31.63,38.57,37.33,36.56,3,4,5,6,36.02,1.64,38.58
RESIDENT,11.58,13.23,2.46,7.76,8,9,10,11,8.76,-1.27,10.74
RESIDENT,17.93,15.87,17.12,18.06,4,5,6,7,17.25,0.04,13.45
ORGANIZATION,139.43,132.41,112.46,122.62,5,6,7,8,126.73,-5.6,83.52
RESIDENT,37.44,34.72,35.16,31.1,6,7,8,9,34.6,-2.11,25.53
RESIDENT,16.29,21.77,19.27,22.24,2,3,4,5,19.89,1.98,18.89
RESIDENT,22.7,22.72,17.68,22.27,10,11,12,1,21.34,-0.14,28.58
ORGANIZATION,149.76,124.35,139.44,140.38,11,12,1,2,138.48,-3.13,163.74
RESIDENT,39.9,41.51,27.83,28.8,6,7,8,9,34.51,-3.7,31.28
RESIDENT,3.98,5.03,5.89,9.26,1,2,3,4,6.04,1.76,14.99
RESIDENT,16.6,14.17,7.68,4.92,7,8,9,10,10.84,-3.89,4.3
RESIDENT,26.65,33.06,29.76,33.68,2,3,4,5,30.79,2.34,30.91
RESIDENT,28.06,33.64,33.41,34.73,12,1,2,3,32.46,2.22,36.08
RESIDENT,19.51,21.09,22.51,17.52,9,10,11,12,20.16,-0.66,19.47
RESIDENT,14.23,18.16,26.5,20.84,12,1,2,3,19.93,2.2,25.39
RESIDENT,13.11,8.55,6.34,5.14,7,8,9,10,8.29,-2.66,7.47
RESIDENT,30.83,24.81,22.61,17.32,4,5,6,7,23.89,-4.5,19.22
RESIDENT,3.46,0.5,0.5,0.5,10,11,12,1,1.24,-0.99,6.79
PUBLIC_SERVICE,93.57,91.23,79.93,76.22,6,7,8,9,85.24,-5.78,75.56
RESIDENT,10.34,15.97,10.59,14.3,12,1,2,3,12.8,1.32,15.23
FACTORY,1581.34,910.36,1284.35,1246.14,3,4,5,6,1255.55,-111.73,983.38
RESIDENT,13.31,15.38,17.84,20.79,11,12,1,2,16.83,2.49,22.8
RESIDENT,10.72,6.7,17.54,12.09,10,11,12,1,11.76,0.46,17.05
RESIDENT,32.0,35.17,50.38,35.3,3,4,5,6,38.21,1.1,37.29
GOVERNMENT,175.96,196.53,146.87,214.72,10,11,12,1,183.52,12.92,237.08
GOVERNMENT,505.62,508.16,528.63,555.1,12,1,2,3,524.38,16.49,542.07
RESIDENT,17.21,15.81,21.34,23.38,2,3,4,5,19.43,2.06,18.89
ORGANIZATION,92.17,159.48,124.58,103.82,1,2,3,4,120.01,3.88,130.39
RESIDENT,10.81,10.12,18.86,15.94,11,12,1,2,13.93,1.71,19.2
FACTORY,760.99,609.82,814.43,627.68,4,5,6,7,703.23,-44.44,686.4
RESIDENT,12.38,17.05,9.78,12.18,6,7,8,9,12.85,-0.07,10.71
RESIDENT,28.96,33.14,27.75,32.91,5,6,7,8,30.69,1.32,25.3
ORGANIZATION,50.09,73.13,46.31,91.77,1,2,3,4,65.33,13.89,94.29
RESIDENT,16.69,19.67,15.69,19.62,4,5,6,7,17.92,0.98,10.34
RESIDENT,18.8,20.66,15.6,16.35,4,5,6,7,17.85,-0.82,10.13
RESIDENT,27.55,18.75,22.92,28.7,2,3,4,5,24.48,0.38,27.61
ORGANIZATION,126.17,109.02,111.25,69.84,5,6,7,8,104.07,-18.78,93.42
RESIDENT,12.92,6.05,10.4,11.11,8,9,10,11,10.12,-0.6,12.45
RESIDENT,33.16,28.32,32.76,22.62,7,8,9,10,29.21,-3.51,24.12
PUBLIC_SERVICE,66.5,64.35,54.24,54.81,5,6,7,8,59.98,-3.9,43.17
RESIDENT,3.8,0.5,0.5,5.46,9,10,11,12,2.56,0.55,0.5
RESIDENT,7.38,6.35,2.54,0.5,10,11,12,1,4.19,-2.29,2.7
RESIDENT,14.24,4.48,6.59,0.5,7,8,9,10,6.45,-4.58,2.51
FACTORY,1927.84,1714.66,1708.07,1576.89,7,8,9,10,1731.87,-116.98,1776.44
GOVERNMENT,346.65,374.03,279.19,289.54,6,7,8,9,322.35,-19.04,314.43
FACTORY,1517.96,1651.38,1575.41,1500.27,8,9,10,11,1561.26,-5.9,1498.22
GOVERNMENT,345.15,310.57,324.04,260.61,7,8,9,10,310.09,-28.18,248.34
PUBLIC_SERVICE,73.85,77.28,65.89,60.49,1,2,3,4,69.38,-4.45,75.89
RESIDENT,20.9,22.73,25.14,25.75,2,3,4,5,23.63,1.62,31.55
ORGANIZATION,169.59,195.63,188.99,204.46,11,12,1,2,189.67,11.62,210.26
RESIDENT,29.66,31.82,30.17,26.82,4,5,6,7,29.62,-0.95,28.41
ORGANIZATION,186.22,207.72,193.06,224.95,1,2,3,4,202.99,12.91,212.89
PUBLIC_SERVICE,111.83,120.22,105.95,126.58,2,3,4,5,116.14,4.92,109.27
RESIDENT,9.57,7.18,0.5,5.67,7,8,9,10,5.73,-1.3,1.3
RESIDENT,12.57,8.57,5.47,6.22,9,10,11,12,8.21,-2.12,12.24
RESIDENT,3.09,3.72,0.5,0.5,10,11,12,1,1.95,-0.86,4.76
ORGANIZATION,99.89,79.31,81.53,64.61,6,7,8,9,81.34,-11.76,82.1
RESIDENT,15.72,15.34,22.87,24.78,1,2,3,4,19.68,3.02,21.85
RESIDENT,9.18,17.54,16.43,16.04,10,11,12,1,14.8,2.29,23.28
RESIDENT,15.6,21.17,21.32,20.83,1,2,3,4,19.73,1.74,25.79
PUBLIC_SERVICE,93.26,89.09,102.4,83.41,11,12,1,2,92.04,-3.28,110.46
ORGANIZATION,211.21,191.44,178.45,180.27,4,5,6,7,190.34,-10.31,167.6
RESIDENT,25.81,25.74,26.5,18.67,10,11,12,1,24.18,-2.38,27.65
GOVERNMENT,192.24,173.98,175.36,122.25,6,7,8,9,165.96,-23.33,93.26
RESIDENT,36.12,37.96,43.88,44.3,1,2,3,4,40.56,2.73,53.35
PUBLIC_SERVICE,94.34,88.62,100.32,119.42,11,12,1,2,100.67,8.36,112.16
PUBLIC_SERVICE,143.32,153.01,151.82,169.22,1,2,3,4,154.34,8.63,175.26
RESIDENT,6.15,10.84,11.18,20.09,12,1,2,3,12.07,4.65,16.76
RESIDENT,12.34,11.88,15.04,14.09,3,4,5,6,13.34,0.58,20.42
RESIDENT,19.1,22.35,22.45,27.86,12,1,2,3,22.94,2.92,26.17
RESIDENT,25.05,28.93,31.34,19.39,4,5,6,7,26.18,-1.89,28.12
GOVERNMENT,324.04,260.61,248.34,256.21,9,10,11,12,272.3,-22.61,250.98
GOVERNMENT,437.2,536.84,552.72,555.65,2,3,4,5,520.6,39.48,553.48
RESIDENT,12.18,22.06,18.71,20.36,1,2,3,4,18.33,2.73,23.42
RESIDENT,12.76,9.42,15.21,5.9,5,6,7,8,10.82,-2.29,1.44
RESIDENT,7.25,8.65,7.26,6.26,6,7,8,9,7.36,-0.33,5.12
RESIDENT,29.84,30.89,37.18,28.09,12,1,2,3,31.5,-0.58,34.55
RESIDENT,18.69,18.24,34.0,31.89,11,12,1,2,25.71,4.4,31.38
RESIDENT,38.6,41.58,43.38,53.99,5,6,7,8,44.39,5.13,32.76
RESIDENT,8.02,17.3,11.01,12.85,9,10,11,12,12.29,1.61,12.63
RESIDENT,27.84,24.38,24.64,21.87,8,9,10,11,24.68,-1.99,23.68
RESIDENT,7.08,11.46,5.15,7.55,7,8,9,10,7.81,0.16,14.29
GOVERNMENT,367.9,274.17,322.12,350.81,8,9,10,11,328.75,-5.7,319.12
RESIDENT,3.57,4.04,13.21,11.57,2,3,4,5,8.1,2.67,7.71
ORGANIZATION,119.92,136.16,142.2,118.98,9,10,11,12,129.31,-0.31,195.35
RESIDENT,22.29,19.96,14.51,6.99,6,7,8,9,15.94,-5.1,6.98
PUBLIC_SERVICE,44.88,48.33,43.51,38.66,7,8,9,10,43.84,-2.07,41.45
RESIDENT,9.95,11.51,0.5,2.55,7,8,9,10,6.13,-2.47,7.07
RESIDENT,21.77,7.96,6.48,3.08,8,9,10,11,9.82,-6.23,8.43
RESIDENT,21.56,24.1,35.29,28.1,12,1,2,3,27.26,2.18,33.69
PUBLIC_SERVICE,79.99,52.37,59.78,72.53,9,10,11,12,66.17,-2.49,92.67
RESIDENT,24.99,17.08,22.9,19.55,8,9,10,11,21.13,-1.81,13.47
FACTORY,679.46,482.01,458.41,642.33,10,11,12,1,565.55,-12.38,812.41
ORGANIZATION,42.11,52.06,83.2,38.78,1,2,3,4,54.04,-1.11,66.82
ORGANIZATION,150.84,93.85,119.92,136.16,7,8,9,10,125.19,-4.89,142.2
ORGANIZATION,139.35,128.85,131.98,163.5,1,2,3,4,140.92,8.05,125.39
RESIDENT,20.36,13.84,14.37,11.76,4,5,6,7,15.08,-2.87,16.4
RESIDENT,1.9,1.21,7.61,1.3,10,11,12,1,3.01,-0.2,5.32
RESIDENT,21.43,27.63,15.91,12.85,5,6,7,8,19.45,-2.86,11.2
GOVERNMENT,319.66,438.59,401.24,434.59,12,1,2,3,398.52,38.31,490.34
RESIDENT,35.74,32.33,33.21,29.43,7,8,9,10,32.68,-2.1,32.55
RESIDENT,13.12,20.04,21.96,17.97,1,2,3,4,18.27,1.62,19.97
PUBLIC_SERVICE,74.19,101.01,87.65,86.64,1,2,3,4,87.37,4.15,116.75
FACTORY,1668.68,1815.39,1799.57,1815.61,12,1,2,3,1774.81,48.98,2232.21
RESIDENT,19.82,16.77,13.56,13.97,7,8,9,10,16.03,-1.95,16.13
FACTORY,1163.1,1166.49,1392.52,1224.22,11,12,1,2,1236.58,20.37,1594.94
RESIDENT,16.35,15.47,11.32,26.82,10,11,12,1,17.49,3.49,28.86
RESIDENT,22.78,22.79,27.16,23.12,4,5,6,7,23.96,0.11,19.77
RESIDENT,8.04,0.5,0.5,4.11,9,10,11,12,3.29,-1.31,2.6
RESIDENT,22.72,18.46,18.73,12.26,8,9,10,11,18.04,-3.49,14.04
GOVERNMENT,331.2,266.87,282.77,270.33,6,7,8,9,287.79,-20.29,269.78
RESIDENT,33.59,36.3,32.98,34.22,1,2,3,4,34.27,0.21,38.13
ORGANIZATION,179.31,163.74,146.21,207.55,5,6,7,8,174.2,9.41,89.76
RESIDENT,3.78,13.31,15.0,14.19,2,3,4,5,11.57,3.47,17.29
PUBLIC_SERVICE,64.35,54.24,54.81,43.17,6,7,8,9,54.14,-7.06,30.64
RESIDENT,28.91,29.9,29.87,36.57,2,3,4,5,31.31,2.55,30.23
ORGANIZATION,172.37,262.76,246.51,183.49,11,12,1,2,216.28,3.71,176.28
GOVERNMENT,253.09,346.81,392.41,347.84,12,1,2,3,335.04,31.58,442.89
RESIDENT,36.21,25.95,29.66,24.32,4,5,6,7,29.03,-3.96,21.22
RESIDENT,32.16,42.28,35.84,33.0,3,4,5,6,35.82,0.28,25.42
FACTORY,1322.58,1572.02,1562.5,1829.66,12,1,2,3,1571.69,169.03,1609.94
FACTORY,847.17,901.59,799.16,733.16,4,5,6,7,820.27,-38.0,631.08
RESIDENT,29.03,26.92,25.9,27.98,9,10,11,12,27.46,-0.35,32.84
RESIDENT,33.71,32.56,31.45,29.35,6,7,8,9,31.77,-1.45,28.45
RESIDENT,11.38,12.0,14.41,15.65,11,12,1,2,13.36,1.42,21.14
RESIDENT,19.96,18.65,22.95,21.27,2,3,4,5,20.71,0.44,22.47
RESIDENT,3.94,0.5,1.38,0.5,9,10,11,12,1.58,-1.15,9.49
PUBLIC_SERVICE,23.22,25.08,34.63,53.6,12,1,2,3,34.13,10.13,47.02
FACTORY,1295.5,1242.71,1135.55,1121.39,8,9,10,11,1198.79,-58.04,1242.78
ORGANIZATION,96.2,153.11,106.17,113.91,1,2,3,4,117.35,5.9,128.54
RESIDENT,29.15,22.11,17.08,16.55,7,8,9,10,21.22,-4.2,13.17
RESIDENT,17.47,25.15,22.12,29.13,2,3,4,5,23.47,3.89,23.29
RESIDENT,33.93,33.8,38.28,38.13,11,12,1,2,36.03,1.4,40.36
GOVERNMENT,405.67,385.94,564.06,439.21,2,3,4,5,448.72,11.18,474.61
RESIDENT,21.28,25.0,27.16,27.74,1,2,3,4,25.29,2.15,31.77
RESIDENT,21.08,16.15,18.95,20.55,9,10,11,12,19.18,-0.18,20.9
RESIDENT,37.11,37.32,27.74,43.9,5,6,7,8,36.52,2.26,28.04
RESIDENT,31.36,23.97,27.64,30.95,8,9,10,11,28.48,-0.14,28.35
RESIDENT,20.22,21.76,18.03,24.13,6,7,8,9,21.04,1.3,9.69
RESIDENT,17.55,21.69,26.24,27.91,1,2,3,4,23.35,3.45,26.86
RESIDENT,9.02,11.13,6.86,8.43,4,5,6,7,8.86,-0.2,1.93
FACTORY,802.57,903.84,666.92,774.07,6,7,8,9,786.85,-9.5,559.47
FACTORY,842.45,996.53,722.16,845.27,10,11,12,1,851.6,0.94,1181.53
RESIDENT,21.4,21.6,21.02,14.43,4,5,6,7,19.61,-2.32,13.9
FACTORY,1701.69,1136.64,979.81,1095.33,9,10,11,12,1228.37,-202.12,1021.46
GOVERNMENT,234.97,280.61,253.95,266.53,1,2,3,4,259.01,10.52,315.42
GOVERNMENT,608.69,462.09,482.72,613.22,2,3,4,5,541.68,1.51,576.55
RESIDENT,9.68,9.74,4.88,6.55,7,8,9,10,7.71,-1.04,6.01
RESIDENT,20.61,15.3,18.03,10.72,6,7,8,9,16.16,-3.3,11.28
ORGANIZATION,41.79,62.36,41.01,97.76,12,1,2,3,60.73,18.66,80.06
RESIDENT,11.46,21.84,16.79,14.65,2,3,4,5,16.18,1.06,14.7
FACTORY,1491.36,1373.55,1256.82,1305.96,9,10,11,12,1356.92,-61.8,1243.84
RESIDENT,37.52,36.91,39.49,37.76,2,3,4,5,37.92,0.08,42.97
RESIDENT,6.9,5.69,2.38,6.82,6,7,8,9,5.45,-0.03,0.59
PUBLIC_SERVICE,129.51,128.28,115.34,118.46,9,10,11,12,122.9,-3.68,119.99
RESIDENT,24.4,25.08,23.56,20.81,6,7,8,9,23.46,-1.2,21.09
GOVERNMENT,114.92,139.66,182.45,176.83,3,4,5,6,153.47,20.64,171.47
RESIDENT,18.55,13.68,9.95,10.78,9,10,11,12,13.24,-2.59,13.67
RESIDENT,7.59,12.51,10.73,10.19,9,10,11,12,10.26,0.87,16.99
RESIDENT,30.65,25.74,24.42,30.15,9,10,11,12,27.74,-0.17,26.26
RESIDENT,3.18,7.3,4.32,10.83,12,1,2,3,6.41,2.55,8.94
GOVERNMENT,224.0,175.74,276.4,247.06,10,11,12,1,230.8,7.69,198.31
FACTORY,1033.56,913.42,754.15,808.49,7,8,9,10,877.4,-75.02,816.59
ORGANIZATION,20.15,34.27,53.78,63.56,11,12,1,2,42.94,14.47,85.82
RESIDENT,6.87,8.83,12.02,7.92,9,10,11,12,8.91,0.35,4.29
ORGANIZATION,104.97,105.24,113.34,96.97,6,7,8,9,105.13,-2.67,97.93
RESIDENT,19.43,20.66,18.3,26.25,11,12,1,2,21.16,2.27,27.08
RESIDENT,1.55,2.32,8.18,8.64,2,3,4,5,5.17,2.36,12.62
RESIDENT,10.3,13.0,13.52,8.62,3,4,5,6,11.36,-0.56,7.68
RESIDENT,24.42,32.09,22.33,14.77,6,7,8,9,23.4,-3.22,15.98
GOVERNMENT,342.45,402.62,396.18,410.48,12,1,2,3,387.93,22.68,445.3
RESIDENT,6.8,14.38,11.55,18.51,2,3,4,5,12.81,3.9,12.66
RESIDENT,9.88,6.69,5.02,3.26,8,9,10,11,6.21,-2.21,14.27
RESIDENT,17.73,20.16,22.37,21.33,11,12,1,2,20.4,1.2,22.79
ORGANIZATION,96.1,52.98,47.82,119.75,4,5,6,7,79.16,7.88,32.79
RESIDENT,15.3,12.51,11.46,14.57,11,12,1,2,13.46,-0.24,16.32
RESIDENT,5.54,6.83,9.27,7.42,9,10,11,12,7.27,0.63,10.56
GOVERNMENT,429.2,451.87,367.06,336.13,7,8,9,10,396.06,-31.02,311.55
RESIDENT,27.66,26.8,27.4,30.72,12,1,2,3,28.14,1.02,27.29
GOVERNMENT,366.07,277.36,345.18,327.47,10,11,12,1,329.02,-12.87,398.72
RESIDENT,18.06,26.71,25.72,21.47,5,6,7,8,22.99,1.14,18.17
ORGANIZATION,255.13,122.38,144.61,127.84,6,7,8,9,162.49,-42.43,116.87
RESIDENT,19.11,17.07,16.74,16.31,10,11,12,1,17.31,-0.93,20.04
RESIDENT,13.86,13.02,12.88,12.76,4,5,6,7,13.13,-0.37,7.76
RESIDENT,32.98,38.69,41.82,45.87,1,2,3,4,39.84,4.3,45.59
GOVERNMENT,294.36,243.32,304.03,254.13,8,9,10,11,273.96,-13.41,300.88
RESIDENT,4.45,1.92,1.11,6.01,9,10,11,12,3.37,0.52,5.66
FACTORY,1902.62,1994.06,1973.16,2167.48,3,4,5,6,2009.33,88.29,2108.54
RESIDENT,28.33,30.53,36.78,33.05,1,2,3,4,32.17,1.57,27.86
RESIDENT,17.82,11.3,23.77,23.47,11,12,1,2,19.09,1.88,27.15
RESIDENT,17.02,20.44,17.87,17.71,4,5,6,7,18.26,0.23,14.68
RESIDENT,0.5,0.5,0.5,3.72,11,12,1,2,1.31,1.07,7.76
ORGANIZATION,191.12,153.23,151.27,175.47,9,10,11,12,167.77,-5.22,196.18
RESIDENT,13.28,19.31,12.88,17.89,10,11,12,1,15.84,1.54,18.28
RESIDENT,11.3,15.55,8.42,12.4,5,6,7,8,11.92,0.37,3.47
RESIDENT,34.17,36.4,33.44,34.09,4,5,6,7,34.52,-0.03,35.65
PUBLIC_SERVICE,118.89,104.14,74.62,103.57,5,6,7,8,100.3,-5.11,95.95
FACTORY,538.25,366.93,628.01,622.98,11,12,1,2,539.04,28.24,722.93
RESIDENT,28.82,49.92,36.41,37.38,1,2,3,4,38.13,2.85,35.16
RESIDENT,15.89,11.58,18.13,17.61,2,3,4,5,15.8,0.57,18.78
FACTORY,1441.1,905.83,935.2,1015.53,9,10,11,12,1074.41,-141.86,1229.66
RESIDENT,13.78,14.59,7.23,10.36,10,11,12,1,11.49,-1.14,15.63
RESIDENT,34.73,34.28,27.62,24.45,8,9,10,11,30.27,-3.43,25.15
RESIDENT,30.2,33.74,31.92,37.37,2,3,4,5,33.31,2.39,31.41
RESIDENT,13.57,9.76,13.83,19.12,10,11,12,1,14.07,1.85,20.46
RESIDENT,8.44,4.7,3.53,6.72,10,11,12,1,5.85,-0.57,14.33
PUBLIC_SERVICE,94.14,86.59,79.8,66.39,6,7,8,9,81.73,-9.25,80.31
PUBLIC_SERVICE,100.15,134.81,140.83,127.35,2,3,4,5,125.78,9.07,123.46
RESIDENT,26.11,24.4,22.02,24.59,4,5,6,7,24.28,-0.51,22.13
ORGANIZATION,152.64,135.51,169.59,178.43,10,11,12,1,159.04,8.6,181.19
GOVERNMENT,82.66,82.59,123.02,192.22,12,1,2,3,120.12,36.52,154.15
ORGANIZATION,120.6,113.0,138.14,99.8,12,1,2,3,117.89,-6.93,109.73
PUBLIC_SERVICE,69.5,69.3,73.21,75.53,2,3,4,5,71.88,2.01,74.01
RESIDENT,22.14,28.37,22.31,26.84,3,4,5,6,24.92,1.57,22.33
PUBLIC_SERVICE,86.96,87.57,142.5,93.71,11,12,1,2,102.68,2.25,103.19
RESIDENT,15.41,15.27,13.63,28.04,8,9,10,11,18.09,4.21,10.47
RESIDENT,26.11,23.72,23.66,29.44,9,10,11,12,25.73,1.11,24.09
GOVERNMENT,380.51,388.96,371.75,406.18,10,11,12,1,386.85,8.56,438.48
ORGANIZATION,160.4,169.16,174.31,189.82,2,3,4,5,173.42,9.81,201.02
RESIDENT,20.62,23.26,25.02,16.86,8,9,10,11,21.44,-1.25,25.86
RESIDENT,6.72,9.39,9.49,10.26,2,3,4,5,8.96,1.18,12.09
RESIDENT,35.61,31.33,33.01,32.9,8,9,10,11,33.21,-0.9,32.08
RESIDENT,19.96,33.21,23.42,19.32,6,7,8,9,23.98,-0.21,22.26
FACTORY,1942.69,1935.03,1726.48,1736.36,5,6,7,8,1835.14,-68.78,1835.76
RESIDENT,0.71,7.41,9.88,6.73,12,1,2,3,6.18,2.01,12.44
RESIDENT,32.27,31.93,32.92,36.73,2,3,4,5,33.46,1.49,31.29
PUBLIC_SERVICE,109.37,101.08,87.06,119.7,11,12,1,2,104.3,3.44,132.39
RESIDENT,7.88,9.5,8.89,2.97,4,5,6,7,7.31,-1.64,8.81
FACTORY,799.01,783.07,880.59,795.61,4,5,6,7,814.57,-1.13,799.15
RESIDENT,27.98,31.66,35.89,33.47,1,2,3,4,32.25,1.83,33.41
ORGANIZATION,147.01,164.85,176.66,146.38,11,12,1,2,158.72,-0.21,210.64
RESIDENT,7.14,11.97,16.35,18.59,1,2,3,4,13.51,3.82,15.73
GOVERNMENT,286.44,315.13,357.4,253.09,9,10,11,12,303.01,-11.12,346.81
FACTORY,537.9,740.19,713.94,784.35,2,3,4,5,694.1,82.15,858.85
PUBLIC_SERVICE,156.9,159.8,152.22,145.88,4,5,6,7,153.7,-3.67,148.59
RESIDENT,16.05,14.29,14.55,13.96,6,7,8,9,14.71,-0.7,12.07
RESIDENT,32.78,28.95,25.74,24.44,7,8,9,10,27.98,-2.78,28.58
GOVERNMENT,423.87,545.04,498.93,516.46,12,1,2,3,496.07,30.86,541.3
RESIDENT,21.72,10.74,19.03,15.28,7,8,9,10,16.69,-2.15,15.31
RESIDENT,26.83,22.12,21.78,19.47,5,6,7,8,22.55,-2.45,26.21
ORGANIZATION,134.18,141.83,157.41,160.4,11,12,1,2,148.45,8.74,169.16
RESIDENT,9.66,2.77,9.66,5.46,9,10,11,12,6.89,-1.4,9.72
RESIDENT,20.6,29.33,31.91,33.18,1,2,3,4,28.76,4.19,34.52
RESIDENT,15.84,18.14,14.84,12.98,9,10,11,12,15.45,-0.95,18.24
RESIDENT,0.5,5.39,5.44,0.5,11,12,1,2,2.96,0.0,9.81
RESIDENT,17.82,11.0,6.56,0.5,6,7,8,9,8.97,-5.77,0.5
ORGANIZATION,100.34,116.58,143.3,155.55,1,2,3,4,128.94,18.4,161.87
PUBLIC_SERVICE,155.55,163.63,152.44,133.02,6,7,8,9,151.16,-7.51,113.66
PUBLIC_SERVICE,132.46,161.37,116.18,115.58,5,6,7,8,131.4,-5.63,123.25
RESIDENT,25.38,22.42,21.55,24.28,7,8,9,10,23.41,-0.37,18.36
ORGANIZATION,46.82,56.3,59.68,96.95,11,12,1,2,64.94,16.71,76.36
FACTORY,1850.81,1631.86,1595.63,1698.5,4,5,6,7,1694.2,-50.77,1400.23
FACTORY,890.61,559.59,396.19,425.87,9,10,11,12,568.07,-154.91,561.51
RESIDENT,4.51,10.3,10.37,14.62,1,2,3,4,9.95,3.37,12.05
RESIDENT,25.73,28.96,32.79,34.09,1,2,3,4,30.39,2.79,40.29
RESIDENT,10.57,4.89,3.49,9.3,9,10,11,12,7.06,-0.42,10.36
RESIDENT,3.12,0.5,0.5,10.16,10,11,12,1,3.57,2.35,4.09
ORGANIZATION,155.63,140.08,161.01,174.85,10,11,12,1,157.89,6.41,188.03
ORGANIZATION,169.62,195.97,171.87,167.91,7,8,9,10,176.34,-0.57,181.08
RESIDENT,32.27,27.25,35.02,24.32,6,7,8,9,29.72,-2.65,21.66
PUBLIC_SERVICE,71.54,61.61,50.25,51.39,4,5,6,7,58.7,-6.72,54.43
RESIDENT,16.86,18.32,26.38,24.79,2,3,4,5,21.59,2.64,32.98
ORGANIZATION,179.81,184.97,189.25,162.66,5,6,7,8,179.17,-5.72,149.46
RESIDENT,19.78,17.87,14.45,14.39,8,9,10,11,16.62,-1.8,19.65
RESIDENT,17.33,20.86,26.2,20.59,11,12,1,2,21.25,1.09,27.82
RESIDENT,24.81,31.27,26.02,28.13,2,3,4,5,27.56,1.11,28.54
RESIDENT,12.84,27.56,24.44,26.68,2,3,4,5,22.88,4.61,25.18
RESIDENT,18.45,17.76,21.92,17.15,5,6,7,8,18.82,-0.43,8.41
ORGANIZATION,174.62,191.12,153.23,151.27,8,9,10,11,167.56,-7.78,175.47
RESIDENT,8.92,5.59,5.17,1.39,7,8,9,10,5.27,-2.51,1.68
PUBLIC_SERVICE,96.5,95.22,121.58,106.17,12,1,2,3,104.87,3.22,147.85
RESIDENT,16.31,13.13,18.46,18.54,1,2,3,4,16.61,0.74,20.9
RESIDENT,0.5,5.42,9.11,5.09,11,12,1,2,5.03,1.53,16.99
RESIDENT,12.19,12.01,8.59,12.86,3,4,5,6,11.41,0.22,10.11
RESIDENT,17.96,14.73,15.36,17.45,7,8,9,10,16.38,-0.17,12.54
RESIDENT,7.35,5.25,0.54,4.28,8,9,10,11,4.36,-1.02,0.5
GOVERNMENT,298.73,207.15,228.04,220.96,9,10,11,12,238.72,-25.92,199.18
RESIDENT,22.69,26.72,23.14,22.83,2,3,4,5,23.84,0.05,23.21
RESIDENT,24.03,23.98,20.17,26.16,10,11,12,1,23.59,0.71,23.08
RESIDENT,32.09,23.19,33.6,20.42,7,8,9,10,27.32,-3.89,29.12
GOVERNMENT,400.15,448.05,432.1,442.62,3,4,5,6,430.73,14.16,412.06
GOVERNMENT,219.23,242.2,182.83,167.56,7,8,9,10,202.95,-17.22,119.24
RESIDENT,26.04,22.91,23.97,31.34,5,6,7,8,26.07,1.77,24.64
RESIDENT,19.03,24.13,26.95,25.93,2,3,4,5,24.01,2.3,25.09
RESIDENT,10.06,16.73,18.8,20.66,2,3,4,5,16.56,3.53,15.6
RESIDENT,19.9,20.29,19.94,20.2,11,12,1,2,20.08,0.1,26.4
RESIDENT,0.5,0.5,3.72,7.76,12,1,2,3,3.12,2.42,10.16
RESIDENT,18.8,15.21,28.85,20.35,2,3,4,5,20.8,0.52,22.83
ORGANIZATION,173.67,175.26,130.92,173.88,4,5,6,7,163.43,0.07,132.79
RESIDENT,5.48,7.46,7.03,14.29,12,1,2,3,8.57,2.94,19.23
RESIDENT,18.78,10.67,8.61,8.49,7,8,9,10,11.64,-3.43,7.61
FACTORY,1547.43,1811.61,1609.55,1751.81,3,4,5,6,1680.1,68.13,1619.86
RESIDENT,10.05,13.8,10.5,14.42,10,11,12,1,12.19,1.46,29.98
RESIDENT,16.02,9.96,11.38,13.58,9,10,11,12,12.73,-0.81,27.98
RESIDENT,5.86,5.88,7.88,9.5,2,3,4,5,7.28,1.21,8.89
RESIDENT,23.16,17.2,16.16,19.13,8,9,10,11,18.91,-1.34,24.18
RESIDENT,25.52,16.57,25.2,16.46,7,8,9,10,20.94,-3.02,19.32
RESIDENT,20.28,22.83,29.64,27.0,1,2,3,4,24.94,2.24,24.98
RESIDENT,19.75,17.47,19.33,21.54,2,3,4,5,19.52,0.6,19.92
RESIDENT,10.04,17.22,18.33,15.64,2,3,4,5,15.31,1.87,15.21
RESIDENT,51.37,37.04,36.73,49.25,2,3,4,5,43.6,-0.71,40.53
RESIDENT,26.23,28.74,21.05,24.91,4,5,6,7,25.23,-0.44,27.36
RESIDENT,0.74,9.54,8.71,10.37,12,1,2,3,7.34,3.21,3.5
ORGANIZATION,60.66,99.2,87.23,94.99,3,4,5,6,85.52,11.44,83.37
ORGANIZATION,164.54,143.5,155.64,179.41,10,11,12,1,160.77,4.96,212.18
RESIDENT,20.4,24.56,30.49,26.8,1,2,3,4,25.56,2.13,28.34
GOVERNMENT,137.94,218.98,171.02,164.3,12,1,2,3,173.06,8.79,271.49
FACTORY,1248.72,1242.56,1097.83,1205.43,5,6,7,8,1198.63,-14.43,1046.59
RESIDENT,9.72,11.42,15.15,12.65,12,1,2,3,12.23,0.98,17.42
ORGANIZATION,97.86,123.38,131.09,110.25,4,5,6,7,115.65,4.13,109.51
RESIDENT,40.73,33.85,27.41,29.04,5,6,7,8,32.76,-3.9,26.43
RESIDENT,34.07,35.97,31.36,32.58,3,4,5,6,33.49,-0.5,27.87
FACTORY,508.69,538.25,366.93,628.01,10,11,12,1,510.47,39.77,622.98
GOVERNMENT,446.51,456.1,401.23,412.39,7,8,9,10,429.06,-11.37,373.42
RESIDENT,30.06,30.25,23.9,20.12,6,7,8,9,26.08,-3.31,15.81
ORGANIZATION,144.17,131.82,148.03,145.16,3,4,5,6,142.29,0.33,137.04
ORGANIZATION,127.57,141.47,107.68,107.13,4,5,6,7,120.96,-6.81,104.57
PUBLIC_SERVICE,105.91,72.93,58.19,50.99,6,7,8,9,72.0,-18.31,46.67
RESIDENT,20.08,25.6,26.81,27.4,12,1,2,3,24.97,2.44,37.87
RESIDENT,6.98,7.52,12.3,13.01,12,1,2,3,9.95,2.01,15.69
RESIDENT,30.68,24.96,23.78,24.99,8,9,10,11,26.1,-1.9,18.18
RESIDENT,9.23,20.05,15.03,12.34,3,4,5,6,14.16,1.04,20.4
GOVERNMENT,451.43,519.67,515.71,525.03,3,4,5,6,502.96,24.53,541.47
RESIDENT,36.44,35.57,33.36,27.66,4,5,6,7,33.26,-2.93,21.87
ORGANIZATION,90.71,115.84,82.37,93.27,9,10,11,12,95.55,0.85,119.06
RESIDENT,15.4,20.29,16.0,24.73,8,9,10,11,19.11,3.11,18.36
RESIDENT,26.89,27.89,33.16,28.79,2,3,4,5,29.18,0.63,26.6
GOVERNMENT,316.87,289.89,270.43,350.35,9,10,11,12,306.88,11.16,325.18
RESIDENT,49.36,32.6,33.53,40.36,5,6,7,8,38.96,-3.0,32.65
RESIDENT,30.51,28.02,26.32,33.28,12,1,2,3,29.53,0.92,32.14
RESIDENT,28.62,27.64,31.64,26.79,6,7,8,9,28.67,-0.61,21.93
FACTORY,1520.25,1439.83,1251.96,1117.05,4,5,6,7,1332.27,-134.4,1184.84
RESIDENT,32.81,25.28,27.97,19.84,5,6,7,8,26.48,-4.32,23.71
RESIDENT,12.47,12.05,17.58,13.77,2,3,4,5,13.97,0.43,17.73
RESIDENT,1.85,6.52,5.95,2.56,1,2,3,4,4.22,0.24,16.88
PUBLIC_SERVICE,60.23,59.48,52.64,52.3,5,6,7,8,56.16,-2.64,45.63
ORGANIZATION,140.27,172.87,162.94,196.88,12,1,2,3,168.24,18.87,156.58
RESIDENT,14.03,12.87,14.13,17.64,10,11,12,1,14.67,1.2,17.17
RESIDENT,34.33,31.99,25.02,25.03,6,7,8,9,29.09,-3.1,21.8
PUBLIC_SERVICE,138.67,143.32,153.01,151.82,12,1,2,3,146.7,4.38,169.22
RESIDENT,23.99,20.83,24.29,19.89,6,7,8,9,22.25,-1.37,21.72
RESIDENT,2.54,0.5,2.7,3.57,12,1,2,3,2.33,0.34,10.74
RESIDENT,21.3,22.74,25.98,31.38,12,1,2,3,25.35,3.36,29.78
RESIDENT,32.83,24.6,24.31,31.66,5,6,7,8,28.35,-0.39,20.72
RESIDENT,22.7,21.01,23.02,12.95,4,5,6,7,19.92,-3.25,14.63
RESIDENT,11.58,18.13,17.61,18.78,3,4,5,6,16.52,2.4,14.62
ORGANIZATION,120.89,165.7,125.44,114.62,4,5,6,7,131.66,-2.09,90.93
ORGANIZATION,152.7,178.9,190.81,210.48,1,2,3,4,183.22,19.26,286.81
ORGANIZATION,132.33,184.6,153.97,151.15,2,3,4,5,155.51,6.27,136.66
RESIDENT,26.62,26.68,23.19,18.41,5,6,7,8,23.72,-2.74,19.7
ORGANIZATION,147.25,159.88,138.18,163.38,10,11,12,1,152.17,5.38,173.01
RESIDENT,27.92,23.44,22.54,23.38,9,10,11,12,24.32,-1.51,27.79
RESIDENT,12.19,7.15,6.51,1.5,6,7,8,9,6.84,-3.56,0.5
RESIDENT,1.82,0.5,4.96,5.27,9,10,11,12,3.14,1.15,6.55
PUBLIC_SERVICE,43.95,35.67,56.72,51.3,2,3,4,5,46.91,2.45,39.98
PUBLIC_SERVICE,60.24,54.52,45.86,39.8,7,8,9,10,50.11,-6.81,30.73
RESIDENT,33.26,35.79,38.99,32.1,2,3,4,5,35.03,-0.39,47.13
RESIDENT,21.4,20.11,24.89,29.56,12,1,2,3,23.99,2.72,27.47
ORGANIZATION,96.16,92.76,71.43,52.55,6,7,8,9,78.23,-14.54,64.67
RESIDENT,27.54,23.86,21.16,23.06,9,10,11,12,23.91,-1.49,17.36
ORGANIZATION,152.59,152.64,135.51,169.59,9,10,11,12,152.58,5.67,178.43
RESIDENT,36.69,29.94,30.75,29.55,3,4,5,6,31.73,-2.38,26.68
RESIDENT,16.32,13.62,9.02,14.98,8,9,10,11,13.48,-0.45,8.43
FACTORY,855.25,766.99,861.8,700.9,3,4,5,6,796.24,-51.45,993.56
GOVERNMENT,154.89,210.73,229.82,298.31,12,1,2,3,223.44,47.81,285.73
FACTORY,877.23,802.57,903.84,666.92,5,6,7,8,812.64,-70.1,774.07
RESIDENT,24.67,18.57,13.04,19.91,7,8,9,10,19.05,-1.59,17.6
RESIDENT,6.32,9.56,16.31,11.73,11,12,1,2,10.98,1.8,18.39
GOVERNMENT,276.75,250.85,301.26,281.53,3,4,5,6,277.6,1.59,247.95
RESIDENT,24.59,24.62,29.2,25.4,3,4,5,6,25.95,0.27,21.57
RESIDENT,28.7,32.27,24.99,17.08,6,7,8,9,25.76,-3.87,22.9
RESIDENT,25.49,31.15,31.18,35.17,12,1,2,3,30.75,3.23,42.35
GOVERNMENT,441.89,468.52,669.0,515.88,2,3,4,5,523.82,24.66,470.12
RESIDENT,25.91,19.91,29.77,30.51,12,1,2,3,26.53,1.53,30.62
RESIDENT,7.0,7.4,14.97,13.19,12,1,2,3,10.64,2.06,18.05
RESIDENT,18.58,20.41,19.1,23.24,1,2,3,4,20.33,1.55,25.57
RESIDENT,26.53,18.64,16.5,18.56,9,10,11,12,20.06,-2.66,13.64
GOVERNMENT,217.49,190.03,172.46,155.02,8,9,10,11,183.75,-20.82,161.13
RESIDENT,31.38,29.78,29.61,30.75,3,4,5,6,30.38,-0.21,25.73
RESIDENT,9.88,17.78,13.36,10.67,5,6,7,8,12.92,0.26,8.03
GOVERNMENT,190.22,112.18,159.86,158.86,3,4,5,6,155.28,-10.45,104.69
RESIDENT,35.91,28.13,31.02,28.57,2,3,4,5,30.91,-2.45,32.45
RESIDENT,31.66,26.46,28.09,30.51,9,10,11,12,29.18,-0.38,28.02
RESIDENT,18.57,9.86,8.73,8.65,8,9,10,11,11.45,-3.31,8.61
RESIDENT,8.47,5.8,5.59,6.87,9,10,11,12,6.68,-0.53,6.21
RESIDENT,2.78,10.89,10.98,9.91,1,2,3,4,8.64,2.38,12.39
RESIDENT,1.72,0.61,1.59,4.42,9,10,11,12,2.08,0.9,0.5
RESIDENT,17.97,28.26,22.49,28.97,12,1,2,3,24.42,3.67,35.0
RESIDENT,11.73,9.61,10.57,16.97,11,12,1,2,12.22,1.75,17.43
RESIDENT,16.25,24.91,24.11,32.84,12,1,2,3,24.53,5.53,27.34
PUBLIC_SERVICE,106.63,117.89,126.65,129.18,2,3,4,5,120.09,7.52,128.47
ORGANIZATION,51.92,85.11,73.5,66.61,1,2,3,4,69.28,4.9,81.51
RESIDENT,55.53,36.41,31.2,37.35,4,5,6,7,40.12,-6.06,28.97
RESIDENT,15.65,19.07,8.71,10.49,7,8,9,10,13.48,-1.72,8.72
PUBLIC_SERVICE,40.99,36.25,37.02,71.43,2,3,4,5,46.42,10.15,49.42
RESIDENT,28.37,19.77,26.41,36.14,12,1,2,3,27.67,2.59,32.64
RESIDENT,48.96,33.98,35.81,32.99,3,4,5,6,37.94,-5.32,32.99
RESIDENT,14.21,15.16,22.03,26.02,12,1,2,3,19.36,3.94,34.84
RESIDENT,36.7,35.57,28.74,32.05,5,6,7,8,33.27,-1.55,27.03
RESIDENT,36.42,45.26,27.06,26.82,6,7,8,9,33.89,-3.2,26.6
RESIDENT,27.83,28.8,31.28,30.13,8,9,10,11,29.51,0.77,36.0
FACTORY,847.15,889.25,817.19,968.61,8,9,10,11,880.55,40.49,710.47
RESIDENT,7.94,6.03,6.15,13.06,11,12,1,2,8.29,1.71,5.82
PUBLIC_SERVICE,127.94,138.67,143.32,153.01,11,12,1,2,140.74,8.36,151.82
RESIDENT,24.96,24.46,30.77,30.88,12,1,2,3,27.77,1.97,43.27
GOVERNMENT,426.51,443.68,378.4,448.44,9,10,11,12,424.26,7.31,461.68
FACTORY,1958.73,2033.78,2023.54,2145.74,3,4,5,6,2040.45,62.34,2013.33
RESIDENT,15.22,13.56,15.01,15.83,1,2,3,4,14.9,0.2,19.96
ORGANIZATION,165.61,150.18,208.94,114.57,7,8,9,10,159.82,-17.01,154.69
GOVERNMENT,272.85,219.81,183.7,142.12,6,7,8,9,204.62,-43.58,122.31
RESIDENT,11.74,17.41,19.81,13.35,2,3,4,5,15.58,0.54,22.91
PUBLIC_SERVICE,72.35,111.9,78.68,97.57,2,3,4,5,90.12,8.41,68.86
RESIDENT,12.0,14.41,15.65,21.14,12,1,2,3,15.8,3.05,21.76
RESIDENT,24.21,24.17,18.05,14.67,5,6,7,8,20.28,-3.18,12.6
RESIDENT,17.27,14.69,9.29,5.91,8,9,10,11,11.79,-3.79,12.38
RESIDENT,11.04,13.93,19.71,24.92,1,2,3,4,17.4,4.63,25.24
RESIDENT,20.11,20.12,10.23,11.94,6,7,8,9,15.6,-2.72,10.51
GOVERNMENT,266.59,431.6,308.92,324.98,11,12,1,2,333.02,19.46,402.87
GOVERNMENT,274.12,229.67,188.09,189.27,8,9,10,11,220.29,-28.28,151.19
RESIDENT,17.82,15.16,19.62,9.32,3,4,5,6,15.48,-2.83,15.07
RESIDENT,27.37,31.89,29.42,24.46,4,5,6,7,28.29,-0.97,27.14
RESIDENT,17.32,11.89,15.0,11.64,8,9,10,11,13.96,-1.89,11.77
RESIDENT,0.5,4.96,5.27,6.55,10,11,12,1,4.32,2.02,11.55
FACTORY,1416.24,1329.51,1315.6,1314.19,7,8,9,10,1343.88,-34.02,1154.54
RESIDENT,0.5,0.5,0.5,1.19,10,11,12,1,0.67,0.23,6.53
RESIDENT,12.43,13.21,14.74,14.63,12,1,2,3,13.75,0.73,22.09
RESIDENT,12.81,13.85,13.96,8.72,9,10,11,12,12.34,-1.36,12.47
PUBLIC_SERVICE,60.64,62.84,59.0,70.29,4,5,6,7,63.19,3.22,64.6
RESIDENT,38.82,31.4,31.13,29.57,5,6,7,8,32.73,-3.08,27.54
RESIDENT,25.72,26.59,29.21,29.44,11,12,1,2,27.74,1.24,34.38
RESIDENT,25.2,16.46,19.32,8.25,9,10,11,12,17.31,-5.65,13.19
ORGANIZATION,95.01,85.46,112.69,162.93,1,2,3,4,114.02,22.64,122.06
RESIDENT,11.2,4.08,5.15,0.78,8,9,10,11,5.3,-3.47,1.42
PUBLIC_SERVICE,107.15,108.38,107.61,112.73,12,1,2,3,108.97,1.86,113.91
RESIDENT,6.61,7.81,14.62,15.04,1,2,3,4,11.02,2.81,14.18
RESIDENT,20.1,19.53,16.09,12.4,7,8,9,10,17.03,-2.57,16.45
RESIDENT,30.41,30.49,25.75,20.75,8,9,10,11,26.85,-3.22,23.2
RESIDENT,15.11,15.7,24.16,16.05,3,4,5,6,17.75,0.31,14.29
RESIDENT,20.89,25.97,23.91,19.0,7,8,9,10,22.44,-0.63,17.39
GOVERNMENT,386.74,361.55,442.86,474.32,10,11,12,1,416.37,29.19,466.72
FACTORY,1599.76,1465.91,1435.07,1214.51,4,5,6,7,1428.81,-128.42,1118.77
RESIDENT,13.34,10.94,9.97,18.31,9,10,11,12,13.14,1.66,13.94
RESIDENT,26.04,22.3,21.44,23.32,7,8,9,10,23.27,-0.91,26.61
RESIDENT,15.58,11.89,15.95,21.14,9,10,11,12,16.14,1.85,8.74
RESIDENT,10.78,9.43,10.96,11.5,8,9,10,11,10.67,0.24,16.39
RESIDENT,27.92,24.56,20.61,19.37,6,7,8,9,23.12,-2.85,17.58
FACTORY,469.29,639.41,425.78,577.56,10,11,12,1,528.01,36.09,538.53
RESIDENT,29.56,26.91,32.83,33.73,11,12,1,2,30.76,1.39,38.42
RESIDENT,16.58,9.43,6.29,11.0,9,10,11,12,10.82,-1.86,12.53
RESIDENT,33.93,38.35,40.16,30.75,5,6,7,8,35.8,-1.06,33.57
ORGANIZATION,140.54,131.61,150.16,110.52,8,9,10,11,133.21,-10.01,132.15
FACTORY,1108.41,930.61,1113.25,1003.6,9,10,11,12,1038.97,-34.94,1038.57
ORGANIZATION,66.74,72.63,63.68,92.75,10,11,12,1,73.95,8.67,124.35
GOVERNMENT,469.66,507.7,524.45,475.75,1,2,3,4,494.39,2.03,466.94
GOVERNMENT,465.83,421.04,413.71,402.82,3,4,5,6,425.85,-21.0,360.07
RESIDENT,32.86,27.09,24.35,25.16,6,7,8,9,27.37,-2.57,23.06
FACTORY,1729.01,1909.88,2064.26,1995.84,1,2,3,4,1924.75,88.94,1903.99
FACTORY,582.68,482.09,523.99,471.1,8,9,10,11,514.97,-37.19,549.09
RESIDENT,8.48,11.24,14.34,12.54,12,1,2,3,11.65,1.35,20.33
RESIDENT,17.96,25.53,26.62,26.95,3,4,5,6,24.27,3.0,21.28
RESIDENT,31.52,32.81,31.97,40.84,1,2,3,4,34.28,3.11,37.85
PUBLIC_SERVICE,75.78,101.9,100.1,123.27,1,2,3,4,100.26,15.83,104.52
RESIDENT,21.85,26.29,32.19,35.16,11,12,1,2,28.87,4.44,37.03
RESIDENT,23.03,24.16,30.28,29.35,2,3,4,5,26.7,2.11,34.02
ORGANIZATION,83.2,38.78,66.82,50.95,3,4,5,6,59.94,-10.75,46.67
RESIDENT,21.94,15.81,16.06,17.28,5,6,7,8,17.77,-1.55,10.81
RESIDENT,15.61,17.86,17.13,20.81,11,12,1,2,17.85,1.73,18.45
ORGANIZATION,176.95,194.88,175.08,171.37,4,5,6,7,179.57,-1.86,136.89
RESIDENT,25.92,27.62,31.63,25.52,4,5,6,7,27.67,-0.13,19.84
FACTORY,1446.19,1714.73,1752.31,1917.33,11,12,1,2,1707.64,157.05,1952.45
RESIDENT,17.31,12.54,5.91,13.03,9,10,11,12,12.2,-1.43,12.25
RESIDENT,17.01,22.22,22.96,26.52,11,12,1,2,22.18,3.17,26.5
RESIDENT,29.41,28.14,25.1,21.85,7,8,9,10,26.12,-2.52,22.35
RESIDENT,17.1,23.58,23.56,27.06,10,11,12,1,22.82,3.32,38.45
ORGANIZATION,196.01,290.46,241.64,236.73,4,5,6,7,241.21,13.57,190.49
RESIDENT,22.42,21.55,24.28,18.36,8,9,10,11,21.65,-1.35,18.47
RESIDENT,33.27,33.83,26.74,34.84,8,9,10,11,32.17,0.52,32.23
RESIDENT,15.83,19.96,16.96,11.65,4,5,6,7,16.1,-1.39,9.22
PUBLIC_SERVICE,128.82,150.18,147.81,144.8,1,2,3,4,142.9,5.33,149.71
FACTORY,1032.42,1581.34,910.36,1284.35,2,3,4,5,1202.12,83.98,1246.14
ORGANIZATION,155.7,164.77,168.91,172.55,6,7,8,9,165.48,5.62,147.89
ORGANIZATION,193.46,160.75,154.88,132.9,5,6,7,8,160.5,-20.19,141.38
ORGANIZATION,39.5,53.05,45.31,76.39,12,1,2,3,53.56,12.3,68.15
RESIDENT,15.8,18.78,14.7,13.55,2,3,4,5,15.71,-0.75,16.02
GOVERNMENT,350.08,359.46,349.15,371.66,6,7,8,9,357.59,7.19,356.19
RESIDENT,43.88,44.3,53.35,37.82,3,4,5,6,44.84,-2.02,38.55
RESIDENT,31.84,28.24,23.69,18.86,8,9,10,11,25.66,-4.33,21.43
FACTORY,959.54,1033.56,913.42,754.15,6,7,8,9,915.17,-68.46,808.49
RESIDENT,11.29,5.18,16.07,11.4,10,11,12,1,10.98,0.04,12.69
RESIDENT,31.93,35.77,36.11,32.89,3,4,5,6,34.17,0.32,34.68
RESIDENT,36.21,31.61,29.21,32.24,8,9,10,11,32.32,-1.32,35.43
RESIDENT,20.24,20.52,27.87,35.81,10,11,12,1,26.11,5.19,23.74
PUBLIC_SERVICE,47.33,46.15,59.61,59.89,2,3,4,5,53.24,4.19,45.82
RESIDENT,32.08,32.84,33.26,36.95,3,4,5,6,33.78,1.62,39.07
PUBLIC_SERVICE,136.94,131.23,153.29,144.48,4,5,6,7,141.48,2.51,107.83
RESIDENT,23.57,18.55,25.32,19.93,7,8,9,10,21.84,-1.21,23.4
ORGANIZATION,156.22,182.72,158.71,178.47,3,4,5,6,169.03,7.42,168.79
RESIDENT,13.4,23.4,13.78,21.39,10,11,12,1,17.99,2.66,16.97
RESIDENT,14.63,9.39,17.36,21.84,2,3,4,5,15.8,2.4,18.13
RESIDENT,31.66,29.6,28.16,30.06,3,4,5,6,29.87,-0.53,30.25
RESIDENT,15.95,14.14,14.44,20.56,9,10,11,12,16.27,1.54,16.5
RESIDENT,18.14,14.03,12.87,14.13,9,10,11,12,14.79,-1.34,17.64
RESIDENT,34.49,36.97,30.52,29.54,6,7,8,9,32.88,-1.65,22.68
RESIDENT,28.37,22.31,26.84,22.33,4,5,6,7,24.96,-2.01,18.73
RESIDENT,18.4,25.56,20.63,19.03,6,7,8,9,20.9,0.21,14.6
RESIDENT,19.76,2.24,7.43,3.2,10,11,12,1,8.16,-5.52,6.77
ORGANIZATION,257.74,148.75,112.5,143.74,7,8,9,10,165.68,-38.0,157.9
PUBLIC_SERVICE,60.83,66.5,64.35,54.24,4,5,6,7,61.48,-2.2,54.81
GOVERNMENT,256.02,291.56,216.93,247.63,3,4,5,6,253.03,-2.8,213.77
RESIDENT,16.05,7.68,12.06,4.24,9,10,11,12,10.01,-3.94,9.13
RESIDENT,30.79,31.19,28.75,26.41,6,7,8,9,29.29,-1.46,21.04
PUBLIC_SERVICE,112.15,97.42,115.72,104.25,10,11,12,1,107.38,-2.63,112.96
PUBLIC_SERVICE,95.95,102.76,98.66,81.17,10,11,12,1,94.64,-4.93,121.25
RESIDENT,20.7,19.11,17.07,16.74,9,10,11,12,18.41,-1.32,16.31
RESIDENT,21.97,24.31,29.87,24.75,3,4,5,6,25.23,0.93,19.92
RESIDENT,22.52,21.82,24.65,22.5,3,4,5,6,22.87,-0.01,22.53
RESIDENT,25.07,23.7,31.49,33.76,1,2,3,4,28.5,2.9,36.24
RESIDENT,23.57,16.56,20.95,17.11,9,10,11,12,19.55,-2.15,20.58
RESIDENT,3.13,2.76,4.36,12.61,11,12,1,2,5.71,3.16,13.33
RESIDENT,3.74,7.92,13.55,13.41,1,2,3,4,9.66,3.22,12.48
RESIDENT,18.47,14.55,24.41,24.62,10,11,12,1,20.51,2.05,22.82
PUBLIC_SERVICE,128.28,115.34,118.46,119.99,10,11,12,1,120.52,-2.76,128.05
PUBLIC_SERVICE,115.69,113.18,139.15,144.46,1,2,3,4,128.12,9.59,153.42
RESIDENT,26.94,31.35,37.07,38.27,11,12,1,2,33.41,3.78,38.09
GOVERNMENT,469.48,436.79,417.11,415.37,7,8,9,10,434.69,-18.04,363.41
RESIDENT,32.95,41.78,41.17,44.65,3,4,5,6,40.14,3.9,37.83
RESIDENT,28.74,32.05,27.03,27.16,7,8,9,10,28.74,-0.53,20.62
RESIDENT,4.7,3.53,6.72,14.33,11,12,1,2,7.32,3.21,10.69
RESIDENT,7.45,8.83,12.48,10.43,11,12,1,2,9.8,0.99,10.78
RESIDENT,29.98,29.17,30.23,35.29,9,10,11,12,31.17,1.77,33.5
ORGANIZATION,135.11,106.36,126.64,85.33,7,8,9,10,113.36,-16.59,125.78
ORGANIZATION,52.26,46.86,77.03,78.32,11,12,1,2,63.62,8.69,104.09
PUBLIC_SERVICE,158.59,138.54,139.81,119.77,6,7,8,9,139.18,-12.94,134.35
ORGANIZATION,167.27,146.59,158.48,160.3,8,9,10,11,158.16,-2.32,141.08
RESIDENT,17.29,21.4,20.11,24.89,11,12,1,2,20.92,2.53,29.56
GOVERNMENT,479.62,419.82,454.72,392.94,8,9,10,11,436.78,-28.89,466.7
PUBLIC_SERVICE,106.63,107.89,121.17,157.57,1,2,3,4,123.31,16.98,131.68
RESIDENT,29.39,27.94,29.38,35.55,1,2,3,4,30.56,2.05,34.97
RESIDENT,7.02,9.92,17.31,9.21,2,3,4,5,10.87,0.73,9.5
RESIDENT,11.36,10.56,10.66,12.04,1,2,3,4,11.15,0.23,13.7
FACTORY,355.52,750.2,561.7,855.25,12,1,2,3,630.67,166.58,766.99
RESIDENT,23.31,20.68,24.34,26.62,2,3,4,5,23.74,1.1,23.86
FACTORY,805.66,1024.94,918.57,786.76,4,5,6,7,883.98,-6.3,763.5
FACTORY,657.3,692.15,877.23,480.94,5,6,7,8,676.9,-58.79,636.56
GOVERNMENT,321.13,288.28,285.0,286.86,7,8,9,10,295.32,-11.42,275.02
GOVERNMENT,265.93,181.15,220.51,208.18,9,10,11,12,218.94,-19.25,249.02
RESIDENT,6.41,9.94,13.89,16.43,3,4,5,6,11.67,3.34,5.95
RESIDENT,12.54,13.59,10.01,11.93,7,8,9,10,12.02,-0.2,11.68
GOVERNMENT,306.56,375.09,362.05,369.42,3,4,5,6,353.28,20.95,361.89
PUBLIC_SERVICE,124.27,132.31,112.94,116.14,11,12,1,2,121.41,-2.71,115.66
FACTORY,514.96,430.57,515.75,679.49,11,12,1,2,535.19,54.84,672.31
RESIDENT,27.29,26.72,29.82,24.9,5,6,7,8,27.18,-0.8,19.22
GOVERNMENT,433.22,361.75,339.97,333.52,5,6,7,8,367.12,-33.23,262.07
FACTORY,697.53,1357.05,1173.24,1444.19,2,3,4,5,1168.0,248.89,1245.21
GOVERNMENT,271.98,220.74,251.83,245.85,9,10,11,12,247.6,-8.71,203.12
RESIDENT,13.53,14.85,15.65,19.07,5,6,7,8,15.78,1.85,8.71
RESIDENT,31.57,34.69,37.17,27.45,5,6,7,8,32.72,-1.37,26.76
RESIDENT,30.93,31.78,31.06,30.79,5,6,7,8,31.14,-0.05,35.24
RESIDENT,3.74,9.86,0.5,4.07,9,10,11,12,4.54,0.11,4.73
RESIDENT,24.13,27.9,27.41,23.58,6,7,8,9,25.75,-0.18,21.64
FACTORY,1981.06,1978.68,2180.2,2308.73,1,2,3,4,2112.17,109.22,2371.1
RESIDENT,54.35,41.4,40.83,34.6,4,5,6,7,42.79,-6.58,37.04
ORGANIZATION,51.93,92.26,74.29,88.69,2,3,4,5,76.79,12.25,69.71
RESIDENT,19.18,10.36,15.14,9.43,5,6,7,8,13.53,-3.25,10.1
RESIDENT,26.27,30.99,33.6,36.14,12,1,2,3,31.75,3.29,37.83
ORGANIZATION,187.51,178.73,201.9,214.91,2,3,4,5,195.76,9.13,179.93
ORGANIZATION,164.64,172.37,262.76,246.51,10,11,12,1,211.57,27.29,183.49
RESIDENT,18.0,12.51,12.73,4.92,4,5,6,7,12.04,-4.36,9.69
RESIDENT,12.98,12.46,14.24,17.25,11,12,1,2,14.23,1.42,20.1
RESIDENT,24.21,20.55,22.52,22.58,5,6,7,8,22.46,-0.54,20.28
RESIDENT,15.46,16.98,9.65,15.18,5,6,7,8,14.32,-0.09,14.15
RESIDENT,21.24,15.9,15.3,12.0,5,6,7,8,16.11,-3.08,8.26
RESIDENT,12.68,9.12,10.34,7.92,8,9,10,11,10.02,-1.59,7.78
ORGANIZATION,166.19,135.25,151.25,171.63,10,11,12,1,156.08,1.81,239.48
RESIDENT,29.18,29.29,28.47,25.11,6,7,8,9,28.01,-1.36,21.85
RESIDENT,7.19,0.5,0.5,0.5,8,9,10,11,2.17,-2.23,1.21
RESIDENT,34.92,29.98,29.17,30.23,8,9,10,11,31.08,-1.56,35.29
RESIDENT,21.45,26.0,17.96,24.9,10,11,12,1,22.58,1.15,26.47
GOVERNMENT,456.21,679.37,529.71,530.76,3,4,5,6,549.01,24.85,508.87
RESIDENT,12.01,16.48,4.88,12.79,3,4,5,6,11.54,0.26,10.24
RESIDENT,15.17,21.47,16.4,22.78,5,6,7,8,18.95,2.54,22.64
ORGANIZATION,147.55,171.87,171.25,141.21,1,2,3,4,157.97,-2.11,169.23
PUBLIC_SERVICE,52.44,51.65,80.68,65.45,1,2,3,4,62.56,4.34,77.07
RESIDENT,9.71,15.18,12.66,12.31,11,12,1,2,12.46,0.87,20.07
RESIDENT,2.71,6.76,13.14,11.4,2,3,4,5,8.5,2.9,8.83
GOVERNMENT,454.67,491.48,502.72,520.8,3,4,5,6,492.42,22.04,517.62
FACTORY,1102.02,1162.74,1140.06,1520.25,1,2,3,4,1231.27,139.41,1439.83
RESIDENT,32.66,36.44,35.57,33.36,3,4,5,6,34.51,0.23,27.66
ORGANIZATION,160.16,219.16,147.16,158.82,7,8,9,10,171.32,-0.45,126.06
RESIDENT,23.11,24.99,20.24,20.52,8,9,10,11,22.21,-0.86,27.87
FACTORY,2051.02,2052.14,2043.93,1995.69,5,6,7,8,2035.7,-18.44,1939.28
RESIDENT,14.69,12.6,16.19,15.74,11,12,1,2,14.81,0.35,20.45
RESIDENT,21.71,20.53,18.06,24.33,11,12,1,2,21.16,0.87,23.89
ORGANIZATION,160.96,162.03,144.84,189.26,10,11,12,1,164.27,9.43,154.21
GOVERNMENT,303.15,337.94,393.65,359.96,12,1,2,3,348.67,18.94,391.48
PUBLIC_SERVICE,73.49,94.14,86.59,79.8,5,6,7,8,83.5,2.1,66.39
RESIDENT,24.33,19.41,29.2,29.54,3,4,5,6,25.62,1.74,27.72
RESIDENT,24.94,22.15,22.01,17.74,5,6,7,8,21.71,-2.4,14.85
RESIDENT,5.66,4.8,12.21,10.12,1,2,3,4,8.2,1.49,13.96
RESIDENT,17.54,13.02,15.34,6.74,7,8,9,10,13.16,-3.6,11.28
RESIDENT,25.32,26.98,29.86,30.54,3,4,5,6,28.17,1.74,23.35
RESIDENT,13.39,6.98,8.08,9.53,3,4,5,6,9.5,-1.29,11.32
RESIDENT,16.47,13.18,17.31,13.2,10,11,12,1,15.04,-1.09,24.76
RESIDENT,27.1,25.82,24.9,19.82,9,10,11,12,24.41,-2.43,24.83
GOVERNMENT,338.64,346.09,248.07,324.17,4,5,6,7,314.24,-4.82,237.7
GOVERNMENT,276.17,267.99,233.26,184.08,6,7,8,9,240.38,-30.7,152.27
ORGANIZATION,118.48,155.32,146.03,135.54,3,4,5,6,138.84,5.69,119.32
RESIDENT,30.5,30.04,27.71,30.32,9,10,11,12,29.64,-0.06,53.41
RESIDENT,29.1,25.19,25.83,34.54,12,1,2,3,28.66,1.81,32.55
RESIDENT,24.08,21.89,21.11,22.2,9,10,11,12,22.32,-0.63,24.67
GOVERNMENT,403.56,355.09,419.38,423.25,4,5,6,7,400.32,6.56,373.16
PUBLIC_SERVICE,24.89,63.45,70.35,38.95,4,5,6,7,49.41,4.69,44.1
RESIDENT,23.76,21.13,18.75,22.24,4,5,6,7,21.47,-0.51,13.79
ORGANIZATION,103.15,104.62,66.74,72.63,8,9,10,11,86.78,-10.17,63.68
RESIDENT,13.43,10.95,14.17,7.56,4,5,6,7,11.53,-1.96,13.14
FACTORY,829.44,770.07,1130.97,1078.67,2,3,4,5,952.29,83.08,985.78
ORGANIZATION,128.31,117.24,96.03,113.02,9,10,11,12,113.65,-5.1,129.71
ORGANIZATION,104.77,141.34,120.04,162.73,1,2,3,4,132.22,19.32,139.19
RESIDENT,22.92,28.7,27.61,26.23,4,5,6,7,26.37,1.1,19.31
GOVERNMENT,270.46,294.54,340.27,299.43,11,12,1,2,301.18,9.66,335.32
PUBLIC_SERVICE,72.01,84.45,68.9,87.69,2,3,4,5,78.26,5.23,82.61
RESIDENT,33.85,32.99,33.46,35.77,10,11,12,1,34.02,0.64,36.17
RESIDENT,19.91,16.35,15.47,11.32,9,10,11,12,15.76,-2.86,26.82
GOVERNMENT,316.8,290.13,273.38,222.49,5,6,7,8,275.7,-31.44,230.97
RESIDENT,0.5,8.23,8.04,13.41,12,1,2,3,7.54,4.3,10.0
RESIDENT,27.97,34.59,27.9,25.38,7,8,9,10,28.96,-0.86,27.81
RESIDENT,23.02,12.95,14.63,16.52,6,7,8,9,16.78,-2.17,11.51
ORGANIZATION,173.97,186.22,207.72,193.06,12,1,2,3,190.24,6.36,224.95
PUBLIC_SERVICE,125.71,140.6,155.8,176.64,1,2,3,4,149.69,16.98,170.77
RESIDENT,13.14,11.44,20.15,14.31,3,4,5,6,14.76,0.39,14.15
RESIDENT,25.34,17.37,18.48,11.47,5,6,7,8,18.16,-4.62,9.27
RESIDENT,14.74,14.63,22.09,22.91,2,3,4,5,18.59,2.72,22.19
RESIDENT,37.44,40.2,35.09,39.31,2,3,4,5,38.01,0.62,39.73
RESIDENT,6.37,6.14,17.26,17.66,1,2,3,4,11.86,3.76,18.03
RESIDENT,10.8,6.3,8.85,12.22,12,1,2,3,9.54,0.47,22.41
RESIDENT,16.61,21.32,18.95,22.52,9,10,11,12,19.85,1.97,22.71
RESIDENT,7.85,10.62,3.91,2.28,8,9,10,11,6.17,-1.86,4.31
RESIDENT,16.92,18.25,16.0,15.27,9,10,11,12,16.61,-0.55,16.59
RESIDENT,18.13,15.3,18.17,20.44,11,12,1,2,18.01,0.77,27.34
FACTORY,1398.55,1493.49,1215.63,1421.9,10,11,12,1,1382.39,7.78,1275.01
ORGANIZATION,156.64,147.01,164.85,176.66,10,11,12,1,161.29,6.67,146.38
PUBLIC_SERVICE,133.95,144.92,147.15,158.82,12,1,2,3,146.21,8.29,195.33
PUBLIC_SERVICE,84.3,81.38,86.18,101.35,2,3,4,5,88.3,5.68,97.73
FACTORY,794.07,578.81,616.32,456.93,9,10,11,12,611.53,-112.38,618.52
RESIDENT,11.69,23.86,23.76,21.13,2,3,4,5,20.11,3.15,18.75
PUBLIC_SERVICE,72.25,84.39,158.54,112.58,12,1,2,3,106.94,13.44,129.95
RESIDENT,2.55,2.13,4.48,10.06,12,1,2,3,4.8,2.5,10.02
FACTORY,905.84,701.68,707.14,712.31,8,9,10,11,756.74,-64.51,626.88
RESIDENT,13.37,19.54,21.41,25.26,1,2,3,4,19.89,3.96,26.27
ORGANIZATION,59.04,79.31,92.48,142.21,2,3,4,5,93.26,27.72,90.15
RESIDENT,11.24,14.34,12.54,20.33,1,2,3,4,14.61,3.03,19.54
ORGANIZATION,133.08,140.26,159.05,118.88,4,5,6,7,137.82,-4.73,97.38
FACTORY,2026.43,1974.35,2030.49,1667.63,3,4,5,6,1924.72,-119.6,2554.09
RESIDENT,22.15,22.01,17.74,14.85,6,7,8,9,19.19,-2.43,14.01
RESIDENT,32.63,33.5,30.71,33.17,5,6,7,8,32.5,0.18,33.17
ORGANIZATION,191.45,156.55,158.34,202.85,10,11,12,1,177.3,3.8,174.45
GOVERNMENT,215.51,190.59,181.94,180.14,9,10,11,12,192.04,-11.79,214.63
RESIDENT,26.44,25.23,23.07,19.3,6,7,8,9,23.51,-2.38,18.57
RESIDENT,13.97,15.58,19.99,27.76,1,2,3,4,19.32,4.6,21.26
RESIDENT,32.64,35.72,52.85,44.38,1,2,3,4,41.4,3.91,37.16
RESIDENT,32.49,30.48,20.25,21.58,7,8,9,10,26.2,-3.64,21.18
RESIDENT,36.57,30.23,28.77,24.15,5,6,7,8,29.93,-4.14,28.03
RESIDENT,8.0,8.41,0.5,10.81,9,10,11,12,6.93,0.94,8.8
RESIDENT,25.94,31.36,29.55,32.21,2,3,4,5,29.77,2.09,30.77
RESIDENT,36.34,30.99,36.52,34.77,5,6,7,8,34.66,-0.52,52.27
FACTORY,1838.84,1778.41,1701.98,1881.65,9,10,11,12,1800.22,14.27,1929.78
RESIDENT,17.73,18.85,20.49,24.88,3,4,5,6,20.49,2.38,10.21
RESIDENT,26.24,27.42,26.82,33.89,8,9,10,11,28.59,2.55,18.29
ORGANIZATION,194.49,207.78,211.15,196.62,3,4,5,6,202.51,0.71,192.69
RESIDENT,16.75,15.59,19.48,24.03,1,2,3,4,18.96,2.43,23.3
RESIDENT,24.56,27.84,24.44,26.43,6,7,8,9,25.82,0.62,23.0
RESIDENT,9.86,9.75,14.14,10.41,8,9,10,11,11.04,0.18,5.01
RESIDENT,30.75,29.14,29.33,21.42,6,7,8,9,27.66,-3.11,23.92
ORGANIZATION,174.82,196.78,152.68,187.38,8,9,10,11,177.91,4.19,187.18
RESIDENT,18.14,26.3,22.41,21.73,1,2,3,4,22.14,1.2,27.78
RESIDENT,36.87,27.82,24.43,25.19,5,6,7,8,28.58,-3.89,19.58
RESIDENT,20.84,28.37,19.77,26.41,11,12,1,2,23.85,1.86,36.14
PUBLIC_SERVICE,35.04,50.21,19.18,30.2,8,9,10,11,33.66,-1.61,21.89
RESIDENT,7.17,6.69,0.5,4.34,8,9,10,11,4.67,-0.94,6.3
RESIDENT,5.78,11.31,8.88,9.34,12,1,2,3,8.83,1.19,16.67
PUBLIC_SERVICE,174.64,163.58,129.38,131.91,6,7,8,9,149.88,-14.24,140.68
RESIDENT,14.23,15.56,14.53,12.54,4,5,6,7,14.21,-0.56,13.59
PUBLIC_SERVICE,134.23,168.19,150.77,166.38,12,1,2,3,154.89,10.72,155.56
GOVERNMENT,460.98,433.08,383.43,389.43,6,7,8,9,416.73,-23.85,400.09
FACTORY,710.88,846.05,955.43,831.03,4,5,6,7,835.85,40.05,677.34
RESIDENT,12.58,9.81,3.96,3.11,8,9,10,11,7.37,-3.16,10.59
RESIDENT,32.24,33.4,37.37,32.61,5,6,7,8,33.91,0.12,24.06
PUBLIC_SERVICE,135.96,124.23,107.19,100.27,5,6,7,8,116.91,-11.9,90.51
RESIDENT,10.05,2.85,0.5,1.05,9,10,11,12,3.61,-3.0,1.66
FACTORY,913.31,1370.89,1056.97,864.62,2,3,4,5,1051.45,-16.23,907.13
PUBLIC_SERVICE,64.34,90.32,56.16,85.94,5,6,7,8,74.19,7.2,75.85
RESIDENT,34.72,35.48,43.98,37.61,2,3,4,5,37.95,0.96,38.0
RESIDENT,3.58,17.28,16.47,8.43,3,4,5,6,11.44,1.62,6.18
RESIDENT,14.03,10.75,11.54,14.54,4,5,6,7,12.71,0.17,8.73
FACTORY,1631.49,1847.95,1706.82,1915.51,12,1,2,3,1775.44,94.67,1992.89
RESIDENT,11.01,16.62,16.74,17.38,4,5,6,7,15.44,2.12,16.08
ORGANIZATION,141.13,122.2,152.08,122.15,3,4,5,6,134.39,-6.33,127.81
PUBLIC_SERVICE,118.04,106.36,112.85,117.58,9,10,11,12,113.71,-0.15,115.74
RESIDENT,23.77,16.61,19.18,10.57,8,9,10,11,17.53,-4.4,15.59
RESIDENT,29.12,29.13,28.93,35.62,12,1,2,3,30.7,2.17,41.68
FACTORY,1724.95,1871.05,1675.18,1602.78,6,7,8,9,1718.49,-40.72,1543.37
ORGANIZATION,111.14,107.41,95.42,109.96,2,3,4,5,105.98,-0.39,117.33
RESIDENT,0.5,0.5,16.25,10.3,12,1,2,3,6.89,3.27,13.0
RESIDENT,27.14,35.91,30.23,33.12,10,11,12,1,31.6,1.99,36.34
RESIDENT,15.74,13.24,14.08,11.32,7,8,9,10,13.6,-1.47,6.41
RESIDENT,30.82,30.15,38.33,25.34,8,9,10,11,31.16,-1.83,25.92
RESIDENT,32.08,26.73,35.14,24.04,6,7,8,9,29.5,-2.68,27.7
RESIDENT,36.31,42.21,34.95,32.73,5,6,7,8,36.55,-1.19,30.94
PUBLIC_SERVICE,47.31,47.86,48.73,48.87,4,5,6,7,48.19,0.52,49.98
RESIDENT,21.01,18.05,24.16,25.49,2,3,4,5,22.18,1.49,21.92
GOVERNMENT,272.8,308.12,368.32,356.05,2,3,4,5,326.32,27.75,344.06
RESIDENT,21.77,18.93,14.85,15.86,7,8,9,10,17.85,-1.97,10.44
RESIDENT,17.61,26.79,11.39,19.83,9,10,11,12,18.91,0.74,18.76
RESIDENT,15.89,29.29,18.18,19.27,4,5,6,7,20.66,1.13,17.25
RESIDENT,15.69,17.74,12.61,9.95,5,6,7,8,14.0,-1.91,9.36
FACTORY,589.69,369.21,695.63,433.59,10,11,12,1,522.03,-52.03,687.67
PUBLIC_SERVICE,48.42,48.82,48.72,60.04,2,3,4,5,51.5,3.87,52.81
FACTORY,2020.17,1932.88,1980.15,1836.23,9,10,11,12,1942.36,-61.31,2144.12
ORGANIZATION,42.77,57.94,15.39,43.62,8,9,10,11,39.93,0.28,35.38
RESIDENT,20.0,21.43,19.27,14.99,4,5,6,7,18.92,-1.67,16.8
RESIDENT,9.52,10.51,6.62,6.7,7,8,9,10,8.34,-0.94,4.97
RESIDENT,14.71,12.51,14.17,2.56,6,7,8,9,10.99,-4.05,2.48
RESIDENT,26.76,24.16,24.98,20.61,7,8,9,10,24.13,-2.05,26.78
RESIDENT,28.32,20.88,15.6,17.73,8,9,10,11,20.63,-3.53,22.77
RESIDENT,36.54,27.37,40.25,28.18,7,8,9,10,33.09,-2.79,31.45
RESIDENT,40.13,41.23,33.31,30.2,6,7,8,9,36.22,-3.31,29.95
GOVERNMENT,88.61,155.04,126.83,153.21,4,5,6,7,130.92,21.53,106.24
RESIDENT,22.97,24.05,23.26,18.78,4,5,6,7,22.27,-1.4,27.49
ORGANIZATION,69.18,86.62,140.73,96.79,11,12,1,2,98.33,9.2,104.97
RESIDENT,8.21,10.77,8.98,17.82,12,1,2,3,11.45,3.2,23.73
RESIDENT,10.86,10.31,17.19,14.41,2,3,4,5,13.19,1.18,18.42
FACTORY,1856.08,1497.21,1884.02,1852.85,9,10,11,12,1772.54,-1.08,1668.22
RESIDENT,14.68,19.23,19.24,17.95,4,5,6,7,17.77,1.09,11.54
RESIDENT,3.59,6.97,4.04,8.37,11,12,1,2,5.74,1.59,5.85
RESIDENT,22.54,23.39,18.74,12.52,5,6,7,8,19.3,-3.34,18.05
RESIDENT,22.69,19.42,15.4,20.29,6,7,8,9,19.45,-0.8,16.0
PUBLIC_SERVICE,30.32,40.8,32.51,31.5,8,9,10,11,33.78,0.39,40.31
ORGANIZATION,129.01,139.43,132.41,112.46,4,5,6,7,128.33,-5.52,122.62
RESIDENT,13.64,8.24,12.22,14.83,10,11,12,1,12.23,0.4,19.3
RESIDENT,38.12,32.85,44.34,32.55,5,6,7,8,36.97,-1.86,24.48
RESIDENT,16.2,13.38,7.94,5.14,4,5,6,7,10.66,-3.69,5.78
RESIDENT,28.79,20.06,23.15,27.89,10,11,12,1,24.97,-0.3,29.75
ORGANIZATION,79.31,81.53,64.61,82.1,7,8,9,10,76.89,0.93,57.8
RESIDENT,39.93,27.53,28.79,20.06,8,9,10,11,29.08,-6.62,23.15
GOVERNMENT,198.88,161.66,121.58,106.5,7,8,9,10,147.15,-30.79,121.63
RESIDENT,14.7,5.76,8.6,13.17,11,12,1,2,10.56,-0.51,11.77
RESIDENT,29.71,33.59,36.38,37.87,12,1,2,3,34.39,2.72,42.66
FACTORY,798.01,940.52,832.41,777.48,4,5,6,7,837.11,-6.84,900.42
ORGANIZATION,127.58,134.06,117.9,152.26,1,2,3,4,132.95,8.23,206.75
GOVERNMENT,242.21,302.07,348.43,316.87,3,4,5,6,302.39,24.89,296.36
ORGANIZATION,80.38,96.24,90.0,71.04,9,10,11,12,84.42,-3.11,72.27
RESIDENT,27.71,30.32,53.41,32.5,11,12,1,2,35.98,1.6,39.81
RESIDENT,31.54,34.96,36.98,43.77,2,3,4,5,36.81,4.08,37.3
RESIDENT,23.71,22.44,17.41,12.68,8,9,10,11,19.06,-3.68,15.68
FACTORY,750.97,516.58,796.83,440.41,7,8,9,10,626.2,-103.52,488.71
RESIDENT,13.31,22.2,9.8,13.43,5,6,7,8,14.69,0.04,9.68
RESIDENT,8.84,5.64,6.84,2.04,6,7,8,9,5.84,-2.27,0.5
PUBLIC_SERVICE,66.94,79.06,72.96,82.89,10,11,12,1,75.46,5.32,99.57
PUBLIC_SERVICE,76.37,55.9,56.68,48.62,8,9,10,11,59.39,-9.25,57.04
RESIDENT,15.35,8.62,14.0,10.3,9,10,11,12,12.07,-1.68,14.74
RESIDENT,23.38,27.79,29.48,33.78,12,1,2,3,28.61,3.47,35.15
RESIDENT,14.99,20.35,22.4,27.05,11,12,1,2,21.2,4.02,31.69
RESIDENT,25.96,21.5,29.01,24.95,12,1,2,3,25.36,-0.34,26.0
FACTORY,1923.64,1971.63,2080.65,1984.72,6,7,8,9,1990.16,20.36,1896.37
ORGANIZATION,136.87,142.08,195.49,158.35,12,1,2,3,158.2,7.16,195.29
ORGANIZATION,113.02,157.39,157.41,149.47,2,3,4,5,144.32,12.15,179.48
GOVERNMENT,322.12,350.81,319.12,305.98,10,11,12,1,324.51,-5.38,300.6
ORGANIZATION,181.44,158.12,146.69,155.82,7,8,9,10,160.52,-8.54,174.81
GOVERNMENT,465.25,418.1,413.96,342.43,7,8,9,10,409.94,-40.94,339.01
ORGANIZATION,184.86,188.97,195.27,162.43,7,8,9,10,182.88,-7.48,174.24
GOVERNMENT,456.25,441.85,423.9,419.83,8,9,10,11,435.46,-12.14,433.23
PUBLIC_SERVICE,141.68,149.5,146.11,122.45,5,6,7,8,139.94,-6.41,133.04
ORGANIZATION,100.43,81.01,106.72,132.94,4,5,6,7,105.27,10.84,102.65
RESIDENT,16.06,14.52,22.98,18.08,12,1,2,3,17.91,0.67,22.15
RESIDENT,9.01,11.73,9.61,10.57,10,11,12,1,10.23,0.52,16.97
FACTORY,783.07,880.59,795.61,799.15,5,6,7,8,814.61,5.36,740.82
FACTORY,1037.68,1194.54,1237.92,1197.52,10,11,12,1,1166.91,53.28,1273.54
RESIDENT,22.52,27.85,29.73,32.97,11,12,1,2,28.27,3.48,36.04
ORGANIZATION,205.09,185.72,195.57,186.73,6,7,8,9,193.28,-6.12,182.86
RESIDENT,25.31,26.52,31.88,36.24,11,12,1,2,29.99,3.64,32.72
RESIDENT,41.46,35.77,34.3,31.84,6,7,8,9,35.84,-3.21,28.09
GOVERNMENT,260.36,274.83,297.75,278.13,3,4,5,6,277.77,5.92,230.2
RESIDENT,5.03,5.89,9.26,14.99,2,3,4,5,8.79,3.32,4.53
RESIDENT,13.56,12.21,13.0,14.66,10,11,12,1,13.36,0.37,16.11
RESIDENT,32.28,22.62,20.55,19.39,7,8,9,10,23.71,-4.3,15.85
RESIDENT,15.24,16.13,20.58,10.49,4,5,6,7,15.61,-1.58,6.41
RESIDENT,20.03,24.94,22.11,27.38,4,5,6,7,23.61,2.45,28.16
RESIDENT,39.05,39.46,40.89,40.89,2,3,4,5,40.07,0.61,43.04
RESIDENT,16.03,20.9,19.85,21.43,2,3,4,5,19.55,1.8,27.63
RESIDENT,5.11,14.42,6.01,7.95,9,10,11,12,8.37,0.95,16.44
FACTORY,1840.98,1783.56,1720.21,1575.82,8,9,10,11,1730.14,-88.39,2074.27
RESIDENT,34.67,29.91,22.1,32.05,7,8,9,10,29.68,-0.87,27.73
FACTORY,1541.37,1461.91,1506.42,1441.65,8,9,10,11,1487.84,-33.24,1497.34
FACTORY,1640.77,1838.84,1778.41,1701.98,8,9,10,11,1740.0,20.4,1881.65
RESIDENT,6.79,10.22,6.18,1.3,6,7,8,9,6.12,-1.83,4.89
RESIDENT,28.27,25.05,28.93,31.34,3,4,5,6,28.4,1.02,19.39
RESIDENT,17.02,9.51,6.99,6.89,8,9,10,11,10.1,-3.38,13.53
RESIDENT,34.72,31.87,31.58,30.25,4,5,6,7,32.11,-1.49,28.5
PUBLIC_SERVICE,44.37,25.17,47.24,47.31,1,2,3,4,41.02,0.98,47.86
ORGANIZATION,238.34,256.22,262.07,225.81,4,5,6,7,245.61,-4.18,243.3
PUBLIC_SERVICE,116.09,137.05,118.24,103.66,3,4,5,6,118.76,-4.14,129.58
GOVERNMENT,221.79,173.79,192.5,195.18,8,9,10,11,195.81,-8.87,166.56
RESIDENT,29.13,28.93,35.62,41.68,1,2,3,4,33.84,4.18,43.11
ORGANIZATION,88.77,144.54,83.24,79.23,4,5,6,7,98.95,-3.18,97.28
RESIDENT,18.17,18.17,20.45,23.21,12,1,2,3,20.0,1.68,29.23
ORGANIZATION,43.62,35.38,47.88,57.21,11,12,1,2,46.02,4.53,62.43
RESIDENT,24.04,18.83,37.04,27.32,1,2,3,4,26.81,1.09,31.18
RESIDENT,13.04,7.37,19.98,23.21,12,1,2,3,15.9,3.39,21.63
PUBLIC_SERVICE,19.18,30.2,21.89,26.15,10,11,12,1,24.35,2.32,49.12
ORGANIZATION,87.46,86.45,90.7,175.16,10,11,12,1,109.94,29.23,150.17
RESIDENT,4.68,3.97,3.64,2.71,11,12,1,2,3.75,-0.66,6.76
RESIDENT,21.88,19.56,15.12,15.96,8,9,10,11,18.13,-1.97,19.64
RESIDENT,19.53,16.09,12.4,16.45,8,9,10,11,16.12,-1.03,15.28
PUBLIC_SERVICE,115.72,104.25,112.96,139.27,12,1,2,3,118.05,7.85,133.27
PUBLIC_SERVICE,53.53,66.81,76.81,72.81,11,12,1,2,67.49,6.43,89.57
FACTORY,1291.14,1271.87,1157.17,1222.97,7,8,9,10,1235.79,-22.72,1103.51
RESIDENT,25.36,20.83,26.89,27.28,10,11,12,1,25.09,0.64,32.17
PUBLIC_SERVICE,91.23,79.93,76.22,75.56,7,8,9,10,80.74,-5.22,93.63
GOVERNMENT,545.04,498.93,516.46,541.3,1,2,3,4,525.43,-1.25,731.86
RESIDENT,13.31,15.0,14.19,17.29,3,4,5,6,14.95,1.33,19.34
GOVERNMENT,183.69,189.54,172.7,175.38,7,8,9,10,180.33,-2.77,171.19
PUBLIC_SERVICE,57.41,82.28,76.14,94.29,12,1,2,3,77.53,12.29,90.34
RESIDENT,37.82,39.37,41.86,41.82,2,3,4,5,40.22,1.33,57.85
GOVERNMENT,290.92,283.14,367.7,235.41,6,7,8,9,294.29,-18.5,192.45
RESIDENT,40.16,30.75,33.57,28.65,7,8,9,10,33.28,-3.84,30.99
GOVERNMENT,414.42,311.41,326.54,342.45,9,10,11,12,348.71,-23.99,402.62
FACTORY,1783.18,1687.49,1845.98,1608.72,7,8,9,10,1731.34,-58.15,1584.29
RESIDENT,5.7,17.35,6.11,9.93,11,12,1,2,9.77,1.41,9.58
RESIDENT,15.62,8.41,11.5,11.94,8,9,10,11,11.87,-1.23,5.27
PUBLIC_SERVICE,131.37,135.45,196.5,162.77,12,1,2,3,156.52,10.47,170.96
RESIDENT,30.34,24.85,30.07,23.73,6,7,8,9,27.25,-2.2,21.54
FACTORY,1773.24,1831.4,1678.39,1598.86,5,6,7,8,1720.47,-58.13,1530.03
FACTORY,1287.79,1179.88,1334.15,1418.72,2,3,4,5,1305.13,43.64,1380.43
GOVERNMENT,524.58,460.49,540.02,452.36,4,5,6,7,494.36,-24.07,414.21
RESIDENT,30.55,32.38,31.46,38.83,1,2,3,4,33.31,2.76,40.75
ORGANIZATION,90.78,109.51,107.1,122.82,11,12,1,2,107.55,10.68,140.36
RESIDENT,21.72,25.86,30.12,32.38,2,3,4,5,27.52,3.55,27.81
RESIDENT,20.32,21.95,18.56,22.29,8,9,10,11,20.78,0.66,20.56
ORGANIZATION,196.27,187.17,195.07,181.95,6,7,8,9,190.12,-4.77,159.93
ORGANIZATION,120.45,182.04,94.31,109.89,10,11,12,1,126.67,-3.52,138.09
PUBLIC_SERVICE,163.77,159.7,165.24,170.38,5,6,7,8,164.77,2.2,159.59
ORGANIZATION,91.77,94.29,99.76,106.47,4,5,6,7,98.07,4.9,70.88
PUBLIC_SERVICE,21.58,14.48,19.88,7.62,8,9,10,11,15.89,-4.65,5.99
RESIDENT,15.0,11.64,11.77,19.87,10,11,12,1,14.57,1.62,20.35
RESIDENT,5.36,4.94,7.63,16.37,10,11,12,1,8.57,3.67,13.67
RESIDENT,28.04,32.9,40.37,39.34,2,3,4,5,35.16,3.77,36.95
FACTORY,1011.09,851.18,1054.17,1029.23,7,8,9,10,986.42,6.05,955.33
RESIDENT,24.21,20.49,17.06,22.82,2,3,4,5,21.15,-0.46,25.13
FACTORY,1593.6,1784.03,1608.36,1732.62,12,1,2,3,1679.65,46.34,1719.23
RESIDENT,13.16,14.33,13.16,10.11,4,5,6,7,12.69,-1.02,7.0
FACTORY,787.16,951.35,853.2,923.93,4,5,6,7,878.91,45.59,750.99
FACTORY,1046.63,1342.06,1064.23,1244.95,8,9,10,11,1174.47,66.11,1206.82
RESIDENT,20.4,23.58,24.14,23.38,3,4,5,6,22.88,0.99,21.7
RESIDENT,16.97,16.24,18.69,13.71,4,5,6,7,16.4,-1.09,14.03
FACTORY,1182.59,1214.19,1163.1,1166.49,9,10,11,12,1181.59,-5.37,1392.52
PUBLIC_SERVICE,104.4,145.37,125.57,73.14,6,7,8,9,112.12,-10.42,110.01
PUBLIC_SERVICE,117.89,126.65,129.18,128.47,3,4,5,6,125.55,3.53,120.16
RESIDENT,30.23,30.99,28.18,26.86,7,8,9,10,29.07,-1.12,17.98
RESIDENT,27.68,22.78,32.64,28.51,10,11,12,1,27.9,0.28,35.51
RESIDENT,14.17,7.68,4.92,4.3,8,9,10,11,7.77,-3.29,9.91
RESIDENT,13.61,16.48,4.73,8.66,8,9,10,11,10.87,-1.65,10.41
RESIDENT,30.93,28.98,25.06,20.76,6,7,8,9,26.43,-3.39,22.07
GOVERNMENT,370.57,382.22,380.29,360.35,4,5,6,7,373.36,-3.41,353.58
RESIDENT,5.74,21.56,14.81,20.63,12,1,2,3,15.68,4.96,21.38
GOVERNMENT,125.75,89.1,142.67,122.13,12,1,2,3,119.91,-1.21,191.17
RESIDENT,16.97,16.11,24.29,20.42,1,2,3,4,19.45,1.15,21.99
RESIDENT,8.41,0.5,10.81,8.8,10,11,12,1,7.13,0.13,14.55
RESIDENT,25.32,19.8,18.6,21.26,9,10,11,12,21.25,-1.35,25.16
FACTORY,641.68,393.77,491.03,642.64,8,9,10,11,542.28,0.32,445.45
RESIDENT,7.55,16.6,15.25,16.23,12,1,2,3,13.91,2.89,16.56
RESIDENT,13.14,12.57,13.56,12.21,8,9,10,11,12.87,-0.31,13.0
RESIDENT,23.74,20.5,30.36,28.27,12,1,2,3,25.72,1.51,30.95
RESIDENT,19.03,20.6,20.28,15.31,8,9,10,11,18.8,-1.24,15.8
PUBLIC_SERVICE,105.95,126.58,109.27,119.29,4,5,6,7,115.27,4.45,101.0
GOVERNMENT,203.4,204.53,200.0,170.8,7,8,9,10,194.68,-10.87,93.25
ORGANIZATION,140.38,163.74,170.51,153.16,2,3,4,5,156.95,4.26,174.63
RESIDENT,36.55,31.4,34.01,41.71,11,12,1,2,35.92,1.72,38.41
RESIDENT,5.55,11.52,14.78,13.56,1,2,3,4,11.35,2.67,13.47
RESIDENT,47.9,31.09,39.8,26.85,5,6,7,8,36.41,-7.02,16.5
GOVERNMENT,119.37,110.78,94.16,74.91,5,6,7,8,99.81,-14.82,89.16
RESIDENT,31.66,20.72,21.32,24.23,8,9,10,11,24.48,-2.48,23.25
ORGANIZATION,79.93,95.2,54.37,63.02,7,8,9,10,73.13,-5.64,67.35
RESIDENT,15.11,16.0,25.13,13.21,3,4,5,6,17.36,-0.63,9.11
RESIDENT,15.32,15.61,26.6,19.4,2,3,4,5,19.23,1.36,20.54
RESIDENT,26.73,35.14,24.04,27.7,7,8,9,10,28.4,0.32,23.23
RESIDENT,19.91,20.89,17.99,15.62,8,9,10,11,18.6,-1.43,21.47
RESIDENT,15.67,26.47,17.83,20.61,3,4,5,6,20.14,1.65,15.3
ORGANIZATION,186.98,153.13,213.79,199.5,1,2,3,4,188.35,4.17,221.7
RESIDENT,2.84,5.98,11.35,4.17,11,12,1,2,6.09,0.44,10.88
RESIDENT,26.53,26.22,25.15,19.9,7,8,9,10,24.45,-2.21,24.17
RESIDENT,14.81,13.83,10.59,15.79,10,11,12,1,13.76,0.33,23.23
GOVERNMENT,301.53,425.71,416.59,452.94,11,12,1,2,399.19,50.47,454.44
RESIDENT,8.62,14.0,10.3,14.74,10,11,12,1,11.92,2.04,30.77
GOVERNMENT,249.3,281.38,284.31,296.08,12,1,2,3,277.77,15.59,332.64
RESIDENT,12.01,19.12,17.73,18.85,1,2,3,4,16.93,2.28,20.49
RESIDENT,13.29,24.36,24.41,24.63,1,2,3,4,21.67,3.78,24.75
RESIDENT,34.17,33.23,27.13,23.13,7,8,9,10,29.41,-3.68,20.83
RESIDENT,33.95,30.36,30.47,22.43,5,6,7,8,29.3,-3.84,42.84
PUBLIC_SERVICE,38.43,44.91,52.99,48.97,12,1,2,3,46.33,3.51,77.58
PUBLIC_SERVICE,99.6,88.06,79.04,66.45,5,6,7,8,83.29,-11.05,84.19
RESIDENT,3.57,7.92,4.83,8.11,11,12,1,2,6.11,1.51,15.06
RESIDENT,19.16,22.19,26.53,27.89,3,4,5,6,23.94,2.91,23.21
RESIDENT,13.53,16.76,19.65,20.0,12,1,2,3,17.48,2.16,22.79
RESIDENT,35.38,32.66,29.37,29.27,7,8,9,10,31.67,-2.04,34.88
RESIDENT,18.69,25.47,16.48,15.67,2,3,4,5,19.08,-1.01,26.19
RESIDENT,20.75,16.44,19.95,21.14,10,11,12,1,19.57,0.13,28.03
PUBLIC_SERVICE,37.25,52.45,30.32,40.8,6,7,8,9,40.2,1.18,32.51
RESIDENT,20.73,40.15,29.1,25.19,10,11,12,1,28.79,1.49,25.83
ORGANIZATION,83.71,115.05,78.97,83.57,2,3,4,5,90.33,-0.05,53.36
ORGANIZATION,155.08,135.58,89.76,146.38,7,8,9,10,131.7,-2.9,102.92
RESIDENT,33.31,30.2,29.95,31.37,8,9,10,11,31.21,-0.65,31.43
RESIDENT,27.58,29.0,36.22,34.69,3,4,5,6,31.87,2.37,26.63
RESIDENT,26.01,30.58,28.78,34.46,11,12,1,2,29.96,2.82,35.2
FACTORY,819.35,993.18,1453.88,930.18,3,4,5,6,1049.15,36.94,979.14
FACTORY,1747.06,1766.86,1677.78,1684.96,8,9,10,11,1719.16,-20.7,1675.18
RESIDENT,30.15,28.63,24.17,25.58,9,10,11,12,27.13,-1.52,31.88
RESIDENT,41.86,41.82,57.85,40.25,4,5,6,7,45.45,-0.54,41.97
RESIDENT,25.99,26.65,27.77,24.89,6,7,8,9,26.32,-0.37,25.26
PUBLIC_SERVICE,99.37,92.83,83.76,73.03,8,9,10,11,87.25,-8.78,99.29
ORGANIZATION,76.6,105.1,95.87,93.21,11,12,1,2,92.69,5.54,125.37
ORGANIZATION,138.46,102.23,139.01,112.93,5,6,7,8,123.16,-8.51,118.47
ORGANIZATION,130.68,106.15,116.54,84.89,4,5,6,7,109.56,-15.26,94.2
ORGANIZATION,65.75,52.0,51.49,44.98,7,8,9,10,53.55,-6.92,43.03
RESIDENT,23.34,29.16,27.75,29.43,3,4,5,6,27.42,2.03,21.45
PUBLIC_SERVICE,147.99,141.11,145.06,139.23,7,8,9,10,143.35,-2.92,122.53
RESIDENT,29.18,31.15,27.72,35.52,11,12,1,2,30.89,2.11,35.65
RESIDENT,5.46,2.66,11.59,13.67,3,4,5,6,8.35,2.74,7.14
RESIDENT,18.58,15.74,13.24,14.08,6,7,8,9,15.41,-1.5,11.32
PUBLIC_SERVICE,40.8,32.51,31.5,40.31,9,10,11,12,36.28,-0.16,43.52
PUBLIC_SERVICE,104.23,97.94,117.59,100.95,9,10,11,12,105.18,-1.09,92.64
GOVERNMENT,202.04,216.54,258.51,240.51,4,5,6,7,229.4,12.82,236.4
RESIDENT,16.0,15.27,16.59,24.71,11,12,1,2,18.14,2.9,21.09
RESIDENT,26.38,24.79,32.98,23.09,4,5,6,7,26.81,-1.1,26.47
GOVERNMENT,295.05,300.79,299.31,221.0,6,7,8,9,279.04,-24.68,271.16
RESIDENT,16.44,19.2,13.42,14.96,9,10,11,12,16.01,-0.49,19.29
RESIDENT,19.72,22.25,20.14,25.23,11,12,1,2,21.84,1.84,28.57
RESIDENT,27.25,35.02,24.32,21.66,7,8,9,10,27.06,-1.86,24.48
RESIDENT,8.77,11.55,11.62,14.11,3,4,5,6,11.51,1.78,11.41
FACTORY,1567.53,1446.19,1714.73,1752.31,10,11,12,1,1620.19,61.59,1917.33
RESIDENT,1.72,4.08,0.5,8.73,9,10,11,12,3.76,2.34,2.92
RESIDENT,16.49,9.09,10.47,10.24,6,7,8,9,11.57,-2.08,2.51
RESIDENT,11.56,16.04,6.65,18.67,11,12,1,2,13.23,2.37,22.68
RESIDENT,36.6,36.16,50.95,36.31,3,4,5,6,40.0,-0.1,37.45
RESIDENT,14.39,14.16,15.23,24.41,11,12,1,2,17.05,3.34,23.82
RESIDENT,32.58,36.89,31.45,32.54,4,5,6,7,33.37,-0.01,27.54
PUBLIC_SERVICE,110.07,122.1,132.64,144.09,5,6,7,8,127.22,11.34,133.42
ORGANIZATION,77.32,91.19,77.27,85.4,6,7,8,9,82.79,2.69,60.27
RESIDENT,27.94,24.75,29.03,33.24,6,7,8,9,28.74,1.77,17.46
ORGANIZATION,83.62,112.77,131.76,68.3,4,5,6,7,99.11,-5.11,96.71
RESIDENT,11.18,7.02,3.36,4.67,6,7,8,9,6.56,-2.17,6.35
PUBLIC_SERVICE,87.17,93.26,89.09,102.4,10,11,12,1,92.98,5.08,83.41
RESIDENT,6.84,5.97,10.8,7.7,1,2,3,4,7.83,0.29,15.51
FACTORY,398.01,407.32,362.99,369.27,8,9,10,11,384.4,-9.58,366.1
RESIDENT,7.74,4.16,5.4,7.54,9,10,11,12,6.21,-0.07,9.04
RESIDENT,36.28,41.28,36.9,35.19,6,7,8,9,37.41,-0.36,33.71
FACTORY,1231.03,1031.15,1007.55,790.64,6,7,8,9,1015.09,-146.8,977.4
RESIDENT,12.55,16.44,19.9,11.14,1,2,3,4,15.01,-0.47,13.94
FACTORY,1773.01,1783.18,1687.49,1845.98,6,7,8,9,1772.41,24.32,1608.72
FACTORY,1600.89,1779.85,1931.09,2091.35,12,1,2,3,1850.8,163.49,2130.74
GOVERNMENT,183.67,215.51,190.59,181.94,8,9,10,11,192.93,-0.58,180.14
PUBLIC_SERVICE,51.56,42.77,47.18,38.89,8,9,10,11,45.1,-4.22,40.76
GOVERNMENT,269.98,275.1,187.95,163.99,9,10,11,12,224.25,-35.33,219.96
RESIDENT,29.07,26.98,28.54,22.83,6,7,8,9,26.86,-2.08,35.09
RESIDENT,15.91,12.71,7.89,9.04,6,7,8,9,11.39,-2.29,7.89
RESIDENT,25.13,27.2,30.08,26.37,10,11,12,1,27.2,0.41,28.67
RESIDENT,12.24,9.37,11.01,6.91,9,10,11,12,9.88,-1.78,10.17
RESIDENT,27.58,24.53,25.99,25.13,9,10,11,12,25.81,-0.82,23.62
ORGANIZATION,87.72,149.65,123.52,119.13,11,12,1,2,120.0,10.47,131.36
RESIDENT,16.9,16.83,9.95,11.51,5,6,7,8,13.8,-1.8,0.5
RESIDENT,18.13,13.54,16.62,12.04,6,7,8,9,15.08,-2.03,8.09
PUBLIC_SERVICE,65.51,63.94,48.19,41.9,7,8,9,10,54.88,-7.87,40.52
RESIDENT,19.1,25.79,27.42,25.63,3,4,5,6,24.48,2.18,21.89
FACTORY,1025.09,1228.21,1306.98,1412.33,1,2,3,4,1243.15,129.08,1344.32
RESIDENT,30.82,31.54,27.9,27.99,4,5,6,7,29.56,-0.94,27.4
ORGANIZATION,115.21,123.13,129.63,121.95,2,3,4,5,122.48,2.25,123.79
PUBLIC_SERVICE,19.55,43.95,35.67,56.72,1,2,3,4,38.97,12.39,51.3
RESIDENT,16.02,18.88,16.72,16.72,9,10,11,12,17.09,0.23,17.86
RESIDENT,31.58,30.27,42.3,32.55,12,1,2,3,34.17,0.32,32.52
RESIDENT,19.45,14.27,12.5,10.01,8,9,10,11,14.06,-3.15,11.18
RESIDENT,7.63,9.79,14.86,14.75,12,1,2,3,11.76,2.37,19.87
RESIDENT,35.41,25.8,23.28,17.1,7,8,9,10,25.4,-6.1,23.58
RESIDENT,18.84,21.71,27.88,27.69,1,2,3,4,24.03,2.95,22.24
RESIDENT,25.27,26.11,24.84,24.65,1,2,3,4,25.22,-0.21,30.15
GOVERNMENT,312.27,541.6,570.94,347.72,2,3,4,5,443.13,11.82,429.91
RESIDENT,23.24,25.57,30.21,26.86,4,5,6,7,26.47,1.21,19.94
RESIDENT,29.1,24.58,38.26,28.71,5,6,7,8,30.16,-0.13,23.77
RESIDENT,16.75,17.95,16.66,22.14,10,11,12,1,18.38,1.8,24.65
PUBLIC_SERVICE,34.42,41.66,56.1,55.71,1,2,3,4,46.97,7.1,77.92
FACTORY,1474.43,1573.19,1616.7,1337.03,7,8,9,10,1500.34,-45.8,1464.14
RESIDENT,23.77,18.03,15.82,22.18,4,5,6,7,19.95,-0.53,11.49
RESIDENT,13.28,16.23,15.1,22.24,10,11,12,1,16.71,2.99,22.58
RESIDENT,31.09,35.74,28.96,26.19,7,8,9,10,30.49,-1.63,22.58
RESIDENT,8.73,14.71,14.89,18.47,12,1,2,3,14.2,3.25,24.81
GOVERNMENT,349.82,267.15,280.88,289.59,6,7,8,9,296.86,-20.08,200.86
RESIDENT,28.78,33.06,31.1,32.5,9,10,11,12,31.36,1.24,34.33
RESIDENT,13.41,19.96,17.74,13.33,4,5,6,7,16.11,-0.03,9.45
RESIDENT,22.09,21.9,19.08,36.02,9,10,11,12,24.77,4.64,20.9
RESIDENT,18.64,16.5,18.56,13.64,10,11,12,1,16.84,-1.67,18.93
FACTORY,523.99,471.1,549.09,429.82,10,11,12,1,493.5,-31.39,640.73
RESIDENT,5.87,4.78,5.26,12.41,12,1,2,3,7.08,2.18,6.82
RESIDENT,3.46,3.82,8.55,8.87,12,1,2,3,6.17,1.8,7.98
RESIDENT,30.28,29.35,34.02,31.66,4,5,6,7,31.33,0.46,28.04
RESIDENT,11.89,15.0,11.64,11.77,9,10,11,12,12.57,-0.04,19.87
RESIDENT,11.56,3.18,9.88,1.8,8,9,10,11,6.61,-3.25,2.01
GOVERNMENT,90.71,80.3,99.85,145.2,10,11,12,1,104.02,18.16,144.78
RESIDENT,4.7,10.31,11.56,14.96,12,1,2,3,10.38,3.42,15.51
RESIDENT,24.3,26.85,34.81,33.5,12,1,2,3,29.87,3.07,32.85
GOVERNMENT,262.71,258.96,243.52,305.92,2,3,4,5,267.78,14.4,329.8
FACTORY,1775.12,1635.12,1425.33,1581.41,11,12,1,2,1604.24,-64.57,1797.28
RESIDENT,38.32,27.84,39.48,40.76,2,3,4,5,36.6,0.81,26.63
RESIDENT,12.67,11.3,15.55,8.42,4,5,6,7,11.98,-1.42,12.4
RESIDENT,16.9,8.79,5.95,3.29,6,7,8,9,8.73,-4.54,3.08
FACTORY,632.56,447.69,401.78,285.0,9,10,11,12,441.76,-115.85,673.84
RESIDENT,7.85,8.48,11.24,14.34,11,12,1,2,10.48,2.16,12.54
FACTORY,1252.49,1104.47,825.92,903.44,7,8,9,10,1021.58,-116.35,1020.88
RESIDENT,41.16,41.1,37.12,37.84,5,6,7,8,39.3,-1.11,33.64
RESIDENT,33.47,33.41,32.81,37.25,4,5,6,7,34.23,1.26,30.54
RESIDENT,8.7,17.05,18.8,21.22,12,1,2,3,16.44,4.17,15.21
RESIDENT,15.83,17.43,27.89,23.77,2,3,4,5,21.23,2.65,19.74
RESIDENT,15.68,16.15,14.24,13.45,11,12,1,2,14.88,-0.74,22.79
RESIDENT,31.29,27.09,23.06,23.39,5,6,7,8,26.21,-2.63,20.69
RESIDENT,27.4,30.72,27.29,32.98,2,3,4,5,29.6,1.86,28.73
RESIDENT,17.93,12.05,14.67,3.55,6,7,8,9,12.05,-4.79,5.17
RESIDENT,12.21,5.54,6.83,9.27,8,9,10,11,8.46,-0.98,7.42
RESIDENT,16.14,15.39,18.86,15.05,2,3,4,5,16.36,-0.36,16.82
GOVERNMENT,494.6,478.65,466.81,489.09,4,5,6,7,482.29,-1.84,443.73
RESIDENT,6.36,5.52,4.61,2.44,9,10,11,12,4.73,-1.31,9.92
GOVERNMENT,404.96,368.55,363.88,367.4,6,7,8,9,376.2,-12.52,534.4
GOVERNMENT,370.66,311.67,292.42,278.1,8,9,10,11,313.21,-30.85,355.81
RESIDENT,21.49,21.71,16.15,16.25,9,10,11,12,18.9,-1.75,24.91
RESIDENT,12.87,14.13,17.64,17.17,11,12,1,2,15.45,1.43,36.63
RESIDENT,29.19,24.39,10.05,13.8,8,9,10,11,19.36,-5.13,10.5
RESIDENT,26.75,23.72,24.57,31.1,9,10,11,12,26.53,1.45,25.03
ORGANIZATION,50.92,72.11,59.43,83.13,10,11,12,1,66.4,10.74,93.59
RESIDENT,8.32,13.46,6.05,5.41,6,7,8,9,8.31,-0.97,0.55
RESIDENT,11.93,14.85,11.63,10.32,9,10,11,12,12.18,-0.54,11.18
ORGANIZATION,167.09,159.89,155.31,179.31,2,3,4,5,165.4,4.07,163.74
RESIDENT,18.89,16.07,24.83,25.81,11,12,1,2,21.4,2.31,24.44
RESIDENT,10.56,4.54,1.86,1.9,7,8,9,10,4.71,-2.89,1.21
ORGANIZATION,100.36,134.12,90.78,109.51,9,10,11,12,108.69,3.05,107.1
RESIDENT,6.2,12.15,11.42,7.3,3,4,5,6,9.27,0.37,10.45
GOVERNMENT,319.1,285.14,221.36,278.63,7,8,9,10,276.06,-13.49,275.52
GOVERNMENT,342.05,527.23,304.12,395.67,2,3,4,5,392.27,17.87,302.01
ORGANIZATION,68.28,88.25,84.36,112.6,11,12,1,2,88.37,14.77,93.62
RESIDENT,7.16,9.24,2.79,0.5,8,9,10,11,4.92,-2.22,3.19
RESIDENT,8.09,11.84,13.44,13.32,3,4,5,6,11.67,1.74,8.92
RESIDENT,30.51,31.81,37.47,35.06,11,12,1,2,33.71,1.52,38.21
ORGANIZATION,102.19,90.83,94.19,75.42,7,8,9,10,90.66,-8.92,95.29
RESIDENT,20.55,22.52,22.58,20.28,6,7,8,9,21.48,-0.09,14.28
FACTORY,516.58,796.83,440.41,488.71,8,9,10,11,560.63,-9.29,700.8
GOVERNMENT,211.98,205.88,186.63,185.28,7,8,9,10,197.44,-8.9,262.23
RESIDENT,3.21,6.81,7.81,10.75,12,1,2,3,7.14,2.51,15.93
PUBLIC_SERVICE,55.67,63.15,39.01,24.33,5,6,7,8,45.54,-10.45,43.67
ORGANIZATION,94.89,88.77,144.54,83.24,3,4,5,6,102.86,-3.88,79.23
RESIDENT,8.41,11.5,11.94,5.27,9,10,11,12,9.28,-1.05,8.78
GOVERNMENT,298.78,243.27,265.12,300.05,5,6,7,8,276.81,0.42,235.44
FACTORY,1091.45,988.17,999.94,1551.05,6,7,8,9,1157.65,153.2,809.47
RESIDENT,25.6,20.73,18.62,36.04,8,9,10,11,25.25,3.48,19.72
RESIDENT,19.73,18.32,17.25,19.18,2,3,4,5,18.62,-0.18,19.8
PUBLIC_SERVICE,99.51,101.79,123.6,118.22,12,1,2,3,110.78,6.24,164.41
RESIDENT,12.14,5.7,6.32,6.44,6,7,8,9,7.65,-1.9,0.69
ORGANIZATION,263.06,209.07,194.97,178.27,2,3,4,5,211.34,-28.26,210.3
RESIDENT,15.36,16.35,15.69,25.31,3,4,5,6,18.18,3.32,17.19
RESIDENT,48.76,28.04,32.9,40.37,1,2,3,4,37.52,-2.8,39.34
RESIDENT,14.23,22.12,14.61,22.32,11,12,1,2,18.32,2.7,25.31
ORGANIZATION,135.51,169.59,178.43,181.19,11,12,1,2,166.18,15.23,187.42
FACTORY,1411.84,1422.4,1558.11,1725.37,11,12,1,2,1529.43,104.51,1765.63
RESIDENT,21.3,21.78,18.22,18.99,6,7,8,9,20.07,-0.77,24.79
RESIDENT,10.57,13.58,8.58,15.63,12,1,2,3,12.09,1.69,18.03
ORGANIZATION,198.09,127.57,141.47,107.68,3,4,5,6,143.7,-30.14,107.13
RESIDENT,15.9,14.81,18.42,11.25,5,6,7,8,15.1,-1.55,13.96
GOVERNMENT,493.0,465.25,418.1,413.96,6,7,8,9,447.58,-26.35,342.43
RESIDENT,28.69,31.26,25.67,23.77,5,6,7,8,27.35,-1.64,24.74
RESIDENT,2.77,2.92,7.53,8.0,11,12,1,2,5.3,1.74,14.64
RESIDENT,6.52,14.48,5.13,4.18,7,8,9,10,7.58,-0.78,10.59
FACTORY,1456.34,1540.14,1701.88,1590.3,1,2,3,4,1572.17,44.65,1738.18
RESIDENT,12.82,5.56,7.04,7.97,8,9,10,11,8.35,-1.62,12.67
RESIDENT,12.95,13.9,19.3,25.13,1,2,3,4,17.82,4.06,18.9
FACTORY,702.73,873.61,803.41,1021.93,1,2,3,4,850.42,106.4,951.12
ORGANIZATION,166.51,190.94,214.6,208.74,2,3,4,5,195.2,14.08,204.96
RESIDENT,10.85,10.69,8.9,2.78,5,6,7,8,8.3,-2.69,0.5
PUBLIC_SERVICE,66.71,57.41,82.28,76.14,11,12,1,2,70.63,3.14,94.29
RESIDENT,9.53,17.68,16.05,13.59,2,3,4,5,14.21,1.35,16.68
RESIDENT,20.7,28.46,23.62,18.3,4,5,6,7,22.77,-0.8,19.24
RESIDENT,8.74,14.23,18.16,26.5,11,12,1,2,16.91,5.92,20.84
FACTORY,1638.85,1758.05,1483.61,1593.49,4,5,6,7,1618.5,-15.12,1661.48
RESIDENT,24.04,27.7,23.23,24.18,9,10,11,12,24.79,0.05,29.34
RESIDENT,43.63,44.35,41.07,45.54,4,5,6,7,43.65,0.64,38.68
RESIDENT,12.51,11.46,14.57,16.32,12,1,2,3,13.71,1.27,26.83
ORGANIZATION,189.07,270.03,154.63,162.1,7,8,9,10,193.96,-8.99,200.8
RESIDENT,23.48,31.99,32.65,31.02,11,12,1,2,29.79,2.51,58.77
ORGANIZATION,102.12,93.08,83.44,81.85,5,6,7,8,90.12,-6.76,59.47
PUBLIC_SERVICE,150.18,147.81,144.8,149.71,2,3,4,5,148.12,-0.16,140.79
RESIDENT,0.5,6.72,9.39,9.49,1,2,3,4,6.53,3.0,10.26
RESIDENT,9.56,16.31,11.73,18.39,12,1,2,3,14.0,2.94,15.28
RESIDENT,26.72,29.82,24.9,19.22,6,7,8,9,25.16,-2.5,19.73
RESIDENT,30.68,24.75,27.17,28.87,2,3,4,5,27.87,-0.6,29.61
RESIDENT,23.24,24.81,31.27,26.02,1,2,3,4,26.33,0.93,28.13
RESIDENT,6.29,1.88,0.5,5.69,9,10,11,12,3.59,-0.2,3.34
GOVERNMENT,433.08,383.43,389.43,400.09,7,8,9,10,401.51,-11.0,343.12
RESIDENT,31.39,31.71,39.68,37.0,2,3,4,5,34.95,1.87,39.75
RESIDENT,18.09,36.98,28.52,26.33,2,3,4,5,27.48,2.75,23.19
FACTORY,1253.04,1322.58,1572.02,1562.5,11,12,1,2,1427.53,103.15,1829.66
PUBLIC_SERVICE,48.74,73.85,77.28,65.89,12,1,2,3,66.44,5.72,60.49
PUBLIC_SERVICE,78.29,52.89,54.87,32.83,6,7,8,9,54.72,-15.15,22.64
RESIDENT,7.29,8.58,5.16,10.75,2,3,4,5,7.95,1.15,12.85
GOVERNMENT,528.36,588.26,492.18,502.54,6,7,8,9,527.84,-8.61,490.78
RESIDENT,24.37,27.3,26.57,27.81,2,3,4,5,26.51,1.15,32.66
RESIDENT,31.93,26.59,32.33,24.45,9,10,11,12,28.82,-2.49,30.52
GOVERNMENT,55.84,128.81,91.17,132.67,12,1,2,3,102.12,25.61,161.31
ORGANIZATION,157.78,142.57,145.34,108.95,6,7,8,9,138.66,-16.28,143.15
RESIDENT,19.46,11.48,11.23,5.58,4,5,6,7,11.94,-4.63,11.1
RESIDENT,2.31,5.51,10.69,6.96,10,11,12,1,6.37,1.55,14.64
RESIDENT,20.7,25.32,26.98,29.86,2,3,4,5,25.71,3.05,30.54
RESIDENT,34.28,27.62,24.45,25.15,9,10,11,12,27.88,-3.04,26.62
RESIDENT,39.36,30.4,28.43,26.55,8,9,10,11,31.18,-4.27,28.6
FACTORY,1363.59,1520.86,1479.79,2061.77,6,7,8,9,1606.5,232.73,1314.32
GOVERNMENT,179.08,219.93,193.4,238.06,12,1,2,3,207.62,19.66,217.04
ORGANIZATION,139.39,156.89,133.86,178.36,7,8,9,10,152.12,12.99,113.92
RESIDENT,9.24,2.79,0.5,3.19,9,10,11,12,3.93,-2.02,2.79
RESIDENT,38.65,41.83,40.79,38.28,4,5,6,7,39.89,-0.12,34.07
RESIDENT,15.21,15.78,18.58,22.29,10,11,12,1,17.96,2.36,31.03
PUBLIC_SERVICE,133.81,125.91,101.6,141.04,10,11,12,1,125.59,2.41,133.65
RESIDENT,13.56,15.01,15.83,19.96,2,3,4,5,16.09,2.13,16.96
RESIDENT,21.76,18.89,13.58,17.71,9,10,11,12,17.98,-1.35,12.98
PUBLIC_SERVICE,48.7,61.36,30.87,28.7,7,8,9,10,42.41,-6.67,16.41
RESIDENT,6.2,7.29,8.58,5.16,1,2,3,4,6.81,-0.35,10.75
RESIDENT,17.42,21.02,20.03,30.49,11,12,1,2,22.24,4.36,26.79
PUBLIC_SERVICE,149.98,226.84,158.03,169.34,4,5,6,7,176.05,6.45,147.37
RESIDENT,20.25,20.66,20.96,29.85,10,11,12,1,22.93,3.2,22.05
RESIDENT,7.23,10.36,15.63,18.03,12,1,2,3,12.81,3.6,27.41
FACTORY,1019.08,1166.08,783.44,737.13,6,7,8,9,926.43,-93.98,481.22
PUBLIC_SERVICE,38.54,25.06,32.5,23.1,9,10,11,12,29.8,-5.15,32.39
GOVERNMENT,15.6,55.84,128.81,91.17,11,12,1,2,72.86,25.19,132.67
RESIDENT,29.47,40.65,37.41,38.79,12,1,2,3,36.58,3.11,39.47
RESIDENT,17.34,23.51,29.02,27.64,12,1,2,3,24.38,3.43,30.74
RESIDENT,6.2,11.87,13.08,13.06,12,1,2,3,11.05,2.29,21.31
FACTORY,1898.94,1943.2,1873.5,1626.47,5,6,7,8,1835.53,-90.82,1770.08
RESIDENT,21.3,25.84,24.44,24.46,3,4,5,6,24.01,1.05,26.99
RESIDENT,39.52,27.87,25.67,19.3,8,9,10,11,28.09,-6.74,25.61
PUBLIC_SERVICE,104.27,96.4,91.4,83.86,6,7,8,9,93.98,-6.8,73.46
RESIDENT,34.7,32.91,31.28,38.4,5,6,7,8,34.32,1.23,35.75
RESIDENT,22.92,24.1,24.02,18.64,6,7,8,9,22.42,-1.43,22.9
RESIDENT,17.65,30.01,29.89,34.91,2,3,4,5,28.11,5.75,26.16
RESIDENT,38.32,36.06,32.59,33.69,2,3,4,5,35.16,-1.54,31.51
FACTORY,1195.19,1267.33,1534.66,1432.86,11,12,1,2,1357.51,79.22,1589.66
RESIDENT,25.0,21.26,17.54,12.75,7,8,9,10,19.14,-4.08,16.77
FACTORY,522.04,412.91,161.14,613.77,9,10,11,12,427.47,30.58,477.05
GOVERNMENT,128.62,154.89,210.73,229.82,11,12,1,2,181.01,33.73,298.31
RESIDENT,24.12,26.11,24.4,22.02,3,4,5,6,24.16,-0.7,24.59
RESIDENT,4.3,5.76,5.55,12.06,10,11,12,1,6.92,2.59,13.19
FACTORY,880.59,795.61,799.15,740.82,6,7,8,9,804.04,-46.59,573.1
PUBLIC_SERVICE,91.4,83.86,73.46,126.35,8,9,10,11,93.77,11.65,76.65
RESIDENT,16.42,14.48,18.18,14.53,8,9,10,11,15.9,-0.63,17.08
RESIDENT,7.25,9.61,14.63,6.21,1,2,3,4,9.43,-0.35,17.02
RESIDENT,2.55,3.46,3.82,8.55,11,12,1,2,4.6,2.0,8.87
RESIDENT,7.53,8.0,14.64,7.36,1,2,3,4,9.38,-0.06,10.38
FACTORY,1453.89,1315.07,1506.72,1316.21,5,6,7,8,1397.97,-45.89,1239.51
PUBLIC_SERVICE,86.59,79.8,66.39,80.31,7,8,9,10,78.27,-2.09,65.77
RESIDENT,32.46,33.28,31.26,34.15,4,5,6,7,32.79,0.56,28.87
RESIDENT,32.47,27.15,37.18,30.03,2,3,4,5,31.71,-0.81,25.54
RESIDENT,7.61,5.47,7.19,5.76,11,12,1,2,6.51,-0.62,9.34
PUBLIC_SERVICE,62.43,44.25,68.01,73.35,10,11,12,1,62.01,3.64,88.27
ORGANIZATION,148.46,154.27,181.44,158.12,5,6,7,8,160.57,3.22,146.69
RESIDENT,13.43,8.39,9.23,20.05,1,2,3,4,12.78,2.21,15.03
RESIDENT,17.06,10.95,21.93,19.26,12,1,2,3,17.3,0.73,18.72
GOVERNMENT,228.62,222.66,217.88,186.84,4,5,6,7,214.0,-13.93,225.64
ORGANIZATION,86.45,90.7,175.16,150.17,11,12,1,2,125.62,21.24,95.35
ORGANIZATION,219.27,180.99,190.41,183.43,8,9,10,11,193.52,-11.95,195.8
ORGANIZATION,145.91,126.58,153.48,116.46,2,3,4,5,135.61,-9.82,156.03
GOVERNMENT,310.57,324.04,260.61,248.34,8,9,10,11,285.89,-20.74,256.21
RESIDENT,26.46,28.09,30.51,28.02,10,11,12,1,28.27,0.52,26.32
RESIDENT,28.86,28.79,32.66,35.95,2,3,4,5,31.57,2.36,28.48
RESIDENT,12.71,7.89,9.04,7.89,7,8,9,10,9.38,-1.61,9.61
GOVERNMENT,195.41,196.45,248.38,153.78,6,7,8,9,198.5,-13.88,136.42
RESIDENT,2.13,10.9,6.93,11.36,10,11,12,1,7.83,3.08,10.56
GOVERNMENT,380.29,360.35,353.58,345.51,6,7,8,9,359.93,-11.59,245.0
PUBLIC_SERVICE,116.11,92.33,124.82,97.57,6,7,8,9,107.71,-6.18,116.57
RESIDENT,29.14,25.85,39.88,27.18,8,9,10,11,30.51,-0.65,29.56
GOVERNMENT,201.03,260.36,274.83,297.75,2,3,4,5,258.49,32.24,278.13
PUBLIC_SERVICE,20.72,34.42,41.66,56.1,12,1,2,3,38.23,11.79,55.71
RESIDENT,38.91,58.45,41.36,36.48,4,5,6,7,43.8,-0.81,36.22
ORGANIZATION,134.11,154.65,150.2,130.1,9,10,11,12,142.26,-1.34,137.04
RESIDENT,7.14,3.1,13.6,13.49,1,2,3,4,9.33,2.12,14.64
RESIDENT,24.65,21.8,21.09,21.61,5,6,7,8,22.29,-1.01,15.17
ORGANIZATION,186.45,215.95,206.57,208.98,4,5,6,7,204.49,7.51,167.21
RESIDENT,14.15,9.44,15.52,21.18,10,11,12,1,15.07,2.34,16.98
RESIDENT,26.27,25.88,31.69,26.69,2,3,4,5,27.63,0.14,32.24
FACTORY,1561.62,1564.87,1786.6,1760.97,1,2,3,4,1668.52,66.45,1574.03
RESIDENT,0.5,8.68,5.22,11.2,12,1,2,3,6.4,3.57,15.23
RESIDENT,12.24,12.48,11.95,19.27,10,11,12,1,13.98,2.34,22.76
RESIDENT,33.21,23.42,19.32,22.26,7,8,9,10,24.55,-3.65,14.12
FACTORY,414.5,496.37,371.9,409.23,9,10,11,12,423.0,-1.76,492.12
ORGANIZATION,137.33,141.91,174.89,185.88,11,12,1,2,160.0,16.18,190.2
PUBLIC_SERVICE,65.41,51.56,42.77,47.18,7,8,9,10,51.73,-6.08,38.89
ORGANIZATION,219.52,188.84,219.27,180.99,6,7,8,9,202.16,-12.84,190.41
RESIDENT,0.5,4.62,3.46,0.5,8,9,10,11,2.27,0.0,0.5
RESIDENT,30.49,25.75,20.75,23.2,9,10,11,12,25.05,-2.43,26.63
PUBLIC_SERVICE,102.83,114.01,140.46,114.74,1,2,3,4,118.01,3.97,124.96
RESIDENT,30.56,29.83,24.95,24.03,7,8,9,10,27.34,-2.18,23.98
RESIDENT,0.5,0.5,4.76,13.27,12,1,2,3,4.76,4.26,15.61
RESIDENT,33.31,27.65,23.56,20.62,7,8,9,10,26.29,-4.23,26.56
RESIDENT,22.31,18.64,31.17,31.93,1,2,3,4,26.01,3.21,24.91
RESIDENT,22.61,17.32,19.22,18.8,6,7,8,9,19.49,-1.27,20.1
FACTORY,1670.5,1721.33,1589.76,1878.47,10,11,12,1,1715.02,69.32,1910.62
PUBLIC_SERVICE,95.82,87.89,99.51,101.79,10,11,12,1,96.25,1.99,123.6
RESIDENT,27.28,27.15,29.29,24.13,3,4,5,6,26.96,-1.05,27.9
PUBLIC_SERVICE,142.48,118.99,115.82,106.36,6,7,8,9,120.91,-12.04,114.65
ORGANIZATION,182.48,185.04,172.31,239.23,7,8,9,10,194.76,18.92,160.81
RESIDENT,2.98,2.49,12.01,16.48,1,2,3,4,8.49,4.5,4.88
RESIDENT,8.54,6.32,6.39,0.5,10,11,12,1,5.44,-2.68,11.77
RESIDENT,30.19,27.46,33.47,35.53,1,2,3,4,31.66,1.78,31.68
RESIDENT,29.7,23.38,18.72,18.11,7,8,9,10,22.48,-3.86,21.56
RESIDENT,42.21,34.95,32.73,30.94,6,7,8,9,35.21,-3.76,31.27
PUBLIC_SERVICE,165.24,170.38,159.59,165.41,7,8,9,10,165.16,0.06,149.57
RESIDENT,10.98,11.44,13.55,10.72,3,4,5,6,11.67,-0.09,11.6
RESIDENT,31.06,31.29,30.43,31.63,10,11,12,1,31.1,0.19,43.19
RESIDENT,31.09,34.57,29.02,24.22,5,6,7,8,29.72,-2.29,22.05
RESIDENT,26.42,23.86,19.54,24.94,6,7,8,9,23.69,-0.49,18.42
RESIDENT,6.14,17.26,17.66,18.03,2,3,4,5,14.77,3.96,18.32
RESIDENT,0.5,7.63,4.62,10.01,12,1,2,3,5.69,3.17,16.91
GOVERNMENT,187.08,210.59,184.68,191.47,6,7,8,9,193.46,1.46,132.77
RESIDENT,23.56,20.81,21.09,19.22,8,9,10,11,21.17,-1.45,25.21
PUBLIC_SERVICE,42.54,29.1,17.34,67.53,10,11,12,1,39.13,8.33,47.13
RESIDENT,10.96,10.12,5.2,1.03,7,8,9,10,6.83,-3.31,3.61
RESIDENT,13.0,11.17,15.65,9.05,6,7,8,9,12.22,-1.32,8.45
FACTORY,777.42,849.64,757.89,617.82,10,11,12,1,750.69,-53.2,781.75
RESIDENT,13.59,24.56,13.18,14.85,10,11,12,1,16.54,0.42,18.54
GOVERNMENT,227.62,351.84,244.86,214.62,1,2,3,4,259.74,-4.33,256.11
RESIDENT,26.02,28.13,28.54,26.37,4,5,6,7,27.27,0.12,29.08
RESIDENT,40.42,38.31,42.76,39.82,4,5,6,7,40.33,-0.2,35.96
RESIDENT,7.3,9.84,8.12,13.63,4,5,6,7,9.72,2.11,5.38
RESIDENT,21.96,18.63,21.69,24.06,9,10,11,12,21.59,0.7,19.25
RESIDENT,33.33,36.82,28.66,31.73,5,6,7,8,32.63,-0.53,27.42
RESIDENT,31.57,30.72,30.69,31.28,8,9,10,11,31.07,-0.1,29.49
PUBLIC_SERVICE,78.35,68.87,96.98,90.17,11,12,1,2,83.59,3.94,91.62
PUBLIC_SERVICE,58.11,62.62,85.41,94.55,2,3,4,5,75.17,12.15,36.09
ORGANIZATION,215.95,206.57,208.98,167.21,5,6,7,8,199.68,-16.25,180.26
GOVERNMENT,188.09,189.27,151.19,192.95,10,11,12,1,180.38,1.62,220.19
ORGANIZATION,196.9,201.46,224.27,198.97,6,7,8,9,205.4,0.69,186.34
RESIDENT,24.21,31.23,29.69,31.83,1,2,3,4,29.24,2.54,33.69
PUBLIC_SERVICE,107.89,121.17,157.57,131.68,2,3,4,5,129.58,7.93,148.83
RESIDENT,19.36,25.96,21.5,29.01,11,12,1,2,23.96,3.22,24.95
RESIDENT,19.57,20.58,26.09,25.46,11,12,1,2,22.92,1.96,33.45
RESIDENT,14.08,11.32,6.41,9.19,9,10,11,12,10.25,-1.63,11.02
RESIDENT,24.5,17.81,17.61,13.11,5,6,7,8,18.26,-3.8,11.83
GOVERNMENT,415.0,401.13,398.35,389.65,8,9,10,11,401.03,-8.45,364.95
ORGANIZATION,174.33,197.86,176.49,225.87,12,1,2,3,193.64,17.18,239.39
FACTORY,434.25,468.06,509.4,722.97,12,1,2,3,533.67,96.24,689.2
RESIDENT,11.11,12.45,13.04,17.99,11,12,1,2,13.65,2.29,15.67
PUBLIC_SERVICE,145.94,135.16,134.86,132.22,7,8,9,10,137.05,-4.57,145.04
GOVERNMENT,155.71,78.32,83.24,67.18,7,8,9,10,96.11,-29.51,61.77
GOVERNMENT,313.35,312.27,541.6,570.94,1,2,3,4,434.54,85.86,347.72
ORGANIZATION,248.61,159.81,256.96,204.62,2,3,4,5,217.5,-14.66,170.14
ORGANIZATION,97.85,95.43,78.65,51.89,6,7,8,9,80.95,-15.32,58.53
PUBLIC_SERVICE,49.46,19.47,40.32,52.01,10,11,12,1,40.31,0.85,48.24
RESIDENT,33.26,41.81,29.03,26.92,7,8,9,10,32.75,-2.11,25.9
RESIDENT,26.69,25.09,28.84,28.48,3,4,5,6,27.28,0.6,25.98
FACTORY,880.89,765.12,1005.51,1016.73,1,2,3,4,917.06,45.28,1221.4
RESIDENT,29.56,31.23,24.14,25.56,8,9,10,11,27.62,-1.33,31.83
RESIDENT,29.38,32.79,31.81,27.11,4,5,6,7,30.27,-0.76,19.04
RESIDENT,36.56,42.07,41.95,38.78,3,4,5,6,39.84,0.74,36.19
FACTORY,491.43,329.59,315.49,609.67,10,11,12,1,436.54,39.41,589.45
ORGANIZATION,166.2,173.82,179.81,184.97,3,4,5,6,176.2,6.26,189.25
RESIDENT,13.05,17.86,19.27,15.84,2,3,4,5,16.5,0.93,16.1
FACTORY,1695.51,1856.42,1730.67,1586.52,4,5,6,7,1717.28,-36.33,1736.04
RESIDENT,7.26,8.47,5.8,5.59,8,9,10,11,6.78,-0.56,6.87
RESIDENT,22.34,24.96,28.95,28.53,1,2,3,4,26.2,2.06,31.56
ORGANIZATION,129.42,104.28,78.29,101.0,10,11,12,1,103.25,-9.47,122.71
GOVERNMENT,264.76,295.49,284.18,291.5,2,3,4,5,283.98,8.91,269.13
RESIDENT,28.58,32.09,20.43,13.85,6,7,8,9,23.74,-4.91,18.54
RESIDENT,18.42,29.21,25.81,31.84,12,1,2,3,26.32,4.47,41.67
RESIDENT,28.41,29.84,30.57,26.91,8,9,10,11,28.93,-0.5,28.36
RESIDENT,11.17,15.69,9.06,18.36,11,12,1,2,13.57,2.4,14.72
GOVERNMENT,193.31,88.61,155.04,126.83,3,4,5,6,140.95,-22.16,153.21
FACTORY,1721.25,1829.63,2026.43,1974.35,1,2,3,4,1887.91,84.37,2030.49
PUBLIC_SERVICE,120.69,114.96,129.7,127.6,3,4,5,6,123.24,2.3,139.06
ORGANIZATION,165.5,173.31,158.95,233.86,2,3,4,5,182.91,22.79,167.46
RESIDENT,15.95,15.91,10.0,10.09,5,6,7,8,12.99,-1.95,9.39
RESIDENT,34.83,37.41,42.81,41.19,5,6,7,8,39.06,2.12,34.66
GOVERNMENT,393.57,369.14,319.66,438.59,10,11,12,1,380.24,15.01,401.24
RESIDENT,25.02,29.19,24.39,10.05,7,8,9,10,22.16,-4.99,13.8
RESIDENT,14.81,11.96,9.46,18.11,10,11,12,1,13.59,1.1,20.54
RESIDENT,31.2,23.07,18.17,22.93,6,7,8,9,23.84,-2.76,20.9
RESIDENT,17.89,18.58,15.55,14.04,6,7,8,9,16.52,-1.28,15.12
ORGANIZATION,115.05,78.97,83.57,53.36,3,4,5,6,82.74,-20.56,67.95
RESIDENT,28.78,39.53,30.05,35.2,6,7,8,9,33.39,2.14,25.5
GOVERNMENT,221.69,265.67,217.74,230.48,3,4,5,6,233.9,2.93,277.25
RESIDENT,16.25,17.34,15.21,17.44,10,11,12,1,16.56,0.4,30.73
FACTORY,1348.65,1342.21,1253.04,1322.58,9,10,11,12,1316.62,-8.69,1572.02
RESIDENT,4.64,2.26,0.5,2.94,9,10,11,12,2.58,-0.57,7.58
FACTORY,954.08,789.54,915.79,704.23,5,6,7,8,840.91,-83.28,469.73
RESIDENT,4.94,3.47,9.21,9.02,1,2,3,4,6.66,1.36,11.13
RESIDENT,23.82,29.09,30.59,15.37,5,6,7,8,24.72,-2.82,20.46
RESIDENT,35.75,40.42,40.33,40.79,2,3,4,5,39.32,1.68,45.31
RESIDENT,24.05,23.26,18.78,27.49,5,6,7,8,23.39,1.15,24.9
RESIDENT,21.51,14.44,15.61,17.86,9,10,11,12,17.36,-1.22,17.13
GOVERNMENT,198.44,227.5,391.63,245.06,10,11,12,1,265.66,15.54,238.11
RESIDENT,22.32,32.03,38.32,36.06,12,1,2,3,32.18,4.58,32.59
RESIDENT,10.17,10.06,5.59,7.63,9,10,11,12,8.36,-0.85,9.79
RESIDENT,25.15,22.12,29.13,23.29,3,4,5,6,24.92,-0.62,24.79
ORGANIZATION,118.62,138.44,121.91,160.55,4,5,6,7,134.88,13.98,120.42
RESIDENT,27.06,29.99,27.94,24.75,4,5,6,7,27.43,-0.77,29.03
RESIDENT,5.9,6.41,3.98,10.88,11,12,1,2,6.79,1.66,11.75
RESIDENT,18.44,13.98,14.77,13.52,5,6,7,8,15.18,-1.64,7.32
RESIDENT,37.84,33.64,32.14,29.12,8,9,10,11,33.19,-2.91,30.85
RESIDENT,12.49,14.7,10.03,8.08,7,8,9,10,11.32,-1.47,8.4
RESIDENT,20.09,15.93,25.73,24.32,11,12,1,2,21.52,1.41,24.22
GOVERNMENT,291.07,352.51,262.26,325.57,3,4,5,6,307.85,11.5,293.83
RESIDENT,8.41,10.56,7.18,10.64,9,10,11,12,9.2,0.74,9.58
FACTORY,776.12,594.21,692.42,660.66,7,8,9,10,680.85,-38.49,636.76
RESIDENT,16.51,18.28,16.6,14.17,5,6,7,8,16.39,-0.78,7.68
RESIDENT,41.52,37.61,29.79,27.53,5,6,7,8,34.11,-4.66,17.93
FACTORY,744.36,1124.52,1059.06,1139.98,12,1,2,3,1016.98,131.87,1093.01
RESIDENT,22.96,27.83,35.91,30.6,10,11,12,1,29.32,2.55,31.36
RESIDENT,11.89,15.95,21.14,8.74,10,11,12,1,14.43,-1.05,16.25
ORGANIZATION,178.45,180.27,167.6,199.5,6,7,8,9,181.46,7.02,183.51
ORGANIZATION,290.62,199.18,189.97,212.06,3,4,5,6,222.96,-26.19,206.79
PUBLIC_SERVICE,123.39,157.01,165.93,221.74,2,3,4,5,167.02,32.78,187.59
RESIDENT,24.02,20.23,24.4,28.69,12,1,2,3,24.34,1.56,26.18
RESIDENT,10.3,15.68,12.49,12.9,5,6,7,8,12.84,0.87,12.69
RESIDENT,32.63,30.38,32.01,28.98,3,4,5,6,31.0,-1.22,44.6
RESIDENT,30.09,28.76,30.86,29.55,8,9,10,11,29.82,-0.18,23.4
GOVERNMENT,540.02,452.36,414.21,432.19,6,7,8,9,459.69,-35.94,446.78
PUBLIC_SERVICE,135.39,123.87,151.07,146.91,2,3,4,5,139.31,3.84,150.98
RESIDENT,8.12,21.94,16.67,12.15,6,7,8,9,14.72,1.34,12.81
GOVERNMENT,371.86,336.42,363.48,304.27,9,10,11,12,344.01,-22.53,282.07
RESIDENT,13.74,14.82,24.17,30.99,1,2,3,4,20.93,5.75,20.25
GOVERNMENT,374.03,279.19,289.54,314.43,7,8,9,10,314.3,-19.87,332.99
RESIDENT,4.35,9.32,14.51,10.14,1,2,3,4,9.58,1.93,10.23
RESIDENT,9.13,1.43,2.26,0.63,9,10,11,12,3.36,-2.83,5.16
RESIDENT,24.46,17.94,15.16,17.15,8,9,10,11,18.68,-2.44,18.3
RESIDENT,7.94,10.16,16.47,23.65,1,2,3,4,14.55,5.24,20.01
RESIDENT,17.85,16.95,16.0,25.67,9,10,11,12,19.12,2.61,21.54
GOVERNMENT,150.92,207.3,222.31,192.66,3,4,5,6,193.3,13.91,156.06
RESIDENT,24.75,27.17,28.87,29.61,3,4,5,6,27.6,1.62,24.92
RESIDENT,33.65,33.66,37.55,35.2,2,3,4,5,35.02,0.52,32.24
ORGANIZATION,143.32,122.39,123.72,141.89,8,9,10,11,132.83,-0.48,133.96
GOVERNMENT,341.54,271.08,539.62,338.85,9,10,11,12,372.77,-0.9,381.11
FACTORY,758.07,713.72,798.01,860.19,8,9,10,11,782.5,34.04,631.04
RESIDENT,14.16,15.23,24.41,23.82,12,1,2,3,19.41,3.22,22.48
RESIDENT,31.43,27.76,32.09,26.69,1,2,3,4,29.49,-1.58,29.85
PUBLIC_SERVICE,74.3,70.35,62.92,73.43,11,12,1,2,70.25,-0.29,84.67
GOVERNMENT,164.55,195.72,150.21,197.61,10,11,12,1,177.02,11.02,182.77
PUBLIC_SERVICE,100.51,87.92,121.0,104.06,4,5,6,7,103.37,1.18,103.77
ORGANIZATION,156.12,200.12,192.3,196.53,11,12,1,2,186.27,13.47,251.25
RESIDENT,26.92,23.96,21.81,28.97,9,10,11,12,25.41,0.68,25.32
RESIDENT,28.95,25.34,31.4,31.16,4,5,6,7,29.21,0.74,23.82
PUBLIC_SERVICE,105.96,112.62,144.33,127.57,1,2,3,4,122.62,7.2,134.71
ORGANIZATION,165.7,125.44,114.62,90.93,5,6,7,8,124.17,-24.92,159.96
RESIDENT,20.23,27.78,22.71,26.43,1,2,3,4,24.29,2.07,26.88
RESIDENT,14.81,18.42,11.25,13.96,6,7,8,9,14.61,-0.28,8.65
PUBLIC_SERVICE,108.28,118.28,110.61,109.45,1,2,3,4,111.66,0.39,128.31
ORGANIZATION,238.58,196.54,184.12,169.25,6,7,8,9,197.12,-23.11,192.1
GOVERNMENT,263.46,238.23,286.75,287.57,11,12,1,2,269.0,8.04,467.37
RESIDENT,11.9,18.29,12.99,15.7,10,11,12,1,14.72,1.27,17.23
RESIDENT,38.78,36.19,36.01,32.81,6,7,8,9,35.95,-1.99,47.33
RESIDENT,25.07,22.39,27.71,32.71,11,12,1,2,26.97,2.55,29.55
ORGANIZATION,84.9,94.97,70.14,79.4,9,10,11,12,82.35,-1.83,102.83
ORGANIZATION,182.49,188.54,169.28,172.04,7,8,9,10,178.09,-3.48,144.69
RESIDENT,4.93,6.12,12.38,11.93,11,12,1,2,8.84,2.33,14.38
ORGANIZATION,69.29,79.41,89.61,63.57,10,11,12,1,75.47,-1.91,87.49
RESIDENT,22.19,22.88,21.21,21.33,12,1,2,3,21.9,-0.29,31.45
FACTORY,1166.12,1177.26,1327.91,1519.61,11,12,1,2,1297.72,117.83,1558.19
RESIDENT,8.61,14.41,12.53,14.58,12,1,2,3,12.53,1.99,18.96
RESIDENT,13.85,12.41,11.35,13.76,10,11,12,1,12.84,-0.03,17.97
ORGANIZATION,128.43,122.37,97.16,73.76,7,8,9,10,105.43,-18.22,201.13
RESIDENT,14.19,14.98,9.67,12.07,9,10,11,12,12.73,-0.71,24.17
RESIDENT,37.52,38.13,28.78,39.53,4,5,6,7,35.99,0.67,30.05
RESIDENT,21.73,31.03,33.81,22.86,6,7,8,9,27.36,0.38,19.69
GOVERNMENT,160.1,162.59,134.04,230.96,1,2,3,4,171.92,23.62,201.5
ORGANIZATION,70.98,82.54,55.19,48.75,5,6,7,8,64.37,-7.41,34.98
ORGANIZATION,190.43,191.89,156.34,208.59,5,6,7,8,186.81,6.05,150.48
GOVERNMENT,384.28,313.27,299.59,368.32,7,8,9,10,341.36,-5.32,344.31
RESIDENT,8.55,8.87,7.98,7.48,2,3,4,5,8.22,-0.36,13.24
GOVERNMENT,295.24,350.24,367.4,426.57,2,3,4,5,359.86,43.78,400.44
RESIDENT,16.51,7.51,4.32,3.82,8,9,10,11,8.04,-4.23,5.79
ORGANIZATION,132.53,122.55,120.45,182.04,8,9,10,11,139.39,16.5,94.31
RESIDENT,19.91,13.48,19.66,17.58,9,10,11,12,17.66,-0.78,22.94
FACTORY,941.79,993.69,1009.03,1136.22,3,4,5,6,1020.18,64.81,964.96
RESIDENT,36.61,36.79,36.0,30.4,4,5,6,7,34.95,-2.07,28.6
RESIDENT,56.45,34.06,36.42,28.69,8,9,10,11,38.91,-9.25,32.69
RESIDENT,33.71,42.34,54.35,41.4,2,3,4,5,42.95,2.56,40.83
FACTORY,771.58,959.54,663.23,878.05,3,4,5,6,818.1,35.49,571.79
PUBLIC_SERVICE,66.31,62.43,67.64,50.18,9,10,11,12,61.64,-5.38,85.49
RESIDENT,15.83,25.37,23.65,30.26,12,1,2,3,23.78,4.81,30.49
RESIDENT,11.07,11.06,11.39,15.54,3,4,5,6,12.27,1.49,19.07
RESIDENT,19.4,17.81,23.72,14.56,3,4,5,6,18.87,-1.61,12.75
PUBLIC_SERVICE,107.86,86.95,82.65,77.61,7,8,9,10,88.77,-10.08,77.69
RESIDENT,1.42,4.79,10.9,11.4,11,12,1,2,7.13,3.33,16.27
RESIDENT,14.82,14.08,29.12,19.71,11,12,1,2,19.43,1.63,25.42
GOVERNMENT,140.16,162.47,122.38,90.71,7,8,9,10,128.93,-16.48,80.3
GOVERNMENT,216.81,214.31,217.0,219.88,6,7,8,9,217.0,1.02,199.18
RESIDENT,14.66,13.53,16.76,19.65,11,12,1,2,16.15,1.66,20.0
RESIDENT,33.11,27.27,25.89,24.62,9,10,11,12,27.72,-2.83,25.4
RESIDENT,35.62,32.82,26.62,28.17,7,8,9,10,30.81,-2.48,24.63
RESIDENT,17.25,23.04,24.0,16.19,4,5,6,7,20.12,-0.35,13.78
RESIDENT,1.35,2.19,9.18,2.21,10,11,12,1,3.73,0.29,9.86
RESIDENT,13.14,14.61,13.4,16.62,11,12,1,2,14.44,1.16,22.83
RESIDENT,20.45,18.8,15.25,23.47,8,9,10,11,19.49,1.01,26.34
RESIDENT,12.42,12.03,9.98,5.8,5,6,7,8,10.06,-2.21,0.84
ORGANIZATION,239.7,238.34,256.22,262.07,3,4,5,6,249.08,7.46,225.81
RESIDENT,30.16,27.36,31.06,34.85,1,2,3,4,30.86,1.56,28.82
RESIDENT,14.03,16.25,9.33,4.56,6,7,8,9,11.04,-3.16,4.74
ORGANIZATION,114.71,108.51,83.46,72.8,5,6,7,8,94.87,-13.97,58.37
RESIDENT,25.33,25.69,52.5,29.72,11,12,1,2,33.31,1.46,33.65
FACTORY,1045.33,854.51,959.37,1008.41,9,10,11,12,966.9,-12.31,1227.23
RESIDENT,20.4,25.26,19.02,16.67,5,6,7,8,20.34,-1.24,13.7
RESIDENT,9.05,9.96,6.32,9.56,9,10,11,12,8.72,0.17,16.31
GOVERNMENT,189.54,172.7,175.38,171.19,8,9,10,11,177.2,-6.12,182.99
RESIDENT,25.62,23.71,22.44,17.41,7,8,9,10,22.29,-2.74,12.68
RESIDENT,14.27,13.8,11.3,18.78,9,10,11,12,14.54,1.5,16.69
RESIDENT,38.67,40.41,34.3,56.45,5,6,7,8,42.46,5.93,34.06
ORGANIZATION,201.46,224.27,198.97,186.34,7,8,9,10,202.76,-5.04,291.02
RESIDENT,32.84,31.2,28.88,31.27,9,10,11,12,31.05,-0.52,32.86
GOVERNMENT,202.54,152.72,144.29,220.1,9,10,11,12,179.91,5.85,224.11
RESIDENT,1.4,2.18,0.5,6.0,9,10,11,12,2.52,1.53,5.71
RESIDENT,28.38,31.13,25.55,22.86,8,9,10,11,26.98,-1.84,21.72
RESIDENT,8.26,6.79,10.22,6.18,5,6,7,8,7.86,-0.69,1.3
FACTORY,365.9,526.18,473.27,697.31,10,11,12,1,515.66,110.47,502.54
GOVERNMENT,89.1,142.67,122.13,191.17,1,2,3,4,136.27,34.02,170.6
PUBLIC_SERVICE,70.22,40.66,43.54,33.13,7,8,9,10,46.89,-12.36,34.98
FACTORY,1435.05,1223.22,1059.57,1181.3,5,6,7,8,1224.79,-84.58,1146.77
ORGANIZATION,135.39,167.58,157.74,156.36,5,6,7,8,154.27,6.99,120.63
ORGANIZATION,73.73,54.49,28.13,42.12,6,7,8,9,49.62,-10.54,14.45
RESIDENT,38.99,32.1,47.13,40.51,4,5,6,7,39.68,0.51,37.56
ORGANIZATION,148.88,156.64,147.01,164.85,9,10,11,12,154.34,5.32,176.66
GOVERNMENT,534.97,360.89,344.54,359.19,4,5,6,7,399.9,-58.59,332.45
PUBLIC_SERVICE,110.37,125.45,124.86,104.91,2,3,4,5,116.4,-1.82,114.34
RESIDENT,24.62,22.0,18.48,18.92,7,8,9,10,21.01,-1.9,19.84
ORGANIZATION,108.18,121.73,92.0,94.41,6,7,8,9,104.08,-4.59,103.53
ORGANIZATION,158.48,160.3,141.08,161.83,10,11,12,1,155.42,1.12,202.46
RESIDENT,14.67,3.55,5.17,0.5,8,9,10,11,5.97,-4.72,5.58
RESIDENT,29.3,6.68,16.16,13.02,11,12,1,2,16.29,-5.43,22.37
GOVERNMENT,536.84,552.72,555.65,553.48,3,4,5,6,549.67,5.55,527.84
RESIDENT,17.3,11.01,12.85,12.63,10,11,12,1,13.45,-1.56,11.29
GOVERNMENT,387.05,373.45,415.67,412.49,3,4,5,6,397.17,8.48,474.02
FACTORY,885.4,805.66,1024.94,918.57,3,4,5,6,908.64,11.06,786.76
RESIDENT,9.05,12.09,3.2,5.56,7,8,9,10,7.47,-1.16,0.5
RESIDENT,12.81,10.36,9.44,4.67,9,10,11,12,9.32,-2.71,14.45
FACTORY,1465.91,1435.07,1214.51,1118.77,5,6,7,8,1308.57,-115.71,1070.49
RESIDENT,35.85,37.86,32.82,28.71,5,6,7,8,33.81,-2.38,27.26
ORGANIZATION,163.09,157.66,131.82,145.17,8,9,10,11,149.44,-5.97,151.44
RESIDENT,16.72,19.34,12.39,4.82,7,8,9,10,13.32,-3.97,6.6
RESIDENT,8.83,12.48,10.43,10.78,12,1,2,3,10.63,0.65,17.78
PUBLIC_SERVICE,120.83,131.02,121.44,139.58,10,11,12,1,128.22,6.25,139.1
PUBLIC_SERVICE,48.72,57.05,46.83,51.82,3,4,5,6,51.1,1.03,61.89
FACTORY,700.62,738.21,794.07,578.81,7,8,9,10,702.93,-40.6,616.32
RESIDENT,31.26,25.67,23.77,24.74,6,7,8,9,26.36,-2.17,23.45
ORGANIZATION,128.85,131.98,163.5,125.39,2,3,4,5,137.43,-1.15,133.24
ORGANIZATION,96.78,144.06,141.16,134.25,2,3,4,5,129.06,12.49,116.0
ORGANIZATION,202.18,188.77,207.54,206.53,5,6,7,8,201.25,1.45,190.68
RESIDENT,9.32,4.09,8.32,8.19,12,1,2,3,7.48,-0.38,15.0
RESIDENT,29.02,29.86,30.19,27.46,11,12,1,2,29.13,-0.52,33.47
ORGANIZATION,75.47,87.09,32.18,69.8,7,8,9,10,66.14,-1.89,37.13
PUBLIC_SERVICE,113.65,94.23,130.0,86.64,7,8,9,10,106.13,-9.0,90.34
RESIDENT,8.23,11.54,8.19,6.51,9,10,11,12,8.62,-0.57,8.84
GOVERNMENT,258.96,243.52,305.92,329.8,3,4,5,6,284.55,23.61,277.96
GOVERNMENT,354.23,353.42,397.6,300.2,3,4,5,6,351.36,-18.01,351.94
GOVERNMENT,274.83,297.75,278.13,230.2,4,5,6,7,270.23,-14.88,296.97
PUBLIC_SERVICE,45.94,18.88,3.53,26.78,9,10,11,12,23.78,-6.39,29.0
ORGANIZATION,108.24,104.8,73.18,118.63,10,11,12,1,101.21,3.46,119.17
RESIDENT,10.57,7.56,14.55,15.19,11,12,1,2,11.97,1.54,22.36
ORGANIZATION,156.34,208.59,150.48,149.74,7,8,9,10,166.29,-2.2,136.88
RESIDENT,26.36,30.05,26.57,23.95,4,5,6,7,26.73,-0.8,22.73
ORGANIZATION,142.62,120.11,101.49,118.0,9,10,11,12,120.56,-8.21,159.9
RESIDENT,17.03,16.86,16.97,16.24,2,3,4,5,16.77,-0.26,18.69
ORGANIZATION,115.31,113.65,100.69,105.02,3,4,5,6,108.67,-3.43,109.69
RESIDENT,5.2,1.03,3.61,0.61,9,10,11,12,2.61,-1.53,3.15
RESIDENT,41.01,43.33,43.26,38.07,4,5,6,7,41.42,-0.98,37.88
RESIDENT,2.29,2.11,3.02,8.05,11,12,1,2,3.87,1.92,3.98
RESIDENT,31.32,32.37,36.41,35.13,1,2,3,4,33.81,1.27,35.26
RESIDENT,28.42,30.06,26.04,22.91,3,4,5,6,26.86,-1.84,23.97
PUBLIC_SERVICE,86.97,87.82,78.08,81.06,4,5,6,7,83.48,-1.97,77.65
RESIDENT,25.82,20.88,16.69,23.75,10,11,12,1,21.79,-0.69,30.7
RESIDENT,31.23,27.05,26.88,30.35,5,6,7,8,28.88,-0.29,25.85
RESIDENT,28.24,25.07,36.69,29.94,1,2,3,4,29.98,0.57,30.75
RESIDENT,8.3,4.86,11.56,3.18,6,7,8,9,6.97,-1.71,9.88
FACTORY,1817.62,1351.11,1409.64,1518.02,10,11,12,1,1524.1,-99.87,1353.97
ORGANIZATION,157.72,166.32,156.12,200.12,9,10,11,12,170.07,14.13,192.3
RESIDENT,23.71,35.4,28.47,25.53,12,1,2,3,28.28,0.61,30.76
PUBLIC_SERVICE,107.37,77.84,91.14,88.76,7,8,9,10,91.28,-6.2,70.53
RESIDENT,41.95,38.78,36.19,36.01,5,6,7,8,38.23,-1.98,32.81
RESIDENT,5.67,5.4,2.56,3.78,8,9,10,11,4.35,-0.63,1.71
RESIDENT,20.86,26.2,20.59,27.82,12,1,2,3,23.87,2.32,29.79
RESIDENT,16.86,19.33,24.29,12.48,6,7,8,9,18.24,-1.46,9.76
RESIDENT,32.79,33.4,31.15,29.17,5,6,7,8,31.63,-1.21,28.29
FACTORY,2019.51,1607.78,1842.75,1640.44,9,10,11,12,1777.62,-126.36,1914.96
FACTORY,929.54,1176.87,1058.4,1240.96,2,3,4,5,1101.44,103.81,1190.41
ORGANIZATION,97.37,79.37,142.29,133.97,12,1,2,3,113.25,12.2,108.49
ORGANIZATION,184.94,179.83,257.74,148.75,5,6,7,8,192.81,-12.06,112.5
RESIDENT,4.21,5.22,4.35,9.32,11,12,1,2,5.78,1.7,14.51
RESIDENT,15.91,10.0,10.09,9.39,6,7,8,9,11.35,-2.17,5.1
RESIDENT,9.15,16.38,19.28,17.6,3,4,5,6,15.6,2.82,11.56
RESIDENT,15.04,13.08,9.74,10.79,7,8,9,10,12.16,-1.42,13.84
RESIDENT,5.14,8.04,0.5,0.5,8,9,10,11,3.54,-1.55,4.11
RESIDENT,14.03,14.95,14.14,24.61,1,2,3,4,16.93,3.53,19.81
ORGANIZATION,100.06,74.84,97.14,100.19,2,3,4,5,93.06,0.04,145.05
ORGANIZATION,104.8,73.18,118.63,119.17,11,12,1,2,103.95,4.79,140.99
RESIDENT,11.03,12.48,10.21,11.94,11,12,1,2,11.41,0.3,23.15
GOVERNMENT,271.97,246.41,266.78,203.4,4,5,6,7,247.14,-22.86,204.53
RESIDENT,27.61,26.73,26.62,33.14,3,4,5,6,28.53,1.84,22.16
GOVERNMENT,273.14,253.52,241.38,232.08,9,10,11,12,250.03,-13.69,241.03
GOVERNMENT,374.68,379.77,468.11,478.27,3,4,5,6,425.21,34.53,391.49
FACTORY,1107.8,1009.21,1025.09,1228.21,11,12,1,2,1092.58,40.14,1306.98
ORGANIZATION,143.42,152.28,152.97,179.74,10,11,12,1,157.1,12.11,168.92
RESIDENT,24.7,24.71,20.93,20.67,5,6,7,8,22.75,-1.34,17.54
ORGANIZATION,138.52,132.53,122.55,120.45,7,8,9,10,128.51,-6.02,182.04
RESIDENT,42.56,37.36,55.43,39.48,4,5,6,7,43.71,-1.03,39.33
RESIDENT,19.07,22.06,24.11,22.91,12,1,2,3,22.04,1.28,21.35
RESIDENT,26.55,24.04,27.7,25.33,5,6,7,8,25.91,-0.41,24.66
RESIDENT,12.62,8.56,11.12,12.58,9,10,11,12,11.22,-0.01,10.07
PUBLIC_SERVICE,58.4,63.9,54.64,49.76,5,6,7,8,56.67,-2.88,30.32
RESIDENT,33.26,36.95,39.07,29.15,5,6,7,8,34.61,-1.37,29.48
RESIDENT,34.01,32.39,27.17,28.45,5,6,7,8,30.51,-1.85,21.13
RESIDENT,20.16,15.16,13.14,9.5,7,8,9,10,14.49,-3.55,12.69
RESIDENT,30.49,26.8,28.34,30.64,3,4,5,6,29.07,0.05,29.46
RESIDENT,6.02,7.98,9.83,14.03,1,2,3,4,9.46,2.67,10.75
RESIDENT,31.54,27.81,33.23,37.79,1,2,3,4,32.59,2.08,41.91
ORGANIZATION,164.7,189.69,205.74,211.09,12,1,2,3,192.81,15.46,207.69
RESIDENT,5.05,10.07,5.75,7.56,10,11,12,1,7.11,0.84,7.57
GOVERNMENT,461.59,469.69,428.9,518.72,7,8,9,10,469.72,19.04,517.39
RESIDENT,30.37,22.52,29.29,18.01,4,5,6,7,25.05,-4.12,16.79
ORGANIZATION,132.24,100.41,136.87,142.08,10,11,12,1,127.9,3.28,195.49
RESIDENT,33.61,26.38,32.5,27.08,5,6,7,8,29.89,-2.18,25.1
PUBLIC_SERVICE,174.31,107.72,121.31,118.02,4,5,6,7,130.34,-18.76,98.41
RESIDENT,28.7,27.61,26.23,19.31,5,6,7,8,25.46,-3.13,19.07
RESIDENT,34.18,40.31,36.27,35.71,3,4,5,6,36.62,0.51,35.68
FACTORY,1009.21,1025.09,1228.21,1306.98,12,1,2,3,1142.37,99.26,1412.33
RESIDENT,4.99,5.9,6.41,3.98,10,11,12,1,5.32,-0.34,10.88
RESIDENT,22.3,21.44,23.32,26.61,8,9,10,11,23.42,1.44,25.48
GOVERNMENT,499.89,503.51,493.99,725.69,12,1,2,3,555.77,75.27,565.08
ORGANIZATION,91.19,77.27,85.4,60.27,7,8,9,10,78.53,-10.31,74.45
GOVERNMENT,328.28,302.86,319.98,274.65,10,11,12,1,306.44,-17.88,303.74
GOVERNMENT,304.67,291.07,352.51,262.26,2,3,4,5,302.63,-14.14,325.57
RESIDENT,29.53,27.11,32.11,35.34,1,2,3,4,31.02,1.94,34.37
RESIDENT,31.33,33.01,32.9,32.08,9,10,11,12,32.33,0.25,32.79
PUBLIC_SERVICE,87.53,81.36,74.49,86.23,9,10,11,12,82.4,-0.43,99.87
RESIDENT,23.47,27.15,30.01,26.64,2,3,4,5,26.82,1.06,26.28
PUBLIC_SERVICE,35.73,42.51,49.46,19.47,8,9,10,11,36.79,-5.42,40.32
RESIDENT,7.68,4.95,1.23,3.21,9,10,11,12,4.27,-1.49,6.81
RESIDENT,19.19,13.31,22.2,9.8,4,5,6,7,16.12,-3.13,13.43
PUBLIC_SERVICE,27.84,42.14,53.42,60.9,2,3,4,5,46.08,11.02,45.67
RESIDENT,22.31,24.03,18.03,22.29,4,5,6,7,21.66,-0.01,17.71
RESIDENT,23.11,25.92,27.62,31.63,3,4,5,6,27.07,2.84,25.52
RESIDENT,7.02,8.47,19.53,12.77,1,2,3,4,11.95,1.92,21.46
RESIDENT,7.51,3.42,8.21,10.77,10,11,12,1,7.48,1.09,8.98
RESIDENT,42.81,41.19,34.66,44.91,7,8,9,10,40.89,0.7,44.52
RESIDENT,19.0,7.74,4.16,5.4,8,9,10,11,9.08,-4.53,7.54
RESIDENT,12.76,8.68,10.35,3.41,6,7,8,9,8.8,-3.12,1.64
RESIDENT,22.06,24.11,22.91,21.35,1,2,3,4,22.61,-0.24,25.19
RESIDENT,15.23,16.45,23.31,20.68,12,1,2,3,18.92,1.82,24.34
RESIDENT,11.26,10.05,4.52,2.67,10,11,12,1,7.12,-2.86,11.13
RESIDENT,11.9,12.67,14.76,16.61,1,2,3,4,13.98,1.57,23.19
RESIDENT,27.33,33.24,34.54,25.67,6,7,8,9,30.2,-0.55,21.51
RESIDENT,34.53,38.39,45.46,41.43,2,3,4,5,39.95,2.3,44.7
RESIDENT,24.28,28.49,27.12,27.3,2,3,4,5,26.8,1.01,39.81
RESIDENT,36.12,50.23,37.13,36.75,4,5,6,7,40.06,0.21,40.27
RESIDENT,15.5,15.57,21.68,24.81,1,2,3,4,19.39,3.1,25.72
RESIDENT,18.49,21.22,18.94,19.09,4,5,6,7,19.43,0.2,17.99
RESIDENT,28.37,26.2,22.34,19.35,6,7,8,9,24.06,-3.01,15.95
PUBLIC_SERVICE,103.68,125.14,111.4,114.74,12,1,2,3,113.74,3.69,145.7
RESIDENT,15.16,15.24,13.57,16.98,4,5,6,7,15.24,0.61,15.35
RESIDENT,2.77,3.6,5.66,4.8,11,12,1,2,4.21,0.68,12.21
PUBLIC_SERVICE,99.25,94.64,107.15,108.38,10,11,12,1,102.35,3.04,107.61
FACTORY,996.53,722.16,845.27,1181.53,11,12,1,2,936.37,61.67,1100.68
RESIDENT,38.77,36.29,30.79,27.98,5,6,7,8,33.46,-3.6,22.84
RESIDENT,28.81,24.5,17.96,20.33,9,10,11,12,22.9,-2.83,23.09
RESIDENT,19.47,26.21,20.24,14.51,8,9,10,11,20.11,-1.65,12.65
RESIDENT,18.67,39.07,26.31,34.6,12,1,2,3,29.66,5.31,30.48
RESIDENT,8.93,14.76,11.26,11.51,12,1,2,3,11.61,0.86,16.27
RESIDENT,0.5,5.59,10.8,6.3,10,11,12,1,5.8,1.93,8.85
ORGANIZATION,187.38,187.18,213.51,171.4,11,12,1,2,189.87,-5.33,205.42
PUBLIC_SERVICE,168.35,225.31,212.12,216.55,9,10,11,12,205.58,16.07,160.42
RESIDENT,28.25,23.27,17.71,19.23,7,8,9,10,22.11,-3.01,11.49
PUBLIC_SERVICE,119.61,142.68,110.52,132.68,4,5,6,7,126.37,4.36,175.33
RESIDENT,3.36,4.67,6.35,7.96,8,9,10,11,5.58,1.53,8.27
RESIDENT,20.09,14.32,17.81,13.59,7,8,9,10,16.45,-2.17,24.56
RESIDENT,20.73,18.62,36.04,19.72,9,10,11,12,23.78,-0.34,19.92
RESIDENT,17.15,12.88,33.34,17.37,1,2,3,4,20.19,0.07,16.58
RESIDENT,14.08,29.12,19.71,25.42,12,1,2,3,22.08,3.78,29.97
PUBLIC_SERVICE,64.48,86.3,73.43,63.22,5,6,7,8,71.86,-0.42,45.06
RESIDENT,28.09,30.51,28.02,26.32,11,12,1,2,28.23,-0.59,33.28
RESIDENT,27.3,26.59,14.25,20.64,6,7,8,9,22.2,-2.22,11.8
PUBLIC_SERVICE,40.32,39.98,46.67,38.58,9,10,11,12,41.39,-0.58,45.92
FACTORY,752.94,976.03,819.35,993.18,1,2,3,4,885.38,80.08,1453.88
PUBLIC_SERVICE,58.19,50.99,46.67,57.91,8,9,10,11,53.44,-0.09,61.87
RESIDENT,40.84,37.85,41.86,40.21,4,5,6,7,40.19,-0.21,33.21
ORGANIZATION,193.2,219.52,188.84,219.27,5,6,7,8,205.21,8.69,180.99
RESIDENT,22.64,8.01,12.38,7.56,8,9,10,11,12.65,-5.03,6.43
ORGANIZATION,146.37,132.38,175.9,159.56,11,12,1,2,153.55,4.4,179.48
RESIDENT,14.41,16.86,18.32,26.38,1,2,3,4,18.99,3.99,24.79
RESIDENT,29.56,34.01,29.1,24.58,3,4,5,6,29.31,-1.66,38.26
RESIDENT,9.96,19.53,16.18,24.57,1,2,3,4,17.56,4.87,31.16
PUBLIC_SERVICE,68.86,93.14,68.17,62.96,4,5,6,7,73.28,-1.97,48.82
RESIDENT,24.58,20.97,25.07,22.39,9,10,11,12,23.25,-0.73,27.71
RESIDENT,31.87,31.58,30.25,28.5,5,6,7,8,30.55,-1.12,21.44
RESIDENT,3.97,15.78,15.67,19.09,12,1,2,3,13.63,5.04,20.36
RESIDENT,18.33,15.36,12.68,12.09,9,10,11,12,14.61,-2.08,20.22
RESIDENT,13.25,2.03,7.86,2.07,10,11,12,1,6.3,-3.73,11.82
FACTORY,1242.71,1135.55,1121.39,1242.78,9,10,11,12,1185.61,0.02,1286.86
GOVERNMENT,74.91,89.16,22.18,49.46,8,9,10,11,58.93,-8.48,34.02
RESIDENT,31.06,32.78,28.95,25.74,6,7,8,9,29.63,-1.77,24.44
FACTORY,1653.75,1630.3,1461.09,1391.15,6,7,8,9,1534.07,-87.53,1408.61
RESIDENT,19.46,17.62,16.56,21.68,8,9,10,11,18.83,0.74,18.32
RESIDENT,7.64,18.02,21.4,21.6,2,3,4,5,17.16,4.65,21.02
RESIDENT,41.78,41.17,44.65,37.83,4,5,6,7,41.36,-1.32,38.23
RESIDENT,7.89,4.61,9.63,12.64,11,12,1,2,8.69,1.58,11.25
FACTORY,1007.55,790.64,977.4,870.26,8,9,10,11,911.46,-45.76,757.32
RESIDENT,0.5,0.5,3.12,3.5,10,11,12,1,1.91,1.0,3.88
RESIDENT,30.21,34.05,32.08,29.47,5,6,7,8,31.45,-0.25,29.25
RESIDENT,31.58,30.25,28.5,21.44,6,7,8,9,27.94,-3.38,24.02
RESIDENT,34.5,29.06,31.36,36.4,3,4,5,6,32.83,0.63,30.57
RESIDENT,17.38,16.93,18.53,16.2,3,4,5,6,17.26,-0.39,10.66
PUBLIC_SERVICE,122.61,122.3,129.7,126.7,2,3,4,5,125.33,1.36,115.46
PUBLIC_SERVICE,76.22,75.56,93.63,79.08,9,10,11,12,81.12,0.95,74.64
RESIDENT,22.69,21.45,24.44,28.64,11,12,1,2,24.3,1.98,35.62
PUBLIC_SERVICE,115.1,124.15,111.3,100.8,7,8,9,10,112.84,-4.77,65.13
RESIDENT,10.58,9.76,12.38,18.32,12,1,2,3,12.76,2.58,16.82
GOVERNMENT,227.12,201.03,260.36,274.83,1,2,3,4,240.83,15.9,297.75
RESIDENT,16.19,20.43,36.91,29.81,1,2,3,4,25.84,4.54,32.92
GOVERNMENT,319.98,274.65,303.74,346.47,12,1,2,3,311.21,8.83,321.16
GOVERNMENT,435.66,632.69,373.32,391.74,6,7,8,9,458.35,-14.64,350.61
RESIDENT,11.72,19.29,13.09,23.77,1,2,3,4,16.97,4.02,18.03
RESIDENT,12.58,11.44,17.17,14.56,2,3,4,5,13.94,0.66,8.82
RESIDENT,4.62,3.46,0.5,0.5,9,10,11,12,2.27,-1.37,0.5
RESIDENT,15.33,13.05,27.55,15.9,10,11,12,1,17.96,0.19,19.55
RESIDENT,10.82,13.42,9.62,7.1,6,7,8,9,10.24,-1.24,6.07
PUBLIC_SERVICE,25.63,24.13,28.14,55.5,10,11,12,1,33.35,9.96,37.48
RESIDENT,10.04,11.8,16.71,14.39,3,4,5,6,13.23,1.45,14.31
RESIDENT,29.83,37.74,38.09,42.57,12,1,2,3,37.06,4.25,36.42
PUBLIC_SERVICE,74.04,74.19,101.01,87.65,12,1,2,3,84.22,4.54,86.64
RESIDENT,35.77,36.11,32.89,34.68,4,5,6,7,34.86,-0.36,27.86
RESIDENT,2.98,7.17,6.69,0.5,7,8,9,10,4.33,-0.83,4.34
RESIDENT,27.59,23.91,26.68,29.35,10,11,12,1,26.88,0.59,30.57
FACTORY,1363.02,1313.58,1491.69,1099.04,7,8,9,10,1316.83,-87.99,1322.55
RESIDENT,25.62,21.23,27.56,26.4,11,12,1,2,25.2,0.26,30.92
RESIDENT,20.88,12.9,13.0,16.71,9,10,11,12,15.87,-1.39,17.02
ORGANIZATION,82.92,102.2,128.8,106.45,11,12,1,2,105.09,7.84,155.08
FACTORY,1891.52,1605.19,1684.87,1730.96,6,7,8,9,1728.13,-53.52,1346.72
RESIDENT,39.73,49.36,32.6,33.53,4,5,6,7,38.8,-2.07,40.36
GOVERNMENT,407.19,270.44,380.13,331.2,3,4,5,6,347.24,-25.33,266.87
PUBLIC_SERVICE,143.56,133.23,163.64,154.75,1,2,3,4,148.79,3.73,161.18
FACTORY,803.41,1021.93,951.12,932.53,3,4,5,6,927.25,43.04,802.41
FACTORY,1271.87,1157.17,1222.97,1103.51,8,9,10,11,1188.88,-56.12,1160.68
ORGANIZATION,112.42,156.26,167.71,114.06,5,6,7,8,137.61,0.55,104.55
RESIDENT,13.57,15.32,16.66,10.94,5,6,7,8,14.12,-0.88,8.1
RESIDENT,8.91,0.5,0.5,0.53,8,9,10,11,2.61,-2.79,3.19
GOVERNMENT,84.73,119.53,81.48,65.77,10,11,12,1,87.88,-6.32,152.5
RESIDENT,10.47,6.9,5.69,2.38,5,6,7,8,6.36,-2.7,6.82
RESIDENT,6.58,6.01,8.24,8.45,11,12,1,2,7.32,0.62,7.23
RESIDENT,9.26,11.29,12.1,20.0,9,10,11,12,13.16,3.58,15.94
ORGANIZATION,220.21,212.8,245.53,251.09,2,3,4,5,232.41,10.29,244.29
PUBLIC_SERVICE,68.11,63.57,61.21,44.77,4,5,6,7,59.42,-7.78,49.24
RESIDENT,3.55,12.47,12.05,17.58,1,2,3,4,11.41,4.68,13.77
RESIDENT,13.28,19.36,23.48,23.94,1,2,3,4,20.02,3.55,23.72
RESIDENT,9.93,9.58,16.5,11.14,2,3,4,5,11.79,0.4,12.82
FACTORY,1829.63,2026.43,1974.35,2030.49,2,3,4,5,1965.22,66.95,1667.63
RESIDENT,27.24,26.27,30.99,33.6,11,12,1,2,29.52,2.12,36.14
GOVERNMENT,144.29,220.1,224.11,207.53,11,12,1,2,199.01,21.08,194.49
RESIDENT,19.8,18.6,21.26,25.16,10,11,12,1,21.21,1.79,34.12
GOVERNMENT,221.11,288.44,253.61,248.79,9,10,11,12,252.99,9.23,239.97
RESIDENT,17.67,17.06,10.95,21.93,11,12,1,2,16.9,1.42,19.26
ORGANIZATION,94.11,87.72,149.65,123.52,10,11,12,1,113.75,9.8,119.13
RESIDENT,28.29,27.69,29.07,26.98,4,5,6,7,28.01,-0.44,28.54
RESIDENT,18.75,18.12,11.62,12.99,7,8,9,10,15.37,-1.92,11.6
RESIDENT,8.6,10.01,16.1,11.52,2,3,4,5,11.56,0.97,7.5
RESIDENT,30.42,22.71,25.34,30.89,9,10,11,12,27.34,0.16,30.86
RESIDENT,11.11,8.56,20.28,22.83,11,12,1,2,15.7,3.91,29.64
ORGANIZATION,211.09,207.69,236.63,218.17,3,4,5,6,218.39,2.36,206.47
RESIDENT,35.45,43.71,37.46,32.54,5,6,7,8,37.29,-0.97,28.89
RESIDENT,20.27,18.63,12.84,11.82,5,6,7,8,15.89,-2.82,15.09
FACTORY,2025.75,1954.46,2119.55,2153.13,1,2,3,4,2063.22,42.46,2239.29
FACTORY,1480.19,1817.62,1351.11,1409.64,9,10,11,12,1514.64,-23.52,1518.02
RESIDENT,2.93,2.69,6.8,14.38,12,1,2,3,6.7,3.82,11.55
RESIDENT,15.49,11.57,12.35,9.3,10,11,12,1,12.18,-2.06,13.24
PUBLIC_SERVICE,75.09,62.43,44.25,68.01,9,10,11,12,62.45,-2.36,73.35
ORGANIZATION,71.48,48.74,55.96,44.55,9,10,11,12,55.18,-8.98,95.13
RESIDENT,30.26,27.84,24.38,24.64,7,8,9,10,26.78,-1.87,21.87
RESIDENT,28.8,31.28,30.13,36.0,9,10,11,12,31.55,2.4,40.18
GOVERNMENT,412.49,474.02,379.99,352.59,6,7,8,9,404.77,-19.97,362.8
PUBLIC_SERVICE,131.02,121.44,139.58,139.1,11,12,1,2,132.78,2.69,188.89
RESIDENT,26.7,23.27,21.38,18.67,9,10,11,12,22.5,-2.68,39.07
RESIDENT,43.54,47.33,44.69,40.54,2,3,4,5,44.02,-1.0,37.37
RESIDENT,12.38,18.29,13.9,18.82,2,3,4,5,15.85,2.15,18.54
FACTORY,1787.51,1535.82,1620.48,1618.71,12,1,2,3,1640.63,-56.27,1462.8
PUBLIC_SERVICE,137.05,118.24,103.66,129.58,4,5,6,7,122.13,-2.49,120.55
RESIDENT,19.75,17.55,19.61,13.59,8,9,10,11,17.62,-2.05,16.56
ORGANIZATION,63.88,64.98,53.16,69.67,10,11,12,1,62.92,1.93,76.03
RESIDENT,8.2,13.36,2.85,1.4,6,7,8,9,6.45,-2.27,2.18
FACTORY,1322.06,1302.55,1212.31,1396.3,10,11,12,1,1308.3,24.75,1385.99
RESIDENT,14.17,2.56,2.48,3.42,8,9,10,11,5.66,-3.58,6.64
RESIDENT,23.79,21.01,17.73,16.99,5,6,7,8,19.88,-2.27,10.36
RESIDENT,37.76,42.97,36.94,38.49,5,6,7,8,39.04,0.24,39.54
RESIDENT,35.97,31.36,32.58,27.87,4,5,6,7,31.95,-2.7,30.97
RESIDENT,17.38,16.08,8.82,7.73,7,8,9,10,12.5,-3.22,6.66
RESIDENT,13.08,10.52,12.9,15.3,2,3,4,5,12.95,0.74,8.48
RESIDENT,33.31,33.66,36.33,31.59,4,5,6,7,33.72,-0.57,29.37
GOVERNMENT,271.19,316.8,290.13,273.38,4,5,6,7,287.88,0.73,222.49
RESIDENT,17.61,13.11,11.83,10.12,7,8,9,10,13.17,-2.5,10.05
GOVERNMENT,478.92,454.81,439.11,524.18,9,10,11,12,474.25,15.09,472.04
PUBLIC_SERVICE,97.94,117.59,100.95,92.64,10,11,12,1,102.28,-1.77,114.22
FACTORY,1140.66,1325.63,1333.23,1961.37,9,10,11,12,1440.22,273.57,1614.13
RESIDENT,14.18,16.21,17.16,13.05,6,7,8,9,15.15,-0.38,17.34
RESIDENT,24.44,24.46,26.99,17.9,5,6,7,8,23.45,-2.18,19.14
RESIDENT,25.96,19.71,18.03,20.13,8,9,10,11,20.96,-1.94,16.77
RESIDENT,39.09,28.89,28.76,24.5,9,10,11,12,30.31,-4.86,38.55
PUBLIC_SERVICE,127.55,130.35,107.21,110.75,6,7,8,9,118.96,-5.6,94.79
RESIDENT,34.27,32.48,24.85,17.5,6,7,8,9,27.27,-5.59,20.89
RESIDENT,27.21,24.3,23.78,21.52,7,8,9,10,24.2,-1.9,33.59
GOVERNMENT,500.57,471.98,483.18,490.96,4,5,6,7,486.67,-3.2,490.7
RESIDENT,18.73,18.33,17.48,6.88,6,7,8,9,15.36,-3.95,4.86
FACTORY,1005.51,1016.73,1221.4,1234.49,3,4,5,6,1119.53,76.33,1094.23
RESIDENT,37.65,48.17,34.24,34.14,4,5,6,7,38.55,-1.17,37.82
RESIDENT,22.61,20.73,12.55,10.68,8,9,10,11,16.64,-3.98,11.52
GOVERNMENT,481.56,444.23,471.16,393.94,8,9,10,11,447.72,-29.21,345.12
RESIDENT,22.41,28.89,22.87,25.26,10,11,12,1,24.86,0.95,34.9
GOVERNMENT,185.9,160.57,218.67,137.1,2,3,4,5,175.56,-16.27,193.62
GOVERNMENT,318.74,386.71,370.01,362.4,7,8,9,10,359.47,14.55,356.04
RESIDENT,36.28,38.48,37.32,33.84,6,7,8,9,36.48,-0.81,36.31
ORGANIZATION,125.65,132.97,136.65,95.86,5,6,7,8,122.78,-9.93,104.33
RESIDENT,11.57,7.71,7.09,6.79,5,6,7,8,8.29,-1.59,5.84
RESIDENT,19.98,23.21,21.63,20.82,2,3,4,5,21.41,0.28,24.18
ORGANIZATION,170.25,166.79,178.67,168.2,6,7,8,9,170.98,-0.68,156.6
ORGANIZATION,81.8,96.2,153.11,106.17,12,1,2,3,109.32,8.12,113.91
RESIDENT,11.23,12.08,15.56,8.96,4,5,6,7,11.96,-0.76,6.58
RESIDENT,29.37,26.35,24.19,30.74,2,3,4,5,27.66,0.46,19.46
GOVERNMENT,377.3,424.21,429.29,475.13,10,11,12,1,426.48,32.61,402.88
RESIDENT,14.7,9.47,16.52,16.41,11,12,1,2,14.27,0.57,18.05
GOVERNMENT,116.34,167.12,171.95,197.4,2,3,4,5,163.2,27.02,145.74
RESIDENT,15.56,14.53,12.54,13.59,5,6,7,8,14.05,-0.66,10.01
RESIDENT,23.27,21.38,18.67,39.07,10,11,12,1,25.6,5.27,26.31
FACTORY,1959.6,1834.8,1893.21,1758.79,5,6,7,8,1861.6,-66.94,2015.65
RESIDENT,32.08,29.47,29.25,36.46,7,8,9,10,31.81,1.46,21.65
RESIDENT,13.64,16.44,10.37,15.92,3,4,5,6,14.09,0.76,15.85
RESIDENT,20.95,21.25,17.5,22.83,10,11,12,1,20.63,0.63,24.13
FACTORY,1974.35,2030.49,1667.63,2554.09,4,5,6,7,2056.64,193.25,1743.38
ORGANIZATION,152.93,155.42,118.37,120.97,7,8,9,10,136.92,-10.65,105.59
RESIDENT,12.55,16.4,17.48,18.0,10,11,12,1,16.11,1.82,18.35
RESIDENT,15.14,9.43,10.1,6.95,7,8,9,10,10.41,-2.73,3.65
RESIDENT,34.5,22.92,24.1,24.02,5,6,7,8,26.39,-3.49,18.64
RESIDENT,13.84,12.24,13.0,11.5,10,11,12,1,12.64,-0.78,19.55
RESIDENT,13.6,20.66,16.09,14.21,9,10,11,12,16.14,0.2,15.16
RESIDENT,10.98,9.91,12.39,9.6,3,4,5,6,10.72,-0.46,6.21
RESIDENT,17.24,17.85,25.19,21.77,2,3,4,5,20.51,1.51,21.65
PUBLIC_SERVICE,75.45,50.58,58.04,31.5,9,10,11,12,53.89,-14.65,50.33
RESIDENT,26.65,27.77,24.89,25.26,7,8,9,10,26.14,-0.46,19.05
RESIDENT,4.78,5.26,12.41,6.82,1,2,3,4,7.32,0.68,15.93
RESIDENT,5.41,4.23,11.6,7.6,12,1,2,3,7.21,0.73,9.49
RESIDENT,29.36,29.95,33.43,30.66,7,8,9,10,30.85,0.43,27.08
PUBLIC_SERVICE,150.5,115.57,174.86,112.34,8,9,10,11,138.32,-12.72,125.98
GOVERNMENT,336.12,419.75,330.88,364.12,11,12,1,2,362.72,9.33,376.88
RESIDENT,12.28,5.57,8.62,14.22,8,9,10,11,10.17,0.65,10.8
GOVERNMENT,391.63,245.06,238.11,261.83,12,1,2,3,284.16,-43.27,286.83
ORGANIZATION,144.84,189.26,154.21,183.7,12,1,2,3,168.0,12.95,194.37
ORGANIZATION,78.93,117.49,127.43,129.54,2,3,4,5,113.35,16.87,126.63
PUBLIC_SERVICE,64.01,60.11,59.66,76.7,2,3,4,5,65.12,4.23,76.03
RESIDENT,37.16,38.98,30.55,29.48,6,7,8,9,34.04,-2.56,22.12
RESIDENT,25.09,21.52,20.14,30.79,4,5,6,7,24.38,1.9,16.64
RESIDENT,12.23,10.84,5.48,2.78,9,10,11,12,7.83,-3.15,9.74
ORGANIZATION,122.98,157.58,150.57,172.57,3,4,5,6,150.93,16.53,141.9
RESIDENT,6.59,12.73,20.03,19.16,11,12,1,2,14.63,4.19,20.87
RESIDENT,29.03,28.7,32.52,32.76,11,12,1,2,30.75,1.24,39.82
RESIDENT,5.14,5.78,3.72,0.5,7,8,9,10,3.79,-1.55,0.5
RESIDENT,25.89,32.29,34.99,35.05,9,10,11,12,32.05,3.05,33.75
GOVERNMENT,212.75,299.77,266.11,278.86,2,3,4,5,264.37,22.04,283.62
RESIDENT,31.37,26.5,33.89,35.22,3,4,5,6,31.75,1.28,21.76
RESIDENT,6.83,9.27,7.42,10.56,10,11,12,1,8.52,1.24,13.98
PUBLIC_SERVICE,63.36,57.72,49.16,46.37,12,1,2,3,54.15,-5.66,65.39
GOVERNMENT,238.23,286.75,287.57,467.37,12,1,2,3,319.98,76.38,331.62
PUBLIC_SERVICE,102.74,99.68,91.72,125.52,8,9,10,11,104.91,7.59,101.58
RESIDENT,11.8,16.95,7.95,9.59,6,7,8,9,11.57,-0.74,0.5
RESIDENT,0.5,5.67,1.3,9.71,9,10,11,12,4.29,3.07,3.69
RESIDENT,13.72,12.55,6.2,15.48,9,10,11,12,11.99,0.59,14.48
RESIDENT,10.3,10.37,14.62,12.05,2,3,4,5,11.84,0.58,12.44
RESIDENT,19.54,12.68,9.12,10.34,7,8,9,10,12.92,-3.07,7.92
ORGANIZATION,183.99,207.94,182.49,188.54,5,6,7,8,190.74,1.52,169.28
RESIDENT,24.29,26.98,33.83,31.54,11,12,1,2,29.16,2.42,34.96
RESIDENT,24.35,29.27,23.03,33.64,2,3,4,5,27.57,3.1,30.88
GOVERNMENT,230.96,201.5,197.83,186.2,4,5,6,7,204.12,-14.92,90.53
ORGANIZATION,81.53,64.61,82.1,57.8,8,9,10,11,71.51,-7.91,65.73
RESIDENT,15.95,19.23,10.58,14.97,4,5,6,7,15.18,-0.33,15.31
RESIDENT,2.41,0.5,3.74,7.37,11,12,1,2,3.5,1.65,8.8
ORGANIZATION,178.73,201.9,214.91,179.93,3,4,5,6,193.87,0.4,203.6
RESIDENT,31.5,25.22,34.41,26.33,9,10,11,12,29.36,-1.72,33.51
FACTORY,996.89,966.87,758.07,713.72,6,7,8,9,858.89,-94.39,798.01
ORGANIZATION,85.38,97.85,95.43,78.65,5,6,7,8,89.33,-2.24,51.89
RESIDENT,11.42,15.15,12.65,17.42,1,2,3,4,14.16,2.0,19.83
RESIDENT,3.97,3.64,2.71,6.76,12,1,2,3,4.27,0.93,13.14
RESIDENT,12.53,11.17,15.69,9.06,10,11,12,1,12.11,-1.16,18.36
GOVERNMENT,265.09,310.56,298.78,243.27,3,4,5,6,279.43,-7.27,265.12
RESIDENT,3.94,5.47,10.21,10.14,12,1,2,3,7.44,2.07,11.25
RESIDENT,30.87,26.02,19.4,14.86,7,8,9,10,22.79,-5.34,13.49
FACTORY,1113.99,701.39,842.45,996.53,8,9,10,11,913.59,-39.15,722.16
ORGANIZATION,84.46,118.95,106.85,120.61,12,1,2,3,107.72,12.05,133.34
RESIDENT,27.13,29.72,25.0,35.94,1,2,3,4,29.45,2.94,27.22
RESIDENT,6.18,1.3,4.89,1.13,8,9,10,11,3.38,-1.68,3.09
GOVERNMENT,337.49,317.91,312.45,314.17,9,10,11,12,320.51,-7.77,322.43
GOVERNMENT,291.56,216.93,247.63,213.77,4,5,6,7,242.47,-25.93,236.34
GOVERNMENT,482.88,456.06,506.83,502.19,10,11,12,1,486.99,6.44,599.35
RESIDENT,15.18,12.66,12.31,20.07,12,1,2,3,15.05,1.63,17.88
RESIDENT,18.12,17.38,23.72,20.03,2,3,4,5,19.81,0.64,30.7
ORGANIZATION,114.13,115.12,119.13,111.32,6,7,8,9,114.92,-0.94,93.45
RESIDENT,33.96,25.96,23.6,26.07,5,6,7,8,27.4,-2.63,25.74
RESIDENT,13.46,3.27,3.59,0.5,6,7,8,9,5.21,-4.32,0.5
GOVERNMENT,457.89,583.72,531.96,535.16,2,3,4,5,527.18,25.76,605.66
RESIDENT,43.61,28.68,28.81,30.34,3,4,5,6,32.86,-4.42,24.85
PUBLIC_SERVICE,110.61,109.45,128.31,151.35,3,4,5,6,124.93,13.58,128.08
RESIDENT,16.87,18.19,17.53,20.59,3,4,5,6,18.3,1.24,19.27
PUBLIC_SERVICE,32.74,35.89,55.25,50.2,11,12,1,2,43.52,5.82,67.65
ORGANIZATION,271.36,170.25,166.79,178.67,5,6,7,8,196.77,-30.9,168.2
FACTORY,1761.4,1762.26,1632.16,1790.41,7,8,9,10,1736.56,9.67,1506.57
RESIDENT,29.21,28.05,25.98,27.7,9,10,11,12,27.74,-0.5,29.79
RESIDENT,8.6,8.6,7.83,12.46,11,12,1,2,9.37,1.29,13.65
GOVERNMENT,383.63,389.93,411.49,608.94,12,1,2,3,448.5,75.1,495.85
FACTORY,713.97,555.56,609.08,725.5,12,1,2,3,651.03,3.84,737.93
RESIDENT,16.19,18.78,10.67,8.61,6,7,8,9,13.56,-2.53,8.49
RESIDENT,26.59,32.33,24.45,30.52,10,11,12,1,28.47,1.31,33.64
RESIDENT,24.64,24.85,24.46,28.32,2,3,4,5,25.57,1.23,20.96
RESIDENT,36.9,35.19,33.71,34.31,8,9,10,11,35.03,-0.86,35.32
RESIDENT,7.09,15.37,15.51,24.86,12,1,2,3,15.71,5.92,17.49
RESIDENT,3.44,12.71,11.01,12.44,2,3,4,5,9.9,3.0,15.88
RESIDENT,13.63,28.04,10.47,21.54,10,11,12,1,18.42,2.64,18.07
PUBLIC_SERVICE,88.32,93.98,71.8,65.29,6,7,8,9,79.85,-7.68,64.28
RESIDENT,2.29,8.45,5.31,5.59,10,11,12,1,5.41,1.1,5.82
RESIDENT,27.23,28.16,26.79,22.6,8,9,10,11,26.2,-1.54,22.05
PUBLIC_SERVICE,153.98,151.22,141.62,127.47,4,5,6,7,143.57,-8.84,123.09
RESIDENT,26.25,29.04,27.97,24.46,5,6,7,8,26.93,-0.6,17.94
RESIDENT,15.17,17.15,12.88,33.34,12,1,2,3,19.64,6.06,17.37
GOVERNMENT,303.3,335.64,294.2,343.88,2,3,4,5,319.25,13.53,390.44
RESIDENT,15.57,15.91,22.14,28.37,1,2,3,4,20.5,4.27,22.31
RESIDENT,27.82,24.43,25.19,19.58,6,7,8,9,24.25,-2.75,18.86
RESIDENT,36.0,36.37,30.23,30.42,6,7,8,9,33.26,-1.86,22.71
RESIDENT,25.57,25.55,37.28,34.4,1,2,3,4,30.7,2.94,36.36
RESIDENT,9.02,7.14,4.16,14.31,10,11,12,1,8.66,1.76,13.2
RESIDENT,39.8,26.85,16.5,20.79,7,8,9,10,25.98,-6.34,22.56
RESIDENT,23.07,13.93,9.69,13.76,7,8,9,10,15.11,-3.1,9.83
FACTORY,1098.56,1238.29,1271.9,1453.89,2,3,4,5,1265.66,118.44,1315.07
FACTORY,1382.98,1284.17,1409.36,1139.34,4,5,6,7,1303.96,-81.21,1180.5
RESIDENT,33.8,31.75,32.2,27.98,3,4,5,6,31.43,-1.94,29.93
RESIDENT,17.11,18.47,14.55,24.41,9,10,11,12,18.63,2.43,24.62
PUBLIC_SERVICE,48.63,70.88,66.6,77.73,12,1,2,3,65.96,9.7,92.03
RESIDENT,18.68,17.21,17.53,11.76,4,5,6,7,16.3,-2.31,14.2
RESIDENT,38.98,30.55,29.48,22.12,7,8,9,10,30.28,-5.62,26.37
RESIDENT,22.84,18.6,20.04,21.6,9,10,11,12,20.77,-0.41,25.62
ORGANIZATION,99.2,87.23,94.99,83.37,4,5,6,7,91.2,-5.28,60.43
FACTORY,1887.76,1623.48,1940.34,1981.06,10,11,12,1,1858.16,31.1,1978.68
GOVERNMENT,218.98,171.02,164.3,271.49,1,2,3,4,206.45,17.5,218.99
GOVERNMENT,232.62,279.6,255.16,273.04,3,4,5,6,260.11,13.47,281.54
PUBLIC_SERVICE,70.47,53.16,47.42,50.08,2,3,4,5,55.28,-6.8,68.92
RESIDENT,19.96,17.74,13.33,9.45,5,6,7,8,15.12,-3.5,11.82
RESIDENT,24.16,16.05,14.29,14.55,5,6,7,8,17.26,-3.2,13.96
RESIDENT,27.49,36.87,27.82,24.43,4,5,6,7,29.15,-1.02,25.19
PUBLIC_SERVICE,56.12,75.09,62.43,44.25,8,9,10,11,59.47,-3.96,68.01
RESIDENT,6.61,0.5,5.42,9.11,10,11,12,1,5.41,0.83,5.09
PUBLIC_SERVICE,124.53,100.15,141.68,149.5,3,4,5,6,128.97,8.32,146.11
ORGANIZATION,121.23,105.77,158.27,140.98,12,1,2,3,131.56,6.58,134.84
RESIDENT,23.21,19.8,26.52,26.25,11,12,1,2,23.95,1.01,29.58
PUBLIC_SERVICE,95.99,86.23,78.76,112.2,11,12,1,2,93.3,5.4,99.81
GOVERNMENT,139.24,148.6,159.35,303.0,2,3,4,5,187.55,54.59,220.21
FACTORY,1459.32,1413.72,1262.92,1443.31,8,9,10,11,1394.82,-5.34,1613.13
PUBLIC_SERVICE,115.65,107.52,106.63,107.89,11,12,1,2,109.42,-2.59,121.17
GOVERNMENT,278.1,355.81,347.97,401.09,11,12,1,2,345.74,41.0,408.77
GOVERNMENT,195.0,227.62,351.84,244.86,12,1,2,3,254.83,16.62,214.62
RESIDENT,18.85,21.01,18.05,24.16,1,2,3,4,20.52,1.77,25.49
RESIDENT,28.63,24.17,25.58,31.88,10,11,12,1,27.56,1.08,37.04
PUBLIC_SERVICE,78.96,91.5,81.41,122.61,11,12,1,2,93.62,14.55,122.3
PUBLIC_SERVICE,53.54,82.6,77.17,94.63,2,3,4,5,76.98,13.7,72.72
PUBLIC_SERVICE,73.18,77.95,117.14,86.79,11,12,1,2,88.77,4.54,81.72
GOVERNMENT,225.99,234.97,280.61,253.95,12,1,2,3,248.88,9.32,266.53
RESIDENT,31.33,30.5,30.04,27.71,8,9,10,11,29.9,-1.21,30.32
PUBLIC_SERVICE,100.77,108.28,118.28,110.61,12,1,2,3,109.49,3.28,109.45
GOVERNMENT,256.4,441.71,257.9,202.4,8,9,10,11,289.6,-18.0,292.17
FACTORY,769.13,806.42,627.17,852.98,11,12,1,2,763.92,27.95,964.8
RESIDENT,4.77,6.69,3.9,6.12,12,1,2,3,5.37,0.45,3.91
PUBLIC_SERVICE,31.97,43.25,43.18,65.79,11,12,1,2,46.05,11.27,58.41
RESIDENT,24.38,24.64,21.87,23.68,9,10,11,12,23.64,-0.23,31.97
RESIDENT,22.37,30.03,28.98,30.94,11,12,1,2,28.08,2.86,31.91
RESIDENT,19.84,18.7,32.89,28.77,1,2,3,4,25.05,2.98,27.75
RESIDENT,14.06,9.75,4.24,9.29,9,10,11,12,9.34,-1.59,10.93
RESIDENT,2.77,9.66,5.46,9.72,10,11,12,1,6.9,2.32,8.81
ORGANIZATION,142.57,145.34,108.95,143.15,7,8,9,10,135.0,0.19,153.49
RESIDENT,23.61,23.22,23.84,30.37,7,8,9,10,25.26,2.25,18.68
ORGANIZATION,179.58,149.05,164.02,131.19,5,6,7,8,155.96,-16.13,143.49
GOVERNMENT,315.13,357.4,253.09,346.81,10,11,12,1,318.11,10.56,392.41
RESIDENT,25.51,19.38,25.66,27.18,4,5,6,7,24.43,0.56,25.09
PUBLIC_SERVICE,81.59,49.69,46.83,44.09,7,8,9,10,55.55,-12.5,37.62
RESIDENT,18.29,11.31,16.74,15.39,7,8,9,10,15.43,-0.97,16.85
RESIDENT,21.17,18.09,20.26,16.07,5,6,7,8,18.9,-1.7,13.98
RESIDENT,27.72,30.0,29.2,38.23,9,10,11,12,31.29,3.5,37.36
FACTORY,951.35,853.2,923.93,750.99,5,6,7,8,869.87,-66.79,480.01
ORGANIZATION,121.7,97.86,123.38,131.09,3,4,5,6,118.51,3.13,110.25
RESIDENT,32.96,29.59,35.82,41.78,12,1,2,3,35.04,2.94,39.85
RESIDENT,37.87,34.18,38.59,46.61,2,3,4,5,39.31,2.91,38.1
GOVERNMENT,386.56,386.74,361.55,442.86,9,10,11,12,394.43,18.77,474.32
GOVERNMENT,180.34,131.05,175.52,101.28,8,9,10,11,147.05,-26.35,103.48
PUBLIC_SERVICE,121.58,106.17,147.85,97.96,2,3,4,5,118.39,-7.87,128.99
RESIDENT,15.29,15.11,14.26,17.25,11,12,1,2,15.48,0.65,17.88
PUBLIC_SERVICE,152.39,150.95,154.17,174.37,2,3,4,5,157.97,7.33,149.87
ORGANIZATION,154.46,171.63,263.06,209.07,12,1,2,3,199.56,18.2,194.97
RESIDENT,15.64,15.21,14.89,16.69,5,6,7,8,15.61,0.35,16.64
ORGANIZATION,185.04,172.31,239.23,160.81,8,9,10,11,189.35,-8.08,199.29
RESIDENT,11.99,10.94,14.15,14.76,12,1,2,3,12.96,0.92,17.98
RESIDENT,21.71,22.54,23.39,18.74,4,5,6,7,21.59,-0.99,12.52
RESIDENT,42.76,39.82,35.96,37.68,6,7,8,9,39.05,-1.69,30.36
FACTORY,519.41,853.53,809.56,984.08,3,4,5,6,791.64,154.89,793.94
RESIDENT,29.24,24.2,16.52,24.0,4,5,6,7,23.49,-1.75,21.97
RESIDENT,10.79,13.84,9.96,7.59,10,11,12,1,10.55,-1.07,15.02
RESIDENT,23.97,17.61,18.54,20.64,9,10,11,12,20.19,-1.11,12.38
RESIDENT,10.44,12.27,13.69,22.06,2,3,4,5,14.61,3.87,16.03
RESIDENT,13.42,22.12,22.48,27.07,2,3,4,5,21.27,4.55,18.66
RESIDENT,13.39,2.83,11.44,12.02,12,1,2,3,9.92,-0.46,22.13
PUBLIC_SERVICE,162.24,164.92,162.15,155.55,3,4,5,6,161.21,-2.23,163.63
GOVERNMENT,221.36,278.63,275.52,242.56,9,10,11,12,254.52,7.07,325.42
FACTORY,1267.33,1534.66,1432.86,1589.66,12,1,2,3,1456.13,107.44,1579.23
RESIDENT,33.16,28.79,26.6,24.25,4,5,6,7,28.2,-2.97,31.3
RESIDENT,9.31,12.63,13.99,15.24,12,1,2,3,12.79,1.98,20.1
PUBLIC_SERVICE,42.65,43.98,44.12,71.54,1,2,3,4,50.57,9.63,61.61
ORGANIZATION,147.16,158.82,126.06,172.14,9,10,11,12,151.05,8.33,155.52
RESIDENT,23.86,23.76,21.13,18.75,3,4,5,6,21.88,-1.7,22.24
ORGANIZATION,60.99,64.79,63.16,58.3,11,12,1,2,61.81,-0.9,69.54
FACTORY,949.06,888.76,1000.75,1160.96,10,11,12,1,999.88,70.63,1263.51
GOVERNMENT,359.19,332.45,331.1,381.4,7,8,9,10,351.03,7.4,327.15
RESIDENT,23.39,24.79,26.93,28.7,11,12,1,2,25.95,1.77,35.65
RESIDENT,28.47,45.65,28.44,35.85,9,10,11,12,34.6,2.46,31.27
RESIDENT,7.56,13.14,1.5,7.99,7,8,9,10,7.55,0.14,1.09
RESIDENT,3.54,5.44,7.94,10.16,11,12,1,2,6.77,2.21,16.47
RESIDENT,29.29,28.47,25.11,21.85,7,8,9,10,26.18,-2.48,23.24
PUBLIC_SERVICE,54.52,45.86,39.8,30.73,8,9,10,11,42.73,-7.93,32.05
ORGANIZATION,136.71,140.22,139.84,175.93,1,2,3,4,148.18,13.07,142.76
RESIDENT,6.83,4.41,0.5,0.5,8,9,10,11,3.06,-2.11,4.14
RESIDENT,31.72,33.49,30.09,40.42,12,1,2,3,33.93,2.9,34.16
RESIDENT,22.31,15.94,17.06,17.12,9,10,11,12,18.11,-1.73,15.91
PUBLIC_SERVICE,65.12,48.7,61.36,30.87,6,7,8,9,51.51,-11.42,28.7
ORGANIZATION,117.5,168.71,155.74,163.48,3,4,5,6,151.36,15.33,127.42
FACTORY,1783.28,1696.22,1567.07,2301.02,6,7,8,9,1836.9,172.58,1792.75
GOVERNMENT,94.88,46.8,54.63,67.52,9,10,11,12,65.96,-9.12,80.25
RESIDENT,18.0,15.72,25.17,15.49,4,5,6,7,18.59,-0.84,6.52
ORGANIZATION,205.23,230.36,207.69,210.65,6,7,8,9,213.48,1.81,228.67
RESIDENT,30.49,26.79,24.41,27.57,2,3,4,5,27.31,-0.97,29.75
GOVERNMENT,545.15,589.33,582.04,529.79,5,6,7,8,561.58,-5.12,519.47
RESIDENT,10.06,26.67,17.97,28.26,10,11,12,1,20.74,6.07,22.49
GOVERNMENT,152.51,91.82,98.77,128.66,7,8,9,10,117.94,-7.95,165.17
FACTORY,1095.11,930.96,846.28,820.36,8,9,10,11,923.18,-91.58,742.45
GOVERNMENT,589.33,582.04,529.79,519.47,6,7,8,9,555.16,-23.29,477.08
RESIDENT,13.99,18.35,13.09,16.29,1,2,3,4,15.43,0.77,21.5
ORGANIZATION,30.55,12.77,53.97,61.45,9,10,11,12,39.69,10.3,60.89
RESIDENT,28.7,35.65,34.12,37.61,2,3,4,5,34.02,2.97,29.8
RESIDENT,5.59,6.87,6.21,8.52,11,12,1,2,6.8,0.98,10.16
RESIDENT,9.57,5.54,0.5,2.12,8,9,10,11,4.43,-2.48,0.5
RESIDENT,21.86,20.15,22.52,23.35,10,11,12,1,21.97,0.5,25.87
RESIDENT,8.38,4.71,12.85,12.6,3,4,5,6,9.63,1.41,8.59
ORGANIZATION,43.49,24.99,52.85,58.09,9,10,11,12,44.86,4.87,4.51
FACTORY,1540.14,1701.88,1590.3,1738.18,2,3,4,5,1642.63,66.01,1864.96
RESIDENT,35.14,37.11,37.32,27.74,4,5,6,7,34.33,-2.47,43.9
RESIDENT,10.09,6.42,4.26,7.69,6,7,8,9,7.11,-0.8,0.5
RESIDENT,15.16,19.62,9.32,15.07,4,5,6,7,14.79,-0.03,12.34
RESIDENT,12.87,10.57,7.56,14.55,10,11,12,1,11.39,0.56,15.19
RESIDENT,14.58,24.16,18.44,13.98,3,4,5,6,17.79,-0.2,14.77
ORGANIZATION,75.32,93.39,107.42,113.02,11,12,1,2,97.29,12.57,157.39
ORGANIZATION,201.78,192.42,212.13,202.93,2,3,4,5,202.31,0.38,226.61
RESIDENT,30.0,28.59,33.59,31.58,1,2,3,4,30.94,0.53,34.82
RESIDENT,17.71,12.98,17.12,21.12,12,1,2,3,17.23,1.14,28.58
FACTORY,845.31,787.16,951.35,853.2,3,4,5,6,859.25,2.63,923.93
PUBLIC_SERVICE,57.74,70.67,70.09,85.18,11,12,1,2,70.92,9.15,142.26
ORGANIZATION,111.81,119.45,80.38,96.24,7,8,9,10,101.97,-5.19,90.0
RESIDENT,10.57,17.49,16.02,14.34,2,3,4,5,14.61,1.26,22.71
PUBLIC_SERVICE,138.62,139.05,144.21,148.29,3,4,5,6,142.54,3.22,133.76
PUBLIC_SERVICE,68.89,68.86,93.14,68.17,3,4,5,6,74.77,-0.24,62.96
PUBLIC_SERVICE,134.46,121.85,102.21,157.01,9,10,11,12,128.88,7.52,124.09
GOVERNMENT,179.59,181.09,202.95,267.65,11,12,1,2,207.82,29.35,264.43
GOVERNMENT,437.03,418.27,363.73,436.33,10,11,12,1,413.84,-0.23,404.19
RESIDENT,3.25,7.28,2.94,10.44,11,12,1,2,5.98,2.4,12.27
RESIDENT,16.56,18.08,15.36,11.79,5,6,7,8,15.45,-1.59,10.96
ORGANIZATION,75.42,95.29,86.7,96.9,10,11,12,1,88.58,7.16,126.33
RESIDENT,23.11,22.63,20.53,23.32,5,6,7,8,22.4,0.07,22.94
PUBLIC_SERVICE,105.51,110.51,144.42,118.89,2,3,4,5,119.83,4.46,104.14
ORGANIZATION,54.97,63.88,64.98,53.16,9,10,11,12,59.25,-0.6,69.67
GOVERNMENT,485.39,428.42,396.68,332.67,7,8,9,10,410.79,-50.91,360.13
RESIDENT,20.85,22.01,31.2,29.99,11,12,1,2,26.01,3.05,39.64
RESIDENT,0.5,4.77,6.69,3.9,11,12,1,2,3.97,1.13,6.12
RESIDENT,7.41,1.35,2.3,0.5,10,11,12,1,2.89,-2.3,4.09
GOVERNMENT,452.7,516.17,417.16,395.98,4,5,6,7,445.5,-18.91,351.79
ORGANIZATION,199.51,177.38,161.94,175.03,9,10,11,12,178.46,-8.16,192.1
PUBLIC_SERVICE,56.16,64.54,61.66,77.95,2,3,4,5,65.08,7.26,86.73
RESIDENT,18.23,7.3,9.84,8.12,3,4,5,6,10.87,-3.37,13.63
RESIDENT,29.21,29.44,34.38,39.5,1,2,3,4,33.13,3.43,36.39
RESIDENT,34.1,38.31,42.81,38.77,3,4,5,6,38.5,1.56,33.98
RESIDENT,18.97,23.91,19.43,20.66,9,10,11,12,20.74,0.56,18.3
RESIDENT,10.62,5.6,16.23,13.77,12,1,2,3,11.55,1.05,18.28
RESIDENT,26.15,20.71,22.26,21.5,9,10,11,12,22.66,-1.55,24.69
PUBLIC_SERVICE,86.34,97.28,118.36,113.56,4,5,6,7,103.89,9.07,78.3
RESIDENT,32.37,36.41,35.13,35.26,2,3,4,5,34.79,0.96,38.04
RESIDENT,15.52,16.04,13.02,9.82,8,9,10,11,13.6,-1.9,6.19
RESIDENT,27.73,30.66,34.2,29.54,3,4,5,6,30.53,0.6,24.09
GOVERNMENT,116.25,81.16,75.96,27.44,8,9,10,11,75.2,-29.6,68.18
RESIDENT,16.71,15.8,18.78,14.7,1,2,3,4,16.5,-0.67,13.55
ORGANIZATION,187.37,201.33,219.44,235.3,1,2,3,4,210.86,15.98,260.67
RESIDENT,28.59,33.59,31.58,34.82,2,3,4,5,32.15,2.08,44.21
FACTORY,1486.83,2350.07,1463.59,1587.53,5,6,7,8,1722.0,33.57,1512.49
RESIDENT,14.48,5.13,4.18,10.59,8,9,10,11,8.59,-1.3,9.13
GOVERNMENT,505.75,523.98,523.47,551.35,5,6,7,8,526.14,15.2,535.85
RESIDENT,21.14,17.75,17.52,15.33,9,10,11,12,17.93,-1.94,23.26
RESIDENT,19.53,16.18,24.57,31.16,2,3,4,5,22.86,3.88,17.56
RESIDENT,32.54,55.53,36.41,31.2,3,4,5,6,38.92,-0.45,37.35
RESIDENT,0.5,11.77,17.45,18.24,1,2,3,4,11.99,5.91,16.94
PUBLIC_SERVICE,65.79,62.99,65.41,51.56,5,6,7,8,61.44,-4.74,42.77
RESIDENT,24.27,28.32,32.92,30.31,1,2,3,4,28.96,2.01,33.6
RESIDENT,36.79,32.49,30.48,20.25,6,7,8,9,30.0,-5.51,21.58
RESIDENT,15.02,10.76,30.06,18.51,1,2,3,4,18.59,1.16,16.65
RESIDENT,3.03,9.92,15.89,23.01,11,12,1,2,12.96,6.66,16.14
FACTORY,778.71,605.31,589.49,461.35,9,10,11,12,608.72,-105.79,523.39
RESIDENT,8.85,9.91,8.04,16.22,12,1,2,3,10.75,2.46,16.61
RESIDENT,38.39,33.39,32.99,31.19,5,6,7,8,33.99,-2.4,26.8
RESIDENT,9.34,6.06,13.39,2.83,10,11,12,1,7.9,-2.17,11.44
RESIDENT,9.04,14.29,17.24,17.85,12,1,2,3,14.6,2.94,25.19
PUBLIC_SERVICE,111.9,78.68,97.57,68.86,3,4,5,6,89.25,-14.35,71.16
PUBLIC_SERVICE,77.95,86.73,67.03,69.86,5,6,7,8,75.39,-2.7,42.7
RESIDENT,27.47,34.78,26.29,22.18,5,6,7,8,27.68,-1.76,20.02
FACTORY,1807.61,1865.44,1827.21,1921.45,3,4,5,6,1855.43,37.95,2005.81
RESIDENT,17.23,12.18,15.9,14.93,4,5,6,7,15.06,-0.77,15.38
RESIDENT,21.38,18.67,39.07,26.31,11,12,1,2,26.36,1.64,34.6
GOVERNMENT,111.43,71.02,149.82,69.7,7,8,9,10,100.49,-13.91,136.62
RESIDENT,10.62,3.91,2.28,4.31,9,10,11,12,5.28,-2.1,12.21
RESIDENT,17.21,13.57,9.76,13.83,9,10,11,12,13.59,-1.13,19.12
RESIDENT,29.35,34.02,31.66,28.04,5,6,7,8,30.77,-0.44,23.03
RESIDENT,21.94,22.67,25.2,22.44,12,1,2,3,23.06,0.17,31.32
RESIDENT,25.23,36.73,27.01,17.99,5,6,7,8,26.74,-2.41,16.39
GOVERNMENT,287.78,221.79,173.79,192.5,7,8,9,10,218.96,-31.76,195.18
PUBLIC_SERVICE,43.22,23.1,56.79,54.58,10,11,12,1,44.42,3.79,66.03
PUBLIC_SERVICE,89.09,102.4,83.41,110.46,12,1,2,3,96.34,7.12,121.67
PUBLIC_SERVICE,142.5,93.71,103.19,124.97,1,2,3,4,116.09,-5.84,121.45
RESIDENT,40.05,39.96,36.5,36.6,4,5,6,7,38.28,-1.15,31.61
RESIDENT,13.77,19.6,23.75,26.17,2,3,4,5,20.82,4.13,19.46
RESIDENT,30.9,34.65,31.09,35.74,5,6,7,8,33.09,1.61,28.96
RESIDENT,26.47,18.04,20.88,18.75,6,7,8,9,21.04,-2.57,15.7
RESIDENT,13.05,13.3,11.34,11.7,11,12,1,2,12.35,-0.45,16.39
RESIDENT,12.12,10.54,18.34,19.87,2,3,4,5,15.22,2.58,17.09
PUBLIC_SERVICE,83.56,104.56,102.55,93.02,9,10,11,12,95.92,3.15,120.82
GOVERNMENT,529.71,530.76,508.87,531.77,5,6,7,8,525.28,0.69,499.97
ORGANIZATION,191.81,176.97,152.95,129.39,3,4,5,6,162.78,-20.81,135.04
RESIDENT,21.71,17.63,14.27,13.8,7,8,9,10,16.85,-2.64,11.3
ORGANIZATION,163.99,164.42,138.85,133.67,6,7,8,9,150.23,-10.11,159.21
RESIDENT,24.29,24.67,33.24,29.65,1,2,3,4,27.96,1.79,34.38
FACTORY,609.67,589.45,681.96,571.74,1,2,3,4,613.2,-12.64,939.52
RESIDENT,31.14,20.85,22.7,22.72,8,9,10,11,24.35,-2.81,17.68
RESIDENT,4.95,1.23,3.21,6.81,10,11,12,1,4.05,0.62,7.81
GOVERNMENT,267.4,278.72,288.64,308.1,1,2,3,4,285.72,13.57,281.85
RESIDENT,24.44,26.68,25.18,24.1,4,5,6,7,25.1,-0.11,21.72
ORGANIZATION,190.94,214.6,208.74,204.96,3,4,5,6,204.81,4.67,211.45
RESIDENT,14.45,14.99,20.35,22.4,10,11,12,1,18.05,2.65,27.05
RESIDENT,15.25,18.51,12.03,11.82,9,10,11,12,14.4,-1.14,25.36
PUBLIC_SERVICE,3.53,26.78,29.0,49.27,11,12,1,2,27.15,15.25,37.35
RESIDENT,24.81,31.07,33.85,28.84,2,3,4,5,29.64,1.34,32.54
GOVERNMENT,374.38,342.8,349.1,531.99,2,3,4,5,399.57,52.54,359.1
PUBLIC_SERVICE,135.53,158.52,139.14,139.0,9,10,11,12,143.05,1.16,152.82
RESIDENT,27.03,24.33,27.03,17.36,7,8,9,10,23.94,-3.22,13.92
RESIDENT,21.09,18.4,22.64,8.01,6,7,8,9,17.54,-4.36,12.38
RESIDENT,25.86,32.18,32.57,30.48,2,3,4,5,30.27,1.54,42.81
RESIDENT,9.32,14.51,10.14,10.23,2,3,4,5,11.05,0.3,10.19
RESIDENT,5.36,2.35,4.14,4.89,9,10,11,12,4.19,-0.16,6.12
RESIDENT,26.77,24.37,21.59,22.88,2,3,4,5,23.9,-1.3,27.05
PUBLIC_SERVICE,120.4,128.25,122.2,144.37,1,2,3,4,128.81,7.99,149.67
RESIDENT,11.55,10.01,9.11,21.84,10,11,12,1,13.13,3.43,18.2
PUBLIC_SERVICE,75.32,66.06,65.52,42.16,5,6,7,8,62.26,-11.05,39.98
RESIDENT,18.93,14.85,15.86,10.44,8,9,10,11,15.02,-2.83,14.15
RESIDENT,31.68,37.18,35.41,38.16,11,12,1,2,35.61,2.16,35.36
PUBLIC_SERVICE,151.69,147.99,141.11,145.06,6,7,8,9,146.46,-2.21,139.23
RESIDENT,4.88,6.55,6.01,5.49,9,10,11,12,5.73,0.2,1.5
FACTORY,742.71,770.25,641.68,393.77,6,7,8,9,637.1,-116.31,491.03
GOVERNMENT,217.0,219.88,199.18,207.55,8,9,10,11,210.9,-3.15,184.02
ORGANIZATION,193.06,224.95,212.89,248.72,3,4,5,6,219.91,18.55,206.17
FACTORY,1342.21,1253.04,1322.58,1572.02,10,11,12,1,1372.46,76.6,1562.5
RESIDENT,25.07,36.69,29.94,30.75,2,3,4,5,30.61,1.89,29.55
RESIDENT,31.04,31.56,35.51,27.82,6,7,8,9,31.48,-1.07,24.21
RESIDENT,14.85,10.84,8.41,10.56,7,8,9,10,11.16,-1.43,7.18
GOVERNMENT,317.91,312.45,314.17,322.43,10,11,12,1,316.74,1.51,346.42
RESIDENT,9.08,11.81,14.44,9.64,7,8,9,10,11.24,0.19,21.92
RESIDENT,28.93,35.62,41.68,43.11,2,3,4,5,37.33,4.73,35.69
FACTORY,823.9,651.77,671.2,579.77,5,6,7,8,681.66,-81.38,639.05
RESIDENT,7.59,7.14,9.16,11.14,7,8,9,10,8.76,1.18,4.52
RESIDENT,10.6,11.92,7.55,16.6,10,11,12,1,11.67,2.0,15.25
RESIDENT,28.17,19.82,18.13,19.59,11,12,1,2,21.43,-2.86,28.29
RESIDENT,22.78,32.64,28.51,35.51,11,12,1,2,29.86,4.24,33.4
RESIDENT,18.1,11.86,15.06,15.97,8,9,10,11,15.25,-0.71,19.97
RESIDENT,31.29,30.43,31.63,43.19,11,12,1,2,34.13,3.97,52.09
RESIDENT,16.22,16.83,10.65,14.24,4,5,6,7,14.48,-0.66,4.48
RESIDENT,6.45,8.77,11.55,11.62,2,3,4,5,9.6,1.72,14.11
FACTORY,1673.82,1486.83,2350.07,1463.59,4,5,6,7,1743.58,-70.08,1587.53
RESIDENT,23.98,24.25,22.76,18.45,7,8,9,10,22.36,-1.84,13.57
RESIDENT,33.59,33.24,31.38,30.18,7,8,9,10,32.1,-1.14,27.29
RESIDENT,9.84,5.74,21.56,14.81,11,12,1,2,12.99,1.66,20.63
ORGANIZATION,175.11,137.91,147.76,159.94,7,8,9,10,155.18,-5.06,176.23
ORGANIZATION,47.64,57.85,41.79,62.36,10,11,12,1,52.41,4.91,41.01
RESIDENT,11.39,19.83,18.76,19.91,11,12,1,2,17.47,2.84,26.64
RESIDENT,12.23,15.52,26.7,19.03,12,1,2,3,18.37,2.27,28.61
PUBLIC_SERVICE,92.95,77.34,59.29,60.0,7,8,9,10,72.4,-10.98,61.51
PUBLIC_SERVICE,59.78,72.53,92.67,75.25,11,12,1,2,75.06,5.16,71.19
ORGANIZATION,155.42,118.37,120.97,105.59,8,9,10,11,125.09,-16.61,134.4
RESIDENT,28.17,24.63,27.74,30.1,10,11,12,1,27.66,0.64,28.37
ORGANIZATION,96.34,107.0,166.86,138.59,12,1,2,3,127.2,14.08,153.07
RESIDENT,41.23,33.31,30.2,29.95,7,8,9,10,33.67,-3.76,31.37
ORGANIZATION,70.08,117.57,111.57,115.31,12,1,2,3,103.63,15.08,113.65
PUBLIC_SERVICE,109.85,135.79,118.28,124.61,3,4,5,6,122.13,4.92,125.12
RESIDENT,30.15,22.19,22.88,21.21,11,12,1,2,24.11,-2.98,21.33
RESIDENT,33.01,34.47,30.83,37.64,8,9,10,11,33.99,1.54,26.92
FACTORY,1392.31,1435.05,1223.22,1059.57,4,5,6,7,1277.54,-110.91,1181.3
PUBLIC_SERVICE,58.81,33.39,9.08,25.24,6,7,8,9,31.63,-11.19,40.71
RESIDENT,14.55,2.52,7.07,7.84,8,9,10,11,8.0,-2.24,12.56
RESIDENT,21.73,20.29,11.93,14.85,7,8,9,10,17.2,-2.29,11.63
RESIDENT,15.21,12.56,16.41,12.77,1,2,3,4,14.24,-0.81,15.79
RESIDENT,37.58,39.28,31.9,31.09,5,6,7,8,34.96,-2.16,24.24
FACTORY,1497.15,1521.84,1530.14,1794.59,3,4,5,6,1585.93,99.15,1467.67
RESIDENT,24.35,25.16,23.06,24.22,8,9,10,11,24.2,-0.04,23.83
ORGANIZATION,47.13,47.62,75.16,52.1,2,3,4,5,55.5,1.66,41.77
RESIDENT,16.16,19.34,32.86,22.55,1,2,3,4,22.73,2.13,30.3
RESIDENT,8.56,8.18,3.84,9.03,10,11,12,1,7.4,0.16,11.9
RESIDENT,1.92,3.98,4.15,10.53,9,10,11,12,5.14,2.87,5.09
RESIDENT,30.69,31.28,29.49,32.74,10,11,12,1,31.05,0.68,29.96
RESIDENT,28.66,26.42,23.86,19.54,5,6,7,8,24.62,-3.04,24.94
FACTORY,2386.02,1367.11,1491.36,1373.55,7,8,9,10,1654.51,-337.49,1256.82
PUBLIC_SERVICE,102.21,157.01,124.09,118.12,11,12,1,2,125.36,5.3,124.08
PUBLIC_SERVICE,121.31,118.02,98.41,112.95,6,7,8,9,112.67,-2.79,92.94
RESIDENT,18.55,25.32,19.93,23.4,8,9,10,11,21.8,1.62,21.53
GOVERNMENT,300.12,350.67,327.61,357.83,6,7,8,9,334.06,19.24,315.08
PUBLIC_SERVICE,123.93,129.4,102.74,99.68,6,7,8,9,113.94,-8.08,91.72
RESIDENT,19.27,15.84,16.1,11.1,4,5,6,7,15.58,-2.72,11.99
GOVERNMENT,340.27,299.43,335.32,328.07,1,2,3,4,325.77,-4.07,393.71
RESIDENT,24.39,10.05,13.8,10.5,9,10,11,12,14.68,-4.63,14.42
ORGANIZATION,24.94,41.21,52.6,66.19,10,11,12,1,46.23,13.75,79.72
RESIDENT,27.57,26.75,23.72,24.57,8,9,10,11,25.65,-1.0,31.1
FACTORY,1932.88,1980.15,1836.23,2144.12,10,11,12,1,1973.35,70.41,2089.5
GOVERNMENT,311.67,292.42,278.1,355.81,9,10,11,12,309.5,14.71,347.97
GOVERNMENT,112.18,159.86,158.86,104.69,4,5,6,7,133.9,-2.5,111.21
RESIDENT,16.43,16.04,23.28,25.98,12,1,2,3,20.43,3.18,25.23
RESIDENT,13.5,14.23,22.12,14.61,10,11,12,1,16.12,0.37,22.32
PUBLIC_SERVICE,64.54,61.66,77.95,86.73,3,4,5,6,72.72,7.4,67.03
RESIDENT,29.01,26.1,36.45,35.46,1,2,3,4,31.76,2.15,43.85
RESIDENT,6.32,6.39,0.5,11.77,11,12,1,2,6.25,1.82,17.45
RESIDENT,17.0,15.68,16.15,14.24,10,11,12,1,15.77,-0.92,13.45
GOVERNMENT,166.16,190.76,211.51,232.62,12,1,2,3,200.26,22.15,279.6
GOVERNMENT,669.0,515.88,470.12,480.0,4,5,6,7,533.75,-63.0,439.08
RESIDENT,35.31,35.74,32.33,33.21,6,7,8,9,34.15,-0.7,29.43
RESIDENT,34.65,31.09,35.74,28.96,6,7,8,9,32.61,-1.9,26.19
RESIDENT,35.14,24.04,27.7,23.23,8,9,10,11,27.53,-3.97,24.18
RESIDENT,25.29,29.89,31.07,31.44,11,12,1,2,29.42,2.05,42.85
FACTORY,1452.81,1483.22,1243.13,1349.05,6,7,8,9,1382.05,-34.59,1204.45
RESIDENT,26.67,22.52,21.82,24.65,2,3,4,5,23.91,-0.67,22.5
RESIDENT,2.26,0.5,2.94,7.58,10,11,12,1,3.32,1.77,11.38
RESIDENT,18.7,15.11,10.69,14.16,5,6,7,8,14.66,-1.51,16.77
PUBLIC_SERVICE,117.75,132.46,161.37,116.18,4,5,6,7,131.94,-0.52,115.58
RESIDENT,22.19,26.21,32.38,32.72,12,1,2,3,28.38,3.51,46.43
ORGANIZATION,181.24,101.73,127.56,123.17,3,4,5,6,133.43,-19.36,108.19
PUBLIC_SERVICE,50.27,84.3,81.38,86.18,1,2,3,4,75.53,11.97,101.35
RESIDENT,10.9,16.71,15.8,18.78,12,1,2,3,15.55,2.63,14.7
RESIDENT,14.85,15.65,19.07,8.71,6,7,8,9,14.57,-2.05,10.49
RESIDENT,32.83,24.72,38.51,21.37,6,7,8,9,29.36,-3.82,32.61
RESIDENT,33.51,19.23,18.74,16.65,8,9,10,11,22.03,-5.62,17.31
FACTORY,579.86,664.99,618.12,719.15,2,3,4,5,645.53,46.43,701.03
ORGANIZATION,198.21,181.02,201.78,192.42,12,1,2,3,193.36,-1.93,212.13
RESIDENT,35.09,36.54,27.37,40.25,6,7,8,9,34.81,1.72,28.18
RESIDENT,10.54,9.04,14.29,17.24,11,12,1,2,12.78,2.23,17.85
RESIDENT,9.83,9.67,12.77,9.11,4,5,6,7,10.34,-0.24,7.83
RESIDENT,26.62,26.95,21.28,21.6,5,6,7,8,24.11,-1.67,14.76
FACTORY,851.18,1054.17,1029.23,955.33,8,9,10,11,972.48,34.72,1510.8
ORGANIZATION,147.07,117.5,168.71,155.74,2,3,4,5,147.25,2.89,163.48
ORGANIZATION,84.33,24.94,41.21,52.6,9,10,11,12,50.77,-10.58,66.19
RESIDENT,38.28,34.07,33.66,30.17,7,8,9,10,34.05,-2.7,27.61
RESIDENT,13.65,10.17,19.1,12.83,1,2,3,4,13.94,-0.27,16.03
RESIDENT,15.55,8.42,12.4,3.47,6,7,8,9,9.96,-4.03,0.5
FACTORY,674.89,836.53,554.57,591.14,7,8,9,10,664.28,-27.92,571.75
ORGANIZATION,81.73,79.11,110.03,94.35,1,2,3,4,91.31,4.21,84.0
FACTORY,1649.29,1565.33,1736.54,1565.16,9,10,11,12,1629.08,-28.04,1413.73
RESIDENT,5.46,5.48,7.86,6.62,9,10,11,12,6.36,0.39,7.6
ORGANIZATION,172.95,184.78,172.02,155.01,7,8,9,10,171.19,-5.98,170.65
RESIDENT,10.4,11.11,12.45,13.04,10,11,12,1,11.75,0.88,17.99
RESIDENT,7.76,17.67,19.54,13.44,11,12,1,2,14.6,1.89,23.4
RESIDENT,11.3,23.77,23.47,27.15,12,1,2,3,21.42,5.28,30.01
RESIDENT,14.57,18.26,19.79,21.17,2,3,4,5,18.45,2.2,18.09
RESIDENT,14.9,16.22,14.41,16.59,1,2,3,4,15.53,0.56,18.67
FACTORY,1535.82,1620.48,1618.71,1462.8,1,2,3,4,1559.45,-24.34,1729.75
RESIDENT,31.09,39.8,26.85,16.5,6,7,8,9,28.56,-4.86,20.79
RESIDENT,15.22,20.11,21.56,26.4,12,1,2,3,20.82,3.73,34.58
ORGANIZATION,138.14,99.8,109.73,121.85,2,3,4,5,117.38,-5.43,143.49
RESIDENT,37.31,33.16,28.32,32.76,6,7,8,9,32.89,-1.52,22.62
PUBLIC_SERVICE,79.93,76.22,75.56,93.63,8,9,10,11,81.34,4.57,79.08
RESIDENT,33.21,29.43,32.55,32.89,9,10,11,12,32.02,-0.11,35.17
PUBLIC_SERVICE,128.01,124.85,128.69,132.3,7,8,9,10,128.46,1.43,130.0
RESIDENT,2.24,7.43,3.2,6.77,11,12,1,2,4.91,1.51,13.06
RESIDENT,6.88,9.68,9.02,7.14,8,9,10,11,8.18,0.09,4.16
GOVERNMENT,192.5,195.18,166.56,169.77,10,11,12,1,181.0,-7.58,214.56
RESIDENT,29.37,29.27,34.88,28.66,9,10,11,12,30.55,-0.24,40.64
RESIDENT,22.15,31.29,27.09,23.06,4,5,6,7,25.9,0.3,23.39
RESIDENT,16.9,17.35,16.13,14.68,9,10,11,12,16.27,-0.74,17.21
RESIDENT,25.72,28.14,36.19,31.85,2,3,4,5,30.48,2.04,35.91
RESIDENT,25.56,23.97,29.2,41.0,3,4,5,6,29.93,5.15,25.66
RESIDENT,19.7,14.55,17.8,14.81,7,8,9,10,16.71,-1.63,11.96
RESIDENT,26.87,19.46,17.62,16.56,7,8,9,10,20.13,-3.44,21.68
RESIDENT,37.17,27.45,26.76,21.53,7,8,9,10,28.23,-5.21,24.49
ORGANIZATION,115.12,119.13,111.32,93.45,7,8,9,10,109.75,-7.22,78.96
GOVERNMENT,421.79,771.79,451.43,519.67,1,2,3,4,541.17,32.63,515.71
RESIDENT,19.25,17.55,23.3,9.64,5,6,7,8,17.43,-3.2,13.38
RESIDENT,38.53,34.3,38.67,39.48,1,2,3,4,37.74,0.32,36.29
GOVERNMENT,217.74,230.48,277.25,165.25,5,6,7,8,222.68,-17.5,164.43
RESIDENT,16.89,12.21,21.92,16.96,8,9,10,11,17.0,0.02,14.59
RESIDENT,22.82,25.3,31.9,25.37,2,3,4,5,26.35,0.85,26.56
RESIDENT,35.16,37.03,46.62,44.44,2,3,4,5,40.81,3.09,44.14
RESIDENT,25.44,25.72,28.14,36.19,1,2,3,4,28.87,3.58,31.85
RESIDENT,18.57,13.04,19.91,17.6,8,9,10,11,17.28,-0.32,26.84
RESIDENT,34.69,33.53,33.94,32.41,4,5,6,7,33.64,-0.76,31.49
RESIDENT,15.37,20.89,22.9,23.68,2,3,4,5,20.71,2.77,16.79
RESIDENT,19.0,18.32,6.87,8.83,7,8,9,10,13.25,-3.39,12.02
RESIDENT,20.5,21.47,20.75,16.44,8,9,10,11,19.79,-1.35,19.95
ORGANIZATION,175.57,211.36,199.55,200.22,3,4,5,6,196.68,8.22,181.02
RESIDENT,4.82,3.3,3.59,6.97,9,10,11,12,4.67,0.72,4.04
PUBLIC_SERVICE,50.21,19.18,30.2,21.89,9,10,11,12,30.37,-9.44,26.15
GOVERNMENT,131.14,110.16,186.81,138.24,6,7,8,9,141.59,2.37,72.4
FACTORY,767.18,469.29,639.41,425.78,9,10,11,12,575.41,-113.8,577.56
ORGANIZATION,158.22,199.51,177.38,161.94,8,9,10,11,174.26,1.24,175.03
ORGANIZATION,93.85,50.92,72.11,59.43,9,10,11,12,69.08,-11.47,83.13
RESIDENT,26.19,23.23,31.49,25.68,6,7,8,9,26.65,-0.17,21.46
FACTORY,713.94,784.35,858.85,596.98,4,5,6,7,738.53,-38.99,699.75
RESIDENT,24.72,26.38,23.71,30.92,1,2,3,4,26.43,2.07,43.28
ORGANIZATION,129.21,214.81,142.91,143.12,9,10,11,12,157.51,4.64,146.72
ORGANIZATION,160.75,154.88,132.9,141.38,6,7,8,9,147.48,-6.46,119.27
RESIDENT,14.99,6.02,9.43,12.23,8,9,10,11,10.67,-0.92,7.68
PUBLIC_SERVICE,166.27,116.12,120.77,130.59,1,2,3,4,133.44,-11.89,134.55
ORGANIZATION,74.45,56.45,78.65,40.05,7,8,9,10,62.4,-11.47,58.81
RESIDENT,13.55,15.21,18.24,19.36,2,3,4,5,16.59,1.94,17.92
RESIDENT,16.35,18.85,21.01,18.05,12,1,2,3,18.57,0.57,24.16
RESIDENT,21.79,17.01,11.41,16.51,5,6,7,8,16.68,-1.76,9.73
RESIDENT,20.88,15.52,16.04,13.02,7,8,9,10,16.36,-2.62,9.82
ORGANIZATION,52.98,47.82,119.75,32.79,5,6,7,8,63.34,-6.73,30.92
FACTORY,1532.17,1433.2,2152.76,1398.55,7,8,9,10,1629.17,-44.54,1493.49
RESIDENT,21.56,14.81,20.63,21.38,1,2,3,4,19.59,-0.06,23.98
PUBLIC_SERVICE,110.31,105.96,112.62,144.33,12,1,2,3,118.31,11.34,127.57
RESIDENT,18.64,18.88,16.71,15.31,9,10,11,12,17.38,-1.11,19.32
RESIDENT,4.16,7.0,2.97,3.08,8,9,10,11,4.3,-0.36,7.1
PUBLIC_SERVICE,129.53,156.06,153.98,151.22,2,3,4,5,147.7,7.23,141.62
GOVERNMENT,240.88,239.08,217.79,256.0,9,10,11,12,238.44,5.04,276.07
RESIDENT,14.84,13.72,11.46,18.02,4,5,6,7,14.51,1.06,12.32
RESIDENT,31.5,23.82,29.09,30.59,4,5,6,7,28.75,-0.3,15.37
ORGANIZATION,211.15,196.62,192.69,205.57,5,6,7,8,201.51,-1.86,143.53
GOVERNMENT,185.66,179.59,181.09,202.95,10,11,12,1,187.32,5.76,267.65
RESIDENT,20.56,26.13,25.84,30.46,2,3,4,5,25.75,3.3,20.52
GOVERNMENT,247.94,278.11,360.32,274.16,12,1,2,3,290.13,8.74,319.96
RESIDENT,14.46,20.13,22.73,26.36,1,2,3,4,20.92,3.97,30.05
RESIDENT,36.82,33.42,32.22,28.43,8,9,10,11,32.72,-2.8,30.11
RESIDENT,11.38,21.56,11.57,16.11,3,4,5,6,15.15,1.58,15.02
PUBLIC_SERVICE,156.06,153.98,151.22,141.62,3,4,5,6,150.72,-4.81,127.47
FACTORY,425.87,561.51,643.91,637.45,12,1,2,3,567.18,70.53,866.98
RESIDENT,23.03,22.66,25.69,18.69,8,9,10,11,22.52,-1.45,18.24
ORGANIZATION,159.9,148.07,150.97,164.89,8,9,10,11,155.96,1.66,150.07
RESIDENT,12.78,9.28,16.92,10.2,3,4,5,6,12.3,-0.86,11.42
FACTORY,2088.53,2079.76,2051.34,1970.97,6,7,8,9,2047.65,-39.19,1905.7
RESIDENT,10.96,12.09,10.86,8.71,5,6,7,8,10.65,-0.75,8.17
GOVERNMENT,376.55,336.12,419.75,330.88,10,11,12,1,365.83,-15.22,364.12
RESIDENT,27.85,28.88,34.1,28.31,10,11,12,1,29.79,0.15,36.43
RESIDENT,28.74,46.56,26.88,35.61,2,3,4,5,34.45,2.29,27.41
RESIDENT,37.86,32.82,28.71,27.26,6,7,8,9,31.66,-3.53,25.65
RESIDENT,6.19,13.97,14.74,14.16,1,2,3,4,12.27,2.66,17.67
ORGANIZATION,78.32,104.09,91.2,93.44,2,3,4,5,91.76,5.04,111.73
RESIDENT,20.21,20.7,25.32,26.98,1,2,3,4,23.3,2.26,29.86
RESIDENT,31.02,58.77,54.0,40.49,2,3,4,5,46.07,3.16,47.59
ORGANIZATION,134.72,99.17,84.92,68.29,7,8,9,10,96.78,-22.14,49.62
RESIDENT,5.5,13.35,14.35,14.84,1,2,3,4,12.01,3.11,13.72
RESIDENT,21.69,26.24,27.91,26.86,2,3,4,5,25.68,1.72,29.05
ORGANIZATION,79.41,89.61,63.57,87.49,11,12,1,2,80.02,2.69,90.58
RESIDENT,2.36,0.5,4.98,3.76,11,12,1,2,2.9,0.47,3.99
GOVERNMENT,136.9,120.29,192.24,173.98,4,5,6,7,155.85,12.36,175.36
RESIDENT,39.29,41.81,22.47,22.19,5,6,7,8,31.44,-5.7,17.63
RESIDENT,17.71,19.23,11.49,15.25,9,10,11,12,15.92,-0.82,13.9
RESIDENT,16.98,15.35,5.22,7.56,7,8,9,10,11.28,-3.14,4.36
RESIDENT,5.42,9.11,5.09,16.99,12,1,2,3,9.15,3.86,18.88
RESIDENT,22.42,22.77,30.18,33.46,2,3,4,5,27.21,3.68,28.43
RESIDENT,23.4,27.29,26.72,29.82,4,5,6,7,26.81,2.14,24.9
RESIDENT,27.18,26.63,28.06,33.64,10,11,12,1,28.88,2.15,33.41
RESIDENT,22.93,16.96,15.77,13.02,6,7,8,9,17.17,-3.3,10.81
RESIDENT,16.67,12.15,12.81,8.76,8,9,10,11,12.6,-2.64,6.83
RESIDENT,26.81,34.85,34.59,31.45,3,4,5,6,31.93,1.55,29.8
RESIDENT,10.12,18.86,15.94,19.2,12,1,2,3,16.03,3.03,18.51
FACTORY,1254.67,1362.26,1351.06,1361.35,10,11,12,1,1332.34,35.56,1530.96
RESIDENT,28.89,28.76,24.5,38.55,10,11,12,1,30.18,3.22,33.78
ORGANIZATION,100.87,88.84,67.16,87.23,9,10,11,12,86.03,-4.55,100.76
RESIDENT,27.35,28.32,20.88,15.6,7,8,9,10,23.04,-3.92,17.73
FACTORY,1811.25,1715.6,1586.13,1431.26,6,7,8,9,1636.06,-126.66,1415.16
RESIDENT,7.96,6.48,3.08,8.43,9,10,11,12,6.49,0.16,6.18
RESIDENT,26.85,25.85,27.77,33.38,1,2,3,4,28.46,2.18,34.15
PUBLIC_SERVICE,122.47,118.74,148.8,119.55,2,3,4,5,127.39,-0.97,141.1
PUBLIC_SERVICE,98.59,96.63,66.89,67.35,8,9,10,11,82.37,-10.41,73.84
ORGANIZATION,90.78,71.95,108.71,48.26,5,6,7,8,79.92,-14.17,41.1
FACTORY,397.88,579.86,664.99,618.12,1,2,3,4,565.21,73.41,719.15
RESIDENT,37.76,36.59,46.58,31.91,5,6,7,8,38.21,-1.95,28.94
PUBLIC_SERVICE,56.16,85.94,75.85,43.49,7,8,9,10,65.36,-4.22,43.94
GOVERNMENT,478.65,466.81,489.09,443.73,5,6,7,8,469.57,-11.64,456.28
RESIDENT,41.92,28.96,21.75,32.41,10,11,12,1,31.26,-3.17,30.04
RESIDENT,37.74,41.65,41.3,37.71,2,3,4,5,39.6,-0.01,39.85
ORGANIZATION,104.28,78.29,101.0,122.71,11,12,1,2,101.57,6.14,127.69
RESIDENT,9.78,19.38,18.64,24.45,12,1,2,3,18.06,4.89,26.23
RESIDENT,11.81,19.17,17.83,16.04,3,4,5,6,16.21,1.41,15.61
RESIDENT,38.01,38.5,34.65,35.55,3,4,5,6,36.68,-0.82,47.76
GOVERNMENT,394.54,350.74,371.04,307.88,7,8,9,10,356.05,-28.89,332.11
ORGANIZATION,116.54,84.89,94.2,96.27,6,7,8,9,97.97,-6.76,85.87
RESIDENT,28.26,29.75,27.36,26.54,5,6,7,8,27.98,-0.57,17.89
RESIDENT,34.44,28.96,33.14,27.75,4,5,6,7,31.07,-2.23,32.91
PUBLIC_SERVICE,34.13,39.75,51.77,58.4,2,3,4,5,46.01,8.09,63.9
PUBLIC_SERVICE,116.09,121.81,132.13,158.99,2,3,4,5,132.25,14.3,127.98
RESIDENT,24.19,30.74,19.46,22.24,4,5,6,7,24.16,-0.65,18.27
ORGANIZATION,159.88,138.18,163.38,173.01,11,12,1,2,158.61,4.38,150.2
ORGANIZATION,196.62,192.69,205.57,143.53,6,7,8,9,184.6,-17.7,130.22
PUBLIC_SERVICE,118.74,148.8,119.55,141.1,3,4,5,6,132.05,7.45,134.05
RESIDENT,37.74,38.09,42.57,36.42,1,2,3,4,38.7,-0.44,42.75
RESIDENT,22.39,21.76,24.57,26.09,10,11,12,1,23.7,1.23,30.04
RESIDENT,6.28,7.3,7.03,10.77,10,11,12,1,7.84,1.5,10.61
GOVERNMENT,305.7,437.01,325.1,408.71,1,2,3,4,369.13,34.34,308.1
RESIDENT,27.35,33.33,36.82,28.66,4,5,6,7,31.54,0.44,31.73
RESIDENT,24.79,26.93,28.7,35.65,12,1,2,3,29.02,3.62,34.12
RESIDENT,11.3,9.73,3.65,2.28,7,8,9,10,6.74,-3.01,9.45
RESIDENT,28.2,36.03,39.85,42.57,1,2,3,4,36.66,4.79,43.64
RESIDENT,31.74,34.1,29.83,33.64,8,9,10,11,32.33,0.63,28.55
FACTORY,1214.51,1118.77,1070.49,1456.81,7,8,9,10,1215.14,80.77,1351.92
RESIDENT,27.05,24.71,28.1,34.94,1,2,3,4,28.7,2.63,31.55
GOVERNMENT,74.67,102.37,79.61,53.36,10,11,12,1,77.5,-7.1,176.04
RESIDENT,29.68,28.18,28.39,32.76,9,10,11,12,29.75,1.03,32.81
RESIDENT,10.18,10.78,18.21,14.94,12,1,2,3,13.53,1.59,11.63
RESIDENT,17.63,14.27,13.8,11.3,8,9,10,11,14.25,-2.11,18.78
FACTORY,444.08,481.77,525.92,564.6,9,10,11,12,504.09,40.17,391.47
RESIDENT,27.06,26.82,26.6,26.0,8,9,10,11,26.62,-0.35,24.19
ORGANIZATION,155.62,153.2,198.52,136.83,4,5,6,7,161.04,-6.26,172.19
GOVERNMENT,369.04,405.07,467.32,398.7,1,2,3,4,410.03,9.89,545.65
RESIDENT,14.27,12.5,10.01,11.18,9,10,11,12,11.99,-1.03,11.86
RESIDENT,29.21,25.81,31.84,41.67,1,2,3,4,32.13,4.15,34.89
RESIDENT,4.14,0.5,8.71,5.31,10,11,12,1,4.67,0.39,8.36
RESIDENT,28.2,35.05,34.27,41.1,1,2,3,4,34.66,4.3,41.98
RESIDENT,15.49,11.0,16.51,12.83,2,3,4,5,13.96,-0.89,11.56
RESIDENT,11.92,7.55,16.6,15.25,11,12,1,2,12.83,1.11,16.23
PUBLIC_SERVICE,121.81,132.13,158.99,127.98,3,4,5,6,135.23,2.06,141.66
FACTORY,1907.47,2067.11,2108.17,2185.8,2,3,4,5,2067.14,92.78,2233.47
RESIDENT,21.88,18.83,27.47,17.96,10,11,12,1,21.53,-1.31,29.41
RESIDENT,20.02,18.0,14.82,14.08,9,10,11,12,16.73,-1.98,29.12
RESIDENT,13.42,9.62,7.1,6.07,7,8,9,10,9.05,-2.45,8.43
RESIDENT,23.04,24.0,16.19,13.78,5,6,7,8,19.25,-3.09,13.87
GOVERNMENT,122.38,90.71,80.3,99.85,9,10,11,12,98.31,-7.51,145.2
RESIDENT,7.82,14.17,20.13,15.02,12,1,2,3,14.29,2.4,16.47
GOVERNMENT,383.59,388.32,388.09,439.67,10,11,12,1,399.92,18.69,404.6
RESIDENT,20.88,20.53,22.21,21.87,2,3,4,5,21.37,0.33,22.13
FACTORY,1811.61,1609.55,1751.81,1619.86,4,5,6,7,1698.21,-63.92,1676.64
FACTORY,967.57,1107.8,1009.21,1025.09,10,11,12,1,1027.42,19.17,1228.21
RESIDENT,27.68,26.57,35.28,38.01,12,1,2,3,31.88,3.44,38.5
RESIDENT,28.78,34.46,35.2,32.4,1,2,3,4,32.71,1.21,36.05
GOVERNMENT,235.24,202.91,217.49,190.03,6,7,8,9,211.42,-15.07,172.46
RESIDENT,38.06,35.85,37.86,32.82,4,5,6,7,36.15,-1.75,28.71
RESIDENT,16.19,18.29,13.71,15.26,5,6,7,8,15.86,-0.31,13.44
RESIDENT,31.39,30.13,24.35,28.94,5,6,7,8,28.7,-0.82,29.94
RESIDENT,38.24,33.57,38.43,33.07,5,6,7,8,35.83,-1.72,27.45
GOVERNMENT,157.24,217.16,209.5,254.64,2,3,4,5,209.63,32.47,215.1
RESIDENT,26.06,42.44,36.77,36.9,12,1,2,3,35.54,3.61,40.33
RESIDENT,21.98,25.05,22.96,27.83,8,9,10,11,24.46,1.95,35.91
RESIDENT,19.46,15.03,13.83,14.82,6,7,8,9,15.79,-1.55,17.68
PUBLIC_SERVICE,122.1,132.64,144.09,133.42,6,7,8,9,133.06,3.77,120.06
GOVERNMENT,380.13,331.2,266.87,282.77,5,6,7,8,315.24,-32.45,270.33
RESIDENT,27.3,23.77,16.61,19.18,7,8,9,10,21.72,-2.71,10.57
RESIDENT,14.55,17.8,14.81,11.96,8,9,10,11,14.78,-0.86,9.46
RESIDENT,25.46,20.32,21.95,18.56,7,8,9,10,21.57,-2.3,22.29
RESIDENT,25.37,26.36,24.22,18.68,6,7,8,9,23.66,-2.23,17.4
RESIDENT,47.33,44.69,40.54,37.37,3,4,5,6,42.48,-3.32,37.76
RESIDENT,2.49,12.01,16.48,4.88,2,3,4,5,8.96,0.8,12.79
RESIDENT,36.33,38.56,34.96,29.93,4,5,6,7,34.95,-2.13,31.25
PUBLIC_SERVICE,110.51,144.42,118.89,104.14,3,4,5,6,119.49,-2.12,74.62
RESIDENT,4.25,7.1,8.25,11.04,10,11,12,1,7.66,2.26,14.37
RESIDENT,27.3,25.27,24.15,21.55,6,7,8,9,24.57,-1.92,18.43
RESIDENT,27.37,21.98,20.08,24.31,9,10,11,12,23.44,-1.02,18.43
ORGANIZATION,125.87,123.01,118.79,144.8,1,2,3,4,128.12,6.31,147.85
RESIDENT,27.05,26.88,30.35,25.85,6,7,8,9,27.53,-0.4,13.99
GOVERNMENT,439.67,404.6,439.59,482.19,1,2,3,4,441.51,14.17,460.54
PUBLIC_SERVICE,100.48,91.83,92.08,102.23,9,10,11,12,96.66,0.58,95.32
GOVERNMENT,79.28,61.59,130.12,70.29,10,11,12,1,85.32,-3.0,112.62
RESIDENT,11.56,19.45,16.17,19.14,2,3,4,5,16.58,2.53,23.67
RESIDENT,21.22,19.64,22.84,13.21,4,5,6,7,19.23,-2.67,8.13
RESIDENT,8.75,11.16,8.93,10.2,12,1,2,3,9.76,0.48,13.6
FACTORY,1984.72,1896.37,2069.35,1939.26,9,10,11,12,1972.43,-15.15,2168.64
ORGANIZATION,183.12,189.39,184.23,193.33,10,11,12,1,187.52,3.4,229.97
RESIDENT,8.05,3.98,8.48,12.61,2,3,4,5,8.28,1.52,9.12
FACTORY,1630.86,1362.8,1641.4,1625.97,1,2,3,4,1565.26,-1.63,1879.46
RESIDENT,9.6,7.02,8.47,19.53,12,1,2,3,11.15,3.31,12.77
RESIDENT,26.86,30.43,45.68,32.23,1,2,3,4,33.8,1.79,33.18
ORGANIZATION,93.26,100.34,116.58,143.3,12,1,2,3,113.37,16.68,155.55
RESIDENT,50.23,37.13,36.75,40.27,5,6,7,8,41.09,-3.32,29.78
RESIDENT,31.42,33.31,33.66,36.33,3,4,5,6,33.68,1.64,31.59
PUBLIC_SERVICE,51.84,11.23,30.6,29.42,8,9,10,11,30.77,-7.47,36.74
RESIDENT,22.01,31.2,29.99,39.64,12,1,2,3,30.71,5.88,35.51
RESIDENT,37.01,32.7,36.55,29.44,3,4,5,6,33.93,-2.52,37.08
RESIDENT,21.82,29.11,26.43,24.36,3,4,5,6,25.43,0.85,23.97
PUBLIC_SERVICE,47.07,18.53,71.06,49.1,1,2,3,4,46.44,0.68,66.2
GOVERNMENT,482.72,484.02,420.0,506.95,1,2,3,4,473.42,8.08,467.1
RESIDENT,12.73,20.03,19.16,20.87,12,1,2,3,18.2,2.71,23.82
RESIDENT,11.35,22.6,17.25,23.04,2,3,4,5,18.56,3.9,24.0
RESIDENT,6.44,0.69,1.75,4.85,9,10,11,12,3.43,-0.53,6.17
PUBLIC_SERVICE,149.92,137.67,117.25,140.06,7,8,9,10,136.22,-3.29,139.64
RESIDENT,15.13,21.37,20.89,27.88,1,2,3,4,21.32,4.25,30.1
PUBLIC_SERVICE,56.1,55.71,77.92,69.0,3,4,5,6,64.68,4.3,55.03
RESIDENT,26.42,19.56,18.51,12.91,5,6,7,8,19.35,-4.5,19.38
RESIDENT,2.4,3.21,6.8,10.82,11,12,1,2,5.81,2.81,9.75
FACTORY,701.39,842.45,996.53,722.16,9,10,11,12,815.63,6.92,845.27
RESIDENT,25.75,31.55,23.89,26.53,5,6,7,8,26.93,0.26,21.84
RESIDENT,12.56,16.14,15.39,18.86,1,2,3,4,15.74,2.1,15.05
GOVERNMENT,93.61,70.05,145.67,116.34,11,12,1,2,106.42,7.58,167.12
RESIDENT,37.57,34.66,37.16,38.98,4,5,6,7,37.09,0.47,30.55
RESIDENT,20.6,35.75,20.88,17.12,4,5,6,7,23.59,-1.16,21.24
RESIDENT,30.46,30.35,35.92,38.75,12,1,2,3,33.87,2.76,33.97
ORGANIZATION,171.57,167.43,171.39,209.79,2,3,4,5,180.04,12.74,175.02
PUBLIC_SERVICE,59.75,59.54,64.43,64.01,11,12,1,2,61.93,1.42,60.11
RESIDENT,38.59,25.7,22.43,21.67,7,8,9,10,27.1,-5.64,22.98
RESIDENT,2.97,5.89,6.1,6.52,10,11,12,1,5.37,1.18,15.08
RESIDENT,26.59,16.86,19.33,24.29,5,6,7,8,21.77,-0.77,12.48
FACTORY,1858.62,1933.55,2129.23,2051.02,2,3,4,5,1993.11,64.13,2052.14
RESIDENT,35.81,35.78,33.89,29.2,6,7,8,9,33.67,-2.2,29.61
RESIDENT,9.91,15.77,21.62,17.13,3,4,5,6,16.11,2.41,18.92
FACTORY,369.27,366.1,648.85,822.54,11,12,1,2,551.69,151.09,622.77
PUBLIC_SERVICE,95.27,85.5,82.04,116.21,10,11,12,1,94.75,6.98,121.84
GOVERNMENT,163.77,195.0,227.62,351.84,11,12,1,2,234.56,62.69,244.86
RESIDENT,35.0,35.92,38.43,64.61,12,1,2,3,43.49,9.87,64.17
RESIDENT,20.66,15.57,22.0,15.35,3,4,5,6,18.39,-1.77,23.49
RESIDENT,18.58,23.13,23.79,21.01,3,4,5,6,21.63,0.81,17.73
GOVERNMENT,558.99,476.04,636.21,403.4,5,6,7,8,518.66,-51.86,436.63
RESIDENT,30.24,31.03,28.63,21.57,6,7,8,9,27.87,-2.89,24.29
RESIDENT,38.05,29.28,37.94,42.65,2,3,4,5,36.98,1.53,35.16
GOVERNMENT,152.72,144.29,220.1,224.11,10,11,12,1,185.31,23.8,207.53
FACTORY,1732.62,1719.23,1815.76,1990.73,3,4,5,6,1814.59,86.04,1997.74
PUBLIC_SERVICE,138.28,127.32,113.48,117.47,9,10,11,12,124.14,-6.94,127.73
RESIDENT,10.57,16.97,17.43,19.09,1,2,3,4,16.02,2.84,17.18
GOVERNMENT,329.21,263.46,238.23,286.75,10,11,12,1,279.41,-14.15,287.57
RESIDENT,39.68,37.0,39.75,33.25,4,5,6,7,37.42,-2.14,30.0
PUBLIC_SERVICE,52.69,50.81,64.55,20.46,8,9,10,11,47.13,-10.74,49.61
GOVERNMENT,416.89,449.49,437.96,368.7,5,6,7,8,418.26,-16.06,341.14
GOVERNMENT,515.88,470.12,480.0,439.08,5,6,7,8,476.27,-25.6,474.51
ORGANIZATION,126.93,84.77,93.19,86.66,8,9,10,11,97.89,-13.42,186.63
ORGANIZATION,124.99,145.78,191.81,176.97,1,2,3,4,159.89,17.33,152.95
PUBLIC_SERVICE,130.0,86.64,90.34,96.33,9,10,11,12,100.83,-11.22,153.78
FACTORY,366.93,628.01,622.98,722.93,12,1,2,3,585.21,118.67,877.11
RESIDENT,22.09,16.48,26.91,25.13,12,1,2,3,22.65,1.01,31.05
PUBLIC_SERVICE,158.24,129.51,128.28,115.34,8,9,10,11,132.84,-14.3,118.46
RESIDENT,17.52,25.48,21.84,16.6,10,11,12,1,20.36,-0.31,28.77
ORGANIZATION,171.95,169.46,136.28,132.34,5,6,7,8,152.51,-13.2,114.48
RESIDENT,20.89,17.99,15.62,21.47,9,10,11,12,18.99,0.19,19.4
RESIDENT,21.62,20.1,28.32,13.49,5,6,7,8,20.88,-2.71,14.25
RESIDENT,28.04,10.47,21.54,18.07,11,12,1,2,19.53,-3.32,17.91
RESIDENT,11.86,19.83,14.02,10.33,3,4,5,6,14.01,-0.51,9.74
GOVERNMENT,230.66,213.33,172.25,238.89,4,5,6,7,213.78,2.74,294.25
RESIDENT,23.86,24.49,32.41,30.24,3,4,5,6,27.75,2.13,25.86
PUBLIC_SERVICE,159.7,165.24,170.38,159.59,6,7,8,9,163.73,-0.04,165.41
RESIDENT,29.83,23.99,20.83,24.29,5,6,7,8,24.73,-1.85,19.89
GOVERNMENT,261.49,211.98,205.88,186.63,6,7,8,9,216.5,-24.95,185.28
FACTORY,1486.18,1630.86,1362.8,1641.4,12,1,2,3,1530.31,51.74,1625.97
ORGANIZATION,176.97,152.95,129.39,135.04,4,5,6,7,148.59,-13.98,127.47
PUBLIC_SERVICE,17.23,11.44,22.14,37.72,10,11,12,1,22.13,6.83,19.05
PUBLIC_SERVICE,141.63,147.02,158.62,143.08,4,5,6,7,147.59,0.48,123.08
ORGANIZATION,66.53,85.09,87.72,71.37,7,8,9,10,77.68,1.61,77.04
RESIDENT,15.18,8.67,3.5,9.13,8,9,10,11,9.12,-2.02,2.53
RESIDENT,12.48,10.21,11.94,23.15,12,1,2,3,14.45,3.56,21.48
RESIDENT,19.85,21.95,23.97,20.47,10,11,12,1,21.56,0.21,21.68
PUBLIC_SERVICE,167.22,166.89,159.56,209.2,4,5,6,7,175.72,13.99,165.65
FACTORY,931.91,848.47,707.8,824.99,9,10,11,12,828.29,-35.64,997.48
RESIDENT,27.67,23.98,25.85,21.09,5,6,7,8,24.65,-2.19,17.39
RESIDENT,22.37,22.76,15.58,13.48,7,8,9,10,18.55,-2.96,16.78
RESIDENT,16.86,15.48,11.11,11.23,9,10,11,12,13.67,-1.88,15.63
RESIDENT,35.92,34.99,28.73,26.73,8,9,10,11,31.59,-3.06,32.03
RESIDENT,14.74,14.16,17.67,13.41,3,4,5,6,15.0,-0.44,15.22
RESIDENT,10.06,5.59,7.63,9.79,10,11,12,1,8.27,-0.09,14.86
RESIDENT,32.83,33.73,38.42,34.46,1,2,3,4,34.86,0.54,31.75
RESIDENT,12.66,12.31,20.07,17.88,1,2,3,4,15.73,1.74,12.08
ORGANIZATION,177.69,186.98,153.13,213.79,12,1,2,3,182.9,12.03,199.5
RESIDENT,29.72,25.0,35.94,27.22,2,3,4,5,29.47,-0.83,31.9
FACTORY,535.09,397.88,579.86,664.99,12,1,2,3,544.45,43.3,618.12
RESIDENT,31.15,31.18,35.17,42.35,1,2,3,4,34.96,3.73,59.09
RESIDENT,9.21,9.02,11.13,6.86,3,4,5,6,9.05,-0.78,8.43
FACTORY,1758.05,1483.61,1593.49,1661.48,5,6,7,8,1624.16,-32.19,1453.1
RESIDENT,21.17,20.55,23.49,22.83,3,4,5,6,22.01,0.55,24.55
RESIDENT,36.46,33.93,33.8,38.28,10,11,12,1,35.62,0.61,38.13
RESIDENT,29.2,41.0,25.66,16.7,5,6,7,8,28.14,-4.17,18.69
RESIDENT,31.25,32.54,28.04,24.62,5,6,7,8,29.11,-2.21,27.66
RESIDENT,27.72,35.52,35.65,36.2,1,2,3,4,33.77,2.83,38.39
GOVERNMENT,514.09,470.59,530.56,518.98,12,1,2,3,508.56,1.63,567.94
RESIDENT,24.63,24.75,22.55,24.14,4,5,6,7,24.02,-0.16,17.5
ORGANIZATION,83.57,53.36,67.95,63.37,5,6,7,8,67.06,-6.73,58.4
FACTORY,1333.23,1961.37,1614.13,1687.04,11,12,1,2,1648.94,117.94,1654.97
ORGANIZATION,103.02,28.69,50.13,50.81,8,9,10,11,58.16,-17.4,30.23
GOVERNMENT,176.37,180.11,233.56,207.26,3,4,5,6,199.32,10.3,193.52
RESIDENT,30.83,26.86,30.43,45.68,12,1,2,3,33.45,4.95,32.23
RESIDENT,24.52,19.07,23.26,19.0,3,4,5,6,21.46,-1.84,18.77
RESIDENT,10.7,17.5,13.35,16.14,12,1,2,3,14.42,1.81,18.87
RESIDENT,14.37,11.76,16.4,19.81,6,7,8,9,15.59,1.81,12.78
RESIDENT,37.32,27.74,43.9,28.04,6,7,8,9,34.25,-3.09,28.54
FACTORY,1605.78,2673.4,1856.96,1811.28,2,3,4,5,1986.86,68.5,1711.56
RESIDENT,8.02,5.13,9.64,6.83,5,6,7,8,7.4,-0.4,4.41
FACTORY,2003.53,1903.7,1744.26,1749.16,9,10,11,12,1850.16,-84.79,1754.93
RESIDENT,16.93,13.37,13.17,17.25,4,5,6,7,15.18,0.11,9.16
FACTORY,1454.31,1601.71,1592.28,1734.04,12,1,2,3,1595.59,93.24,1774.76
FACTORY,495.48,588.16,472.81,698.11,1,2,3,4,563.64,67.54,569.08
PUBLIC_SERVICE,23.1,56.79,54.58,66.03,11,12,1,2,50.12,14.31,68.92
RESIDENT,32.09,36.22,36.18,36.74,1,2,3,4,35.31,1.55,41.71
RESIDENT,23.86,24.65,21.8,21.09,4,5,6,7,22.85,-0.92,21.61
ORGANIZATION,152.68,187.38,187.18,213.51,10,11,12,1,185.19,20.28,171.4
RESIDENT,30.68,29.89,27.62,27.72,4,5,6,7,28.98,-0.99,26.03
FACTORY,928.4,1045.33,854.51,959.37,8,9,10,11,946.9,10.32,1008.41
RESIDENT,36.73,31.29,38.91,30.68,5,6,7,8,34.4,-2.02,37.55
RESIDENT,31.84,32.37,35.12,29.12,10,11,12,1,32.11,-0.91,34.07
PUBLIC_SERVICE,79.73,76.89,112.94,100.55,12,1,2,3,92.53,6.94,98.2
RESIDENT,13.13,18.46,18.54,20.9,2,3,4,5,17.76,2.59,24.41
RESIDENT,37.91,37.7,40.46,34.62,3,4,5,6,37.67,-1.1,41.17
RESIDENT,32.11,35.34,34.37,33.67,3,4,5,6,33.87,0.52,23.56
RESIDENT,30.72,30.69,31.28,29.49,9,10,11,12,30.54,-0.41,32.74
RESIDENT,22.69,16.02,18.88,16.72,8,9,10,11,18.58,-1.99,16.72
RESIDENT,17.85,19.51,16.22,15.99,9,10,11,12,17.39,-0.62,16.45
RESIDENT,30.89,25.37,23.45,24.25,9,10,11,12,25.99,-2.21,30.14
RESIDENT,24.32,21.66,24.48,24.51,9,10,11,12,23.74,0.06,24.96
RESIDENT,28.61,33.32,42.76,26.27,4,5,6,7,32.74,-0.78,28.18
GOVERNMENT,389.5,321.13,288.28,285.0,6,7,8,9,320.98,-34.83,286.86
PUBLIC_SERVICE,120.77,130.59,134.55,116.46,3,4,5,6,125.59,-1.44,115.84
ORGANIZATION,143.5,155.64,179.41,212.18,11,12,1,2,172.68,22.89,191.93
RESIDENT,27.08,37.84,33.25,39.24,1,2,3,4,34.35,4.05,36.64
GOVERNMENT,167.56,119.24,194.87,176.37,10,11,12,1,164.51,2.94,224.75
RESIDENT,12.97,15.11,10.88,12.76,3,4,5,6,12.93,-0.07,8.68
PUBLIC_SERVICE,108.6,124.12,118.37,116.83,4,5,6,7,116.98,2.74,100.04
RESIDENT,18.01,17.03,28.45,16.21,3,4,5,6,19.93,-0.6,18.21
PUBLIC_SERVICE,87.57,142.5,93.71,103.19,12,1,2,3,106.74,5.21,124.97
PUBLIC_SERVICE,143.1,143.57,118.68,140.59,6,7,8,9,136.48,-0.84,131.04
ORGANIZATION,44.76,68.97,82.98,97.9,12,1,2,3,73.65,17.71,95.9
RESIDENT,26.24,27.91,26.86,29.05,3,4,5,6,27.51,0.94,29.4
RESIDENT,14.14,17.71,28.09,18.19,3,4,5,6,19.53,1.35,15.36
RESIDENT,25.79,27.42,25.63,21.89,4,5,6,7,25.18,-1.3,18.69
RESIDENT,15.25,13.18,15.0,23.88,11,12,1,2,16.83,2.88,24.32
RESIDENT,16.78,13.78,14.59,7.23,9,10,11,12,13.1,-3.18,10.36
RESIDENT,26.47,17.83,20.61,15.3,4,5,6,7,20.05,-3.72,18.03
PUBLIC_SERVICE,133.34,145.28,166.31,169.51,2,3,4,5,153.61,12.06,150.14
PUBLIC_SERVICE,11.59,19.97,16.86,39.96,11,12,1,2,22.09,9.46,51.46
RESIDENT,15.87,16.58,11.41,14.44,10,11,12,1,14.57,-0.48,19.41
PUBLIC_SERVICE,118.28,110.61,109.45,128.31,2,3,4,5,116.66,3.34,151.35
ORGANIZATION,83.44,81.85,59.47,78.34,7,8,9,10,75.78,-1.7,59.74
RESIDENT,26.09,31.39,31.71,39.68,1,2,3,4,32.22,4.53,37.0
GOVERNMENT,292.42,278.1,355.81,347.97,10,11,12,1,318.57,18.52,401.09
ORGANIZATION,71.43,52.55,64.67,49.9,8,9,10,11,59.64,-7.18,40.66
PUBLIC_SERVICE,100.55,98.2,111.97,131.68,3,4,5,6,110.6,10.38,106.72
RESIDENT,16.46,19.32,8.25,13.19,10,11,12,1,14.3,-1.09,15.38
ORGANIZATION,98.12,62.43,76.09,73.13,10,11,12,1,77.44,-8.33,137.33
PUBLIC_SERVICE,51.93,20.81,30.12,40.94,9,10,11,12,35.95,-3.66,94.53
ORGANIZATION,102.12,82.68,92.56,72.45,8,9,10,11,87.45,-9.89,79.94
GOVERNMENT,357.4,253.09,346.81,392.41,11,12,1,2,337.43,11.67,347.84
RESIDENT,23.22,28.02,21.6,21.55,6,7,8,9,23.6,-0.56,19.6
RESIDENT,28.78,30.49,31.34,30.12,7,8,9,10,30.18,0.45,26.34
RESIDENT,34.94,31.67,29.26,25.14,5,6,7,8,30.25,-3.27,27.01
RESIDENT,33.79,34.27,32.48,24.85,5,6,7,8,31.35,-2.98,17.5
PUBLIC_SERVICE,124.65,101.55,118.04,106.36,7,8,9,10,112.65,-6.1,112.85
PUBLIC_SERVICE,38.58,45.92,41.47,44.26,12,1,2,3,42.56,1.89,45.86
RESIDENT,32.38,31.46,38.83,40.75,2,3,4,5,35.86,2.79,45.1
RESIDENT,7.94,5.14,5.78,3.72,6,7,8,9,5.64,-1.41,0.5
PUBLIC_SERVICE,62.99,65.41,51.56,42.77,6,7,8,9,55.68,-6.74,47.18
RESIDENT,7.61,8.7,17.05,18.8,11,12,1,2,13.04,3.73,21.22
RESIDENT,5.18,13.25,13.3,18.48,1,2,3,4,12.55,4.43,18.31
PUBLIC_SERVICE,107.52,106.63,107.89,121.17,12,1,2,3,110.8,4.55,157.57
PUBLIC_SERVICE,132.78,129.39,133.95,144.92,10,11,12,1,135.26,4.05,147.15
RESIDENT,34.89,31.59,28.05,24.88,6,7,8,9,29.85,-3.34,33.31
RESIDENT,33.74,27.57,26.75,23.72,7,8,9,10,27.95,-3.34,24.57
RESIDENT,34.62,43.87,38.96,37.56,3,4,5,6,38.75,0.98,57.9
RESIDENT,19.96,14.51,6.99,6.98,7,8,9,10,12.11,-4.33,10.21
ORGANIZATION,153.13,213.79,199.5,221.7,2,3,4,5,197.03,22.86,225.79
RESIDENT,11.33,15.9,16.29,21.77,12,1,2,3,16.32,3.48,19.27
RESIDENT,31.91,28.26,30.3,34.78,11,12,1,2,31.31,0.96,35.3
RESIDENT,41.62,34.79,27.73,28.28,6,7,8,9,33.11,-4.45,27.19
RESIDENT,19.56,18.51,12.91,19.38,6,7,8,9,17.59,-0.06,13.2
RESIDENT,29.68,33.66,41.4,37.38,2,3,4,5,35.53,2.57,40.84
RESIDENT,10.89,12.93,10.66,8.7,4,5,6,7,10.8,-0.73,5.41
PUBLIC_SERVICE,79.76,119.35,104.79,140.08,1,2,3,4,111.0,20.11,150.52
RESIDENT,16.53,22.93,16.96,15.77,5,6,7,8,18.05,-0.25,13.02
RESIDENT,14.65,7.67,8.63,9.36,8,9,10,11,10.08,-1.76,12.27
RESIDENT,11.74,6.41,9.94,13.89,2,3,4,5,10.49,0.72,16.43
RESIDENT,26.23,35.06,34.53,38.39,12,1,2,3,33.55,4.05,45.46
ORGANIZATION,210.18,220.21,212.8,245.53,1,2,3,4,222.18,11.78,251.09
PUBLIC_SERVICE,139.69,112.91,111.1,116.66,2,3,4,5,120.09,-7.68,104.66
PUBLIC_SERVICE,142.68,110.52,132.68,175.33,5,6,7,8,140.3,10.88,83.63
RESIDENT,24.58,38.26,28.71,23.77,6,7,8,9,28.83,-0.27,20.55
GOVERNMENT,152.04,225.23,236.32,227.66,11,12,1,2,210.31,25.21,250.92
RESIDENT,25.18,25.71,30.34,30.4,2,3,4,5,27.91,1.74,28.18
ORGANIZATION,74.29,88.69,69.71,55.56,4,5,6,7,72.06,-6.24,37.89
RESIDENT,16.48,13.29,12.93,22.69,11,12,1,2,16.35,2.07,26.72
RESIDENT,29.73,26.62,26.68,23.19,4,5,6,7,26.55,-2.18,18.41
PUBLIC_SERVICE,100.15,141.68,149.5,146.11,4,5,6,7,134.36,15.32,122.45
RESIDENT,27.55,15.9,19.55,26.15,12,1,2,3,22.29,-0.47,34.36
PUBLIC_SERVICE,52.45,30.32,40.8,32.51,7,8,9,10,39.02,-6.65,31.5
FACTORY,1856.15,1745.63,1481.88,1460.3,7,8,9,10,1635.99,-131.95,1461.36
ORGANIZATION,12.77,53.97,61.45,60.89,10,11,12,1,47.27,16.04,55.92
RESIDENT,31.78,37.71,33.03,30.65,6,7,8,9,33.29,-0.38,36.93
RESIDENT,22.67,25.2,22.44,31.32,1,2,3,4,25.41,2.88,27.45
RESIDENT,32.73,34.4,25.37,26.36,4,5,6,7,29.71,-2.12,24.22
GOVERNMENT,256.0,276.07,285.95,373.22,12,1,2,3,297.81,39.07,301.61
ORGANIZATION,56.14,21.23,71.05,68.71,10,11,12,1,54.28,4.19,73.05
RESIDENT,19.94,18.64,18.88,16.71,8,9,10,11,18.54,-1.08,15.31
GOVERNMENT,267.15,280.88,289.59,200.86,7,8,9,10,259.62,-22.1,269.08
FACTORY,1078.67,985.78,968.78,771.5,5,6,7,8,951.18,-102.39,583.71
FACTORY,1801.19,1516.01,1547.72,1461.25,4,5,6,7,1581.54,-113.31,1460.97
RESIDENT,34.92,33.2,30.24,31.03,4,5,6,7,32.35,-1.3,28.63
RESIDENT,16.61,20.66,15.57,22.0,2,3,4,5,18.71,1.8,15.35
RESIDENT,25.22,34.41,26.33,33.51,10,11,12,1,29.87,2.76,39.27
GOVERNMENT,294.61,246.63,223.16,250.75,1,2,3,4,253.79,-14.62,282.56
FACTORY,1029.23,955.33,1510.8,1052.46,10,11,12,1,1136.95,7.74,1149.54
RESIDENT,21.72,26.29,15.1,15.06,7,8,9,10,19.54,-2.22,21.48
RESIDENT,14.62,21.04,16.92,19.89,2,3,4,5,18.12,1.76,11.57
ORGANIZATION,183.9,148.13,253.36,145.17,8,9,10,11,182.64,-12.91,175.93
RESIDENT,32.08,34.5,32.49,24.88,4,5,6,7,30.99,-2.4,31.66
PUBLIC_SERVICE,45.56,69.94,70.53,62.05,3,4,5,6,62.02,5.5,38.12
GOVERNMENT,187.28,149.63,212.95,209.6,9,10,11,12,189.86,7.44,187.91
PUBLIC_SERVICE,105.47,64.28,65.4,69.49,9,10,11,12,76.16,-11.99,82.2
FACTORY,1799.57,1815.61,2232.21,2117.91,2,3,4,5,1991.32,106.11,2173.11
RESIDENT,8.6,7.28,13.05,13.3,9,10,11,12,10.56,1.57,11.34
RESIDENT,31.23,29.69,31.83,33.69,2,3,4,5,31.61,0.82,32.54
RESIDENT,36.75,40.27,29.78,28.27,7,8,9,10,33.77,-2.83,32.62
ORGANIZATION,94.97,70.14,79.4,102.83,10,11,12,1,86.84,2.62,73.49
RESIDENT,20.97,25.07,22.39,27.71,10,11,12,1,24.04,2.25,32.71
RESIDENT,31.83,27.19,31.46,26.47,7,8,9,10,29.24,-1.79,28.02
RESIDENT,33.1,29.52,26.27,25.33,4,5,6,7,28.55,-2.59,23.97
RESIDENT,4.88,10.76,4.42,11.63,11,12,1,2,7.92,2.25,8.12
RESIDENT,29.14,30.44,34.38,35.49,12,1,2,3,32.36,2.12,39.77
GOVERNMENT,270.43,350.35,325.18,316.23,11,12,1,2,315.55,15.27,384.18
RESIDENT,30.52,34.36,25.88,34.84,11,12,1,2,31.4,1.44,40.46
GOVERNMENT,414.42,437.03,418.27,363.73,9,10,11,12,408.36,-16.9,436.33
ORGANIZATION,86.59,148.59,119.31,100.88,8,9,10,11,113.84,4.76,55.15
RESIDENT,21.02,20.03,30.49,26.79,12,1,2,3,24.58,1.92,24.41
RESIDENT,20.36,24.79,20.28,26.31,9,10,11,12,22.94,1.98,19.57
RESIDENT,19.07,27.74,26.85,25.85,11,12,1,2,24.88,2.26,27.77
FACTORY,887.41,1020.15,904.2,1057.23,11,12,1,2,967.25,56.61,1115.34
RESIDENT,30.86,29.55,23.4,23.83,10,11,12,1,26.91,-2.34,24.62
RESIDENT,41.17,44.65,37.83,38.23,5,6,7,8,40.47,-0.98,30.7
RESIDENT,10.86,11.57,13.11,9.03,7,8,9,10,11.14,-0.61,2.77
ORGANIZATION,90.72,104.3,77.66,87.46,10,11,12,1,90.03,-1.09,69.05
FACTORY,1474.2,1746.5,1345.58,1544.08,4,5,6,7,1527.59,23.29,1403.78
ORGANIZATION,124.09,121.62,107.49,67.3,7,8,9,10,105.12,-18.93,75.51
FACTORY,1108.58,1278.12,1189.13,1381.46,12,1,2,3,1239.32,90.96,1448.71
ORGANIZATION,73.13,46.31,91.77,94.29,2,3,4,5,76.38,7.05,99.76
GOVERNMENT,273.61,295.05,300.79,299.31,5,6,7,8,292.19,8.57,221.0
GOVERNMENT,81.48,65.77,152.5,238.93,12,1,2,3,134.67,52.48,187.5
GOVERNMENT,329.76,295.61,336.26,336.8,10,11,12,1,324.61,2.35,400.96
RESIDENT,26.74,26.2,29.87,33.58,11,12,1,2,29.1,2.28,31.0
RESIDENT,21.92,17.97,21.35,26.51,4,5,6,7,21.94,1.53,16.57
RESIDENT,33.73,38.42,34.46,31.75,2,3,4,5,34.59,-0.66,33.49
RESIDENT,31.22,37.87,34.18,38.59,1,2,3,4,35.47,2.46,46.61
FACTORY,1747.87,1517.96,1651.38,1575.41,7,8,9,10,1623.15,-57.49,1500.27
RESIDENT,8.24,4.45,1.92,1.11,8,9,10,11,3.93,-2.38,6.01
GOVERNMENT,267.43,237.57,276.17,267.99,4,5,6,7,262.29,0.19,233.26
ORGANIZATION,161.07,155.62,153.2,198.52,3,4,5,6,167.1,12.48,136.83
GOVERNMENT,327.66,292.4,247.85,250.69,6,7,8,9,279.65,-25.66,225.29
GOVERNMENT,346.37,319.1,285.14,221.36,6,7,8,9,292.99,-41.67,278.63
RESIDENT,8.05,8.61,6.61,7.81,11,12,1,2,7.77,-0.08,14.62
FACTORY,666.92,774.07,559.47,734.82,8,9,10,11,683.82,22.63,640.32
RESIDENT,14.14,14.44,20.56,16.5,10,11,12,1,16.41,0.79,17.03
GOVERNMENT,271.08,539.62,338.85,381.11,10,11,12,1,382.67,36.68,352.4
RESIDENT,21.11,22.2,24.67,19.39,11,12,1,2,21.84,-0.57,32.34
PUBLIC_SERVICE,13.41,30.27,54.8,24.89,1,2,3,4,30.84,3.83,63.45
GOVERNMENT,373.43,367.9,274.17,322.12,7,8,9,10,334.4,-17.1,350.81
RESIDENT,36.49,28.41,29.84,30.57,7,8,9,10,31.33,-1.97,26.91
RESIDENT,17.97,21.35,26.51,16.57,5,6,7,8,20.6,-0.47,14.29
RESIDENT,30.9,30.52,26.28,26.87,8,9,10,11,28.64,-1.34,23.04
GOVERNMENT,369.14,319.66,438.59,401.24,11,12,1,2,382.16,10.7,434.59
RESIDENT,6.36,9.53,17.68,16.05,1,2,3,4,12.41,3.23,13.59
RESIDENT,8.57,10.86,10.31,17.19,1,2,3,4,11.73,2.87,14.41
RESIDENT,21.81,28.97,25.32,27.78,11,12,1,2,25.97,1.99,35.17
FACTORY,1572.18,1363.02,1313.58,1491.69,6,7,8,9,1435.12,-26.83,1099.04
RESIDENT,25.29,20.89,25.97,23.91,6,7,8,9,24.02,-0.46,19.0
RESIDENT,31.83,34.09,37.18,42.9,2,3,4,5,36.5,3.69,43.92
ORGANIZATION,56.45,78.65,40.05,58.81,8,9,10,11,58.49,0.79,83.78
RESIDENT,25.32,19.81,18.54,18.66,6,7,8,9,20.58,-2.22,19.57
RESIDENT,19.99,24.59,24.62,29.2,2,3,4,5,24.6,3.07,25.4
RESIDENT,30.9,29.83,37.74,38.09,11,12,1,2,34.14,2.4,42.57
PUBLIC_SERVICE,118.99,115.82,106.36,114.65,7,8,9,10,113.96,-1.45,109.61
ORGANIZATION,188.77,207.54,206.53,190.68,6,7,8,9,198.38,0.64,186.29
ORGANIZATION,92.76,71.43,52.55,64.67,7,8,9,10,70.35,-9.36,49.9
ORGANIZATION,121.65,122.11,137.96,138.43,3,4,5,6,130.04,5.59,131.21
PUBLIC_SERVICE,81.17,121.25,121.39,112.81,1,2,3,4,109.16,10.55,123.81
RESIDENT,28.74,21.05,24.91,27.36,5,6,7,8,25.52,-0.46,22.13
GOVERNMENT,228.88,286.85,255.35,268.76,3,4,5,6,259.96,13.29,228.76
FACTORY,1503.09,1591.3,1569.61,1196.96,8,9,10,11,1465.24,-102.04,1493.39
ORGANIZATION,87.09,32.18,69.8,37.13,8,9,10,11,56.55,-16.65,53.26
RESIDENT,33.68,30.91,34.63,25.4,5,6,7,8,31.16,-2.76,30.17
PUBLIC_SERVICE,64.43,64.01,60.11,59.66,1,2,3,4,62.05,-1.59,76.7
FACTORY,930.61,1113.25,1003.6,1038.57,10,11,12,1,1021.51,35.99,1327.66
RESIDENT,14.87,4.16,7.0,2.97,7,8,9,10,7.25,-3.97,3.08
PUBLIC_SERVICE,158.19,151.69,147.99,141.11,5,6,7,8,149.75,-5.69,145.06
RESIDENT,20.29,19.94,20.2,26.4,12,1,2,3,21.71,2.04,24.8
RESIDENT,24.3,25.82,31.93,17.85,6,7,8,9,24.98,-2.15,16.95
FACTORY,1634.06,1609.53,1882.37,1867.05,3,4,5,6,1748.25,77.66,1800.82
RESIDENT,36.11,34.52,26.02,26.25,7,8,9,10,30.72,-3.29,27.88
ORGANIZATION,178.9,190.81,210.48,286.81,2,3,4,5,216.75,35.97,193.25
RESIDENT,36.58,20.96,23.13,22.19,9,10,11,12,25.71,-4.8,26.21
ORGANIZATION,149.94,166.55,144.28,180.63,11,12,1,2,160.35,10.23,194.9
PUBLIC_SERVICE,94.55,36.09,54.42,51.43,5,6,7,8,59.12,-14.37,59.69
RESIDENT,39.76,38.36,36.85,37.36,4,5,6,7,38.08,-0.8,36.71
PUBLIC_SERVICE,71.17,79.94,81.74,40.65,8,9,10,11,68.38,-10.17,64.44
RESIDENT,37.46,36.11,34.52,26.02,6,7,8,9,33.53,-3.81,26.25
FACTORY,1054.17,1029.23,955.33,1510.8,9,10,11,12,1137.38,152.21,1052.46
PUBLIC_SERVICE,95.4,73.37,80.39,71.78,8,9,10,11,80.24,-7.87,86.8
RESIDENT,10.77,13.86,15.33,21.94,1,2,3,4,15.48,3.72,23.02
ORGANIZATION,176.24,197.21,155.19,130.68,7,8,9,10,164.83,-15.19,150.8
RESIDENT,5.59,7.63,9.79,14.86,11,12,1,2,9.47,3.09,14.75
PUBLIC_SERVICE,71.8,65.29,64.28,78.29,8,9,10,11,69.92,2.16,64.41
RESIDENT,22.22,22.96,26.52,26.5,12,1,2,3,24.55,1.43,31.87
PUBLIC_SERVICE,58.15,74.73,64.48,86.3,3,4,5,6,70.92,9.38,73.43
RESIDENT,7.7,9.34,6.06,13.39,9,10,11,12,9.12,1.9,2.83
GOVERNMENT,471.81,532.79,526.67,477.74,4,5,6,7,502.25,1.98,453.8
RESIDENT,28.55,24.27,28.32,32.92,12,1,2,3,28.52,1.46,30.31
RESIDENT,15.71,7.25,0.5,13.97,8,9,10,11,9.36,-0.58,5.89
RESIDENT,20.92,27.53,16.16,22.27,8,9,10,11,21.72,0.45,20.16
GOVERNMENT,270.9,193.34,207.72,173.45,9,10,11,12,211.35,-32.48,272.05
RESIDENT,30.85,39.73,49.36,32.6,3,4,5,6,38.13,0.58,33.53
RESIDENT,4.96,1.26,3.09,9.25,11,12,1,2,4.64,1.43,6.42
RESIDENT,29.42,27.35,17.47,19.93,8,9,10,11,23.54,-3.16,25.88
RESIDENT,8.71,15.96,12.23,17.78,7,8,9,10,13.67,3.02,7.24
GOVERNMENT,124.03,155.78,113.12,98.71,8,9,10,11,122.91,-8.44,120.29
RESIDENT,2.85,1.4,2.18,0.5,8,9,10,11,1.73,-0.78,6.0
GOVERNMENT,401.2,414.42,437.03,418.27,8,9,10,11,417.73,5.69,363.73
FACTORY,588.16,472.81,698.11,569.08,2,3,4,5,582.04,-6.36,780.31
GOVERNMENT,441.59,514.09,470.59,530.56,11,12,1,2,489.21,29.66,518.98
RESIDENT,23.34,21.86,20.15,22.52,9,10,11,12,21.97,-0.27,23.35
ORGANIZATION,139.36,141.03,122.95,175.45,11,12,1,2,144.7,12.03,168.07
RESIDENT,29.67,25.8,25.99,28.21,5,6,7,8,27.42,-0.49,30.65
RESIDENT,3.26,0.5,3.44,12.71,12,1,2,3,4.98,3.15,11.01
RESIDENT,10.4,10.94,6.71,13.2,11,12,1,2,10.31,0.93,18.51
RESIDENT,33.47,37.87,49.19,36.62,7,8,9,10,39.29,1.05,37.92
PUBLIC_SERVICE,107.72,121.31,118.02,98.41,5,6,7,8,111.37,-3.1,112.95
RESIDENT,18.08,9.82,12.19,9.77,5,6,7,8,12.46,-2.77,7.42
ORGANIZATION,170.34,213.37,155.31,173.53,2,3,4,5,178.14,1.06,146.05
GOVERNMENT,281.53,247.95,268.73,248.22,6,7,8,9,261.61,-11.1,182.92
RESIDENT,9.16,11.14,4.52,2.43,9,10,11,12,6.81,-2.24,7.82
RESIDENT,13.94,9.88,13.25,14.48,4,5,6,7,12.89,0.18,12.5
RESIDENT,37.05,34.49,36.97,30.52,5,6,7,8,34.76,-2.18,29.54
GOVERNMENT,451.87,367.06,336.13,311.55,8,9,10,11,366.65,-46.77,353.53
PUBLIC_SERVICE,81.05,125.17,110.37,125.45,12,1,2,3,110.51,14.8,124.86
RESIDENT,8.11,15.06,14.59,11.65,2,3,4,5,12.35,1.18,15.03
RESIDENT,2.51,6.34,6.27,7.98,10,11,12,1,5.78,1.82,13.69
RESIDENT,15.65,22.88,28.37,25.99,1,2,3,4,23.22,3.45,20.26
RESIDENT,26.98,29.86,30.54,23.35,4,5,6,7,27.68,-1.21,17.47
GOVERNMENT,217.79,256.0,276.07,285.95,11,12,1,2,258.95,22.72,373.22
RESIDENT,43.33,34.56,39.4,30.44,5,6,7,8,36.93,-4.3,35.77
PUBLIC_SERVICE,46.81,58.68,52.69,50.81,6,7,8,9,52.25,1.33,64.55
RESIDENT,30.26,30.52,28.69,31.26,3,4,5,6,30.18,0.33,25.67
RESIDENT,22.39,27.71,32.71,29.55,12,1,2,3,28.09,2.39,34.54
RESIDENT,24.99,22.4,26.24,36.85,11,12,1,2,27.62,3.95,36.88
RESIDENT,18.21,14.94,11.63,21.67,2,3,4,5,16.61,1.15,20.37
RESIDENT,10.81,8.92,9.28,6.17,8,9,10,11,8.79,-1.55,13.06
RESIDENT,33.46,30.58,33.78,25.11,5,6,7,8,30.73,-2.78,27.18
RESIDENT,28.43,26.55,28.6,26.01,10,11,12,1,27.4,-0.81,27.67
RESIDENT,3.58,6.88,10.14,12.57,12,1,2,3,8.29,3.0,15.55
RESIDENT,5.24,2.67,13.75,14.26,11,12,1,2,8.98,3.01,17.27
PUBLIC_SERVICE,28.6,55.5,54.96,63.43,1,2,3,4,50.62,11.61,66.98
RESIDENT,22.87,25.26,34.9,29.65,12,1,2,3,28.17,2.26,31.88
FACTORY,707.8,824.99,997.48,1058.05,11,12,1,2,897.08,116.75,1260.42
RESIDENT,25.37,23.45,24.25,30.14,10,11,12,1,25.8,1.59,29.37
RESIDENT,33.73,30.58,32.47,29.74,7,8,9,10,31.63,-1.33,33.58
RESIDENT,22.59,20.44,16.25,17.34,8,9,10,11,19.16,-1.75,15.21
RESIDENT,22.76,15.58,13.48,16.78,8,9,10,11,17.15,-1.99,12.12
ORGANIZATION,175.11,184.32,186.0,221.39,6,7,8,9,191.71,15.43,173.17
RESIDENT,27.47,17.96,29.41,35.71,12,1,2,3,27.64,2.75,27.66
RESIDENT,34.03,37.25,44.32,40.15,2,3,4,5,38.94,2.04,38.92
RESIDENT,13.19,17.39,8.99,13.16,3,4,5,6,13.18,-0.01,12.16
RESIDENT,19.71,32.44,37.74,41.65,12,1,2,3,32.88,7.31,41.3
FACTORY,1616.63,1561.62,1564.87,1786.6,12,1,2,3,1632.43,56.66,1760.97
FACTORY,1475.56,1295.5,1242.71,1135.55,7,8,9,10,1287.33,-113.34,1121.39
ORGANIZATION,127.56,123.17,108.19,136.53,5,6,7,8,123.86,2.99,79.55
RESIDENT,20.28,24.04,18.83,37.04,12,1,2,3,25.05,5.59,27.32
RESIDENT,17.04,22.81,19.92,38.32,11,12,1,2,24.52,7.09,27.84
RESIDENT,32.67,33.72,28.27,33.05,6,7,8,9,31.93,0.13,25.65
ORGANIZATION,131.18,139.53,206.34,159.27,11,12,1,2,159.08,9.36,210.76
RESIDENT,33.49,37.91,37.7,40.46,2,3,4,5,37.39,2.32,34.62
ORGANIZATION,63.02,67.35,52.08,85.66,10,11,12,1,67.03,7.55,93.16
RESIDENT,35.05,34.27,41.1,41.98,2,3,4,5,38.1,2.31,42.52
ORGANIZATION,77.66,87.46,69.05,118.85,12,1,2,3,88.25,13.73,117.85
RESIDENT,16.89,22.09,19.74,14.84,5,6,7,8,18.39,-0.68,14.69
GOVERNMENT,238.31,274.89,273.67,217.16,5,6,7,8,251.01,-7.05,136.5
RESIDENT,28.73,34.29,23.88,28.57,8,9,10,11,28.87,-0.05,23.92
RESIDENT,28.36,20.03,24.94,22.11,3,4,5,6,23.86,-2.08,27.38
RESIDENT,8.87,22.29,13.42,22.12,12,1,2,3,16.68,4.42,22.48
RESIDENT,9.32,14.48,18.36,27.98,11,12,1,2,17.54,6.22,24.08
RESIDENT,33.97,33.83,31.04,31.56,4,5,6,7,32.6,-0.8,35.51
RESIDENT,39.58,33.95,30.24,25.71,6,7,8,9,32.37,-4.62,20.22
FACTORY,1278.12,1189.13,1381.46,1448.71,1,2,3,4,1324.36,56.86,1418.82
RESIDENT,14.16,12.57,8.57,5.47,8,9,10,11,10.19,-2.9,6.22
PUBLIC_SERVICE,145.28,166.31,169.51,150.14,3,4,5,6,157.81,1.62,137.93
RESIDENT,27.99,27.4,23.96,20.66,7,8,9,10,25.0,-2.44,15.6
RESIDENT,28.77,27.54,23.86,21.16,8,9,10,11,25.33,-2.54,23.06
RESIDENT,33.05,38.38,34.94,31.67,3,4,5,6,34.51,-0.46,29.26
PUBLIC_SERVICE,61.66,77.95,86.73,67.03,4,5,6,7,73.34,1.79,69.86
RESIDENT,38.38,34.94,31.67,29.26,4,5,6,7,33.56,-3.04,25.14
GOVERNMENT,347.66,334.02,398.61,390.9,1,2,3,4,367.8,14.41,380.66
PUBLIC_SERVICE,132.76,135.37,130.71,151.03,4,5,6,7,137.47,6.09,127.29
ORGANIZATION,201.88,242.59,173.22,165.61,4,5,6,7,195.83,-12.09,150.18
GOVERNMENT,539.82,405.41,353.62,591.42,2,3,4,5,472.57,17.2,397.75
ORGANIZATION,193.2,176.72,175.87,170.43,4,5,6,7,179.06,-7.59,129.12
PUBLIC_SERVICE,101.6,141.04,133.65,123.85,12,1,2,3,125.03,7.42,143.96
RESIDENT,38.12,40.1,34.01,27.66,4,5,6,7,34.97,-3.49,26.26
RESIDENT,26.59,29.21,29.44,34.38,12,1,2,3,29.91,2.6,39.5
RESIDENT,25.11,21.85,23.24,27.81,9,10,11,12,24.5,0.9,26.15
PUBLIC_SERVICE,68.74,59.33,65.68,51.35,7,8,9,10,61.27,-5.8,68.0
GOVERNMENT,368.32,344.31,333.41,348.58,10,11,12,1,348.65,-6.58,470.43
PUBLIC_SERVICE,115.05,120.08,113.61,92.64,5,6,7,8,110.34,-7.47,92.68
RESIDENT,19.25,15.0,14.49,17.31,6,7,8,9,16.51,-0.65,12.54
RESIDENT,7.64,8.32,11.08,11.33,2,3,4,5,9.59,1.23,15.25
ORGANIZATION,67.13,66.41,64.22,55.63,9,10,11,12,63.35,-3.83,106.03
RESIDENT,11.95,14.63,9.39,17.36,1,2,3,4,13.33,1.8,21.84
GOVERNMENT,172.25,238.89,294.25,150.82,6,7,8,9,214.05,-7.14,121.82
RESIDENT,30.0,29.81,30.07,16.84,6,7,8,9,26.68,-4.39,24.31
PUBLIC_SERVICE,146.48,121.63,122.11,149.57,1,2,3,4,134.95,1.03,133.11
RESIDENT,38.39,45.46,41.43,44.7,3,4,5,6,42.5,2.1,34.98
RESIDENT,3.92,8.82,1.69,1.97,10,11,12,1,4.1,-0.65,10.86
RESIDENT,24.75,14.66,19.6,18.41,7,8,9,10,19.36,-2.11,12.09
RESIDENT,16.5,21.16,16.13,13.68,6,7,8,9,16.87,-0.94,10.78
ORGANIZATION,77.27,85.4,60.27,74.45,8,9,10,11,74.35,-0.94,52.85
FACTORY,1139.34,1180.5,1038.36,1127.83,7,8,9,10,1121.51,-3.84,1223.63
RESIDENT,6.15,13.06,5.82,16.59,1,2,3,4,10.41,3.48,8.94
RESIDENT,12.94,15.62,8.41,11.5,7,8,9,10,12.12,-0.48,11.94
ORGANIZATION,118.57,72.16,49.42,67.13,6,7,8,9,76.82,-17.15,66.41
PUBLIC_SERVICE,137.35,151.24,151.23,145.94,4,5,6,7,146.44,2.86,135.16
RESIDENT,14.82,10.07,18.25,17.95,12,1,2,3,15.27,1.04,24.57
RESIDENT,18.51,8.58,10.65,9.03,6,7,8,9,11.69,-3.16,0.5
RESIDENT,30.43,45.68,32.23,33.18,2,3,4,5,35.38,0.92,30.91
GOVERNMENT,440.13,478.92,454.81,439.11,8,9,10,11,453.24,-0.34,524.18
ORGANIZATION,131.75,163.25,152.49,152.7,3,4,5,6,150.05,6.98,159.15
PUBLIC_SERVICE,63.8,59.98,64.46,79.67,10,11,12,1,66.98,5.29,76.24
RESIDENT,7.86,12.82,14.01,6.35,7,8,9,10,10.26,-0.5,5.42
RESIDENT,26.08,27.58,29.0,36.22,2,3,4,5,29.72,3.38,34.69
RESIDENT,14.49,15.49,12.41,12.62,6,7,8,9,13.75,-0.62,8.56
RESIDENT,5.23,8.03,9.92,17.05,1,2,3,4,10.06,3.94,13.99
PUBLIC_SERVICE,94.68,73.36,92.95,77.34,5,6,7,8,84.58,-5.78,59.29
GOVERNMENT,290.75,255.84,241.1,233.61,9,10,11,12,255.33,-19.05,263.91
RESIDENT,10.36,9.44,4.67,14.45,10,11,12,1,9.73,1.36,14.23
GOVERNMENT,423.82,351.28,348.48,361.18,5,6,7,8,371.19,-20.88,349.75
RESIDENT,15.47,11.32,26.82,28.86,11,12,1,2,20.62,4.46,31.95
ORGANIZATION,146.23,255.13,122.38,144.61,5,6,7,8,167.09,-0.54,127.84
RESIDENT,9.44,4.67,14.45,14.23,11,12,1,2,10.7,1.6,11.29
RESIDENT,32.14,29.42,27.35,17.47,7,8,9,10,26.59,-4.89,19.93
FACTORY,2033.78,2023.54,2145.74,2013.33,4,5,6,7,2054.1,-6.82,1920.55
RESIDENT,5.8,5.59,6.87,6.21,10,11,12,1,6.12,0.14,8.52
RESIDENT,12.73,7.91,9.13,1.43,7,8,9,10,7.8,-3.77,2.26
FACTORY,1362.26,1351.06,1361.35,1530.96,11,12,1,2,1401.41,56.23,1614.59
GOVERNMENT,377.0,423.82,351.28,348.48,4,5,6,7,375.14,-9.51,361.18
GOVERNMENT,146.62,131.14,110.16,186.81,5,6,7,8,143.68,13.4,138.24
RESIDENT,26.59,14.25,20.64,11.8,7,8,9,10,18.32,-4.93,15.31
GOVERNMENT,352.51,262.26,325.57,293.83,4,5,6,7,308.54,-19.56,250.67
GOVERNMENT,435.76,474.9,432.99,457.89,11,12,1,2,450.38,7.38,583.72
PUBLIC_SERVICE,98.55,132.87,112.24,119.41,10,11,12,1,115.77,6.95,149.3
ORGANIZATION,198.95,146.23,255.13,122.38,4,5,6,7,180.67,-25.52,144.61
RESIDENT,14.55,24.41,24.62,22.82,11,12,1,2,21.6,2.76,26.28
RESIDENT,18.29,19.91,16.35,15.47,8,9,10,11,17.51,-0.94,11.32
RESIDENT,17.08,13.41,19.96,17.74,3,4,5,6,17.05,0.22,13.33
GOVERNMENT,534.53,324.25,300.12,350.67,4,5,6,7,377.39,-61.29,327.61
RESIDENT,13.46,16.91,16.9,20.22,12,1,2,3,16.87,2.25,18.23
ORGANIZATION,137.57,118.48,155.32,146.03,2,3,4,5,139.35,2.82,135.54
RESIDENT,43.87,38.96,37.56,57.9,4,5,6,7,44.57,4.68,37.01
ORGANIZATION,48.42,68.31,34.53,66.84,8,9,10,11,54.52,6.14,16.97
GOVERNMENT,379.45,358.32,445.0,337.27,11,12,1,2,380.01,-14.06,391.0
RESIDENT,32.47,31.86,33.47,31.68,2,3,4,5,32.37,-0.26,32.57
RESIDENT,14.55,15.19,22.36,23.23,1,2,3,4,18.83,2.89,17.13
RESIDENT,20.84,16.34,22.92,27.33,1,2,3,4,21.86,2.16,22.81
RESIDENT,19.6,23.75,26.17,19.46,3,4,5,6,22.25,-0.05,21.61
GOVERNMENT,436.43,567.47,485.03,594.9,8,9,10,11,520.96,52.82,484.09
RESIDENT,35.18,30.13,27.33,24.8,7,8,9,10,29.36,-3.46,27.18
GOVERNMENT,153.53,261.49,211.98,205.88,5,6,7,8,208.22,17.45,186.63
FACTORY,826.09,691.25,904.5,781.59,12,1,2,3,800.86,-14.83,1004.27
ORGANIZATION,84.77,106.73,127.67,106.43,3,4,5,6,106.4,7.22,116.29
GOVERNMENT,208.9,195.41,196.45,248.38,5,6,7,8,212.28,13.16,153.78
ORGANIZATION,190.08,281.12,230.76,252.64,2,3,4,5,238.65,20.85,212.43
RESIDENT,18.83,37.04,27.32,31.18,2,3,4,5,28.59,4.12,28.49
RESIDENT,0.5,0.5,0.5,6.79,11,12,1,2,2.07,2.1,12.14
GOVERNMENT,294.54,340.27,299.43,335.32,12,1,2,3,317.39,13.59,328.07
RESIDENT,32.67,26.15,20.71,22.26,8,9,10,11,25.45,-3.47,21.5
ORGANIZATION,79.64,118.82,108.83,112.81,1,2,3,4,105.02,11.06,136.83
RESIDENT,40.04,33.38,31.83,29.02,7,8,9,10,33.57,-3.67,26.83
PUBLIC_SERVICE,150.82,174.64,163.58,129.38,5,6,7,8,154.6,-7.15,131.91
RESIDENT,29.65,27.72,26.62,28.25,4,5,6,7,28.06,-0.47,31.34
RESIDENT,14.43,8.23,11.54,8.19,8,9,10,11,10.6,-2.08,6.51
RESIDENT,15.1,22.24,22.58,23.98,12,1,2,3,20.97,2.96,27.69
RESIDENT,22.8,23.29,30.15,22.19,9,10,11,12,24.61,-0.2,22.88
FACTORY,814.43,627.68,686.4,424.56,6,7,8,9,638.27,-129.96,472.03
RESIDENT,29.09,30.59,15.37,20.46,6,7,8,9,23.88,-2.88,19.06
PUBLIC_SERVICE,92.5,91.66,67.07,81.66,5,6,7,8,83.22,-3.61,82.37
RESIDENT,26.3,21.33,23.05,22.5,9,10,11,12,23.29,-1.27,23.49
PUBLIC_SERVICE,89.74,95.49,115.3,124.33,1,2,3,4,106.21,11.53,127.34
RESIDENT,8.52,3.87,2.29,8.45,8,9,10,11,5.78,-0.02,5.31
RESIDENT,36.66,42.53,27.89,30.46,8,9,10,11,34.38,-2.07,36.06
ORGANIZATION,42.58,32.21,56.84,67.54,1,2,3,4,49.79,8.32,63.62
PUBLIC_SERVICE,124.23,107.19,100.27,90.51,6,7,8,9,105.55,-11.24,85.43
GOVERNMENT,451.12,384.51,437.11,499.89,9,10,11,12,443.16,16.26,503.51
PUBLIC_SERVICE,86.23,78.76,112.2,99.81,12,1,2,3,94.25,4.53,118.14
RESIDENT,32.86,20.4,24.56,30.49,12,1,2,3,27.08,-0.79,26.8
PUBLIC_SERVICE,127.32,113.48,117.47,127.73,10,11,12,1,121.5,0.14,120.54
FACTORY,967.86,829.87,776.12,594.21,5,6,7,8,792.01,-124.55,692.42
PUBLIC_SERVICE,40.66,43.54,33.13,34.98,8,9,10,11,38.08,-1.89,40.92
ORGANIZATION,197.02,179.27,172.58,196.28,7,8,9,10,186.29,-0.25,184.56
RESIDENT,24.84,24.65,30.15,31.0,3,4,5,6,27.66,2.05,29.44
RESIDENT,4.23,11.6,7.6,9.49,1,2,3,4,8.23,1.75,16.11
RESIDENT,14.85,15.86,10.44,14.15,9,10,11,12,13.82,-0.23,18.3
RESIDENT,28.13,31.02,28.57,32.45,3,4,5,6,30.04,1.44,31.33
RESIDENT,20.43,20.69,19.98,24.28,11,12,1,2,21.35,1.28,28.49
RESIDENT,36.3,32.98,34.22,38.13,2,3,4,5,35.41,0.61,37.96
RESIDENT,28.98,44.6,23.93,27.64,6,7,8,9,31.29,-0.45,23.95
RESIDENT,7.83,12.46,13.65,15.99,1,2,3,4,12.48,2.72,19.51
PUBLIC_SERVICE,162.14,149.85,135.53,158.52,7,8,9,10,151.51,-1.21,139.14
RESIDENT,19.45,30.0,29.81,30.07,5,6,7,8,27.33,3.54,16.84
ORGANIZATION,205.74,211.09,207.69,236.63,2,3,4,5,215.29,10.3,218.17
PUBLIC_SERVICE,48.33,43.51,38.66,41.45,8,9,10,11,42.99,-2.29,43.76
RESIDENT,37.06,39.76,38.36,36.85,3,4,5,6,38.01,-0.07,37.36
RESIDENT,6.49,0.5,8.23,8.04,11,12,1,2,5.81,0.52,13.41
RESIDENT,22.74,24.24,32.76,28.06,11,12,1,2,26.95,1.77,35.47
FACTORY,1381.46,1448.71,1418.82,1610.41,3,4,5,6,1464.85,76.32,1345.33
FACTORY,776.57,949.06,888.76,1000.75,9,10,11,12,903.79,74.73,1160.96
RESIDENT,16.93,25.25,24.54,30.63,12,1,2,3,24.34,4.57,25.07
PUBLIC_SERVICE,121.5,122.01,147.69,97.85,6,7,8,9,122.26,-7.88,106.73
RESIDENT,4.46,5.15,8.02,11.11,12,1,2,3,7.18,2.22,13.87
RESIDENT,4.86,11.56,3.18,9.88,7,8,9,10,7.37,1.67,1.8
RESIDENT,15.01,15.83,19.96,16.96,3,4,5,6,16.94,0.65,11.65
RESIDENT,19.08,36.02,20.9,25.82,11,12,1,2,25.45,2.25,31.19
RESIDENT,25.18,31.71,26.89,23.96,4,5,6,7,26.94,-0.41,24.28
RESIDENT,19.69,18.14,14.9,16.64,4,5,6,7,17.34,-1.02,11.61
GOVERNMENT,258.14,255.23,231.44,197.48,6,7,8,9,235.57,-20.22,184.16
RESIDENT,13.9,18.82,18.54,15.47,4,5,6,7,16.68,0.52,15.66
PUBLIC_SERVICE,36.56,13.95,40.6,44.42,10,11,12,1,33.88,2.62,50.91
ORGANIZATION,138.44,121.91,160.55,120.42,5,6,7,8,135.33,-6.01,108.7
GOVERNMENT,498.93,516.46,541.3,731.86,2,3,4,5,572.14,77.64,496.33
PUBLIC_SERVICE,99.99,92.5,91.66,67.07,4,5,6,7,87.8,-10.97,81.66
FACTORY,1861.44,1888.24,1780.72,1690.27,8,9,10,11,1805.17,-57.06,1808.89
RESIDENT,23.91,30.12,25.38,26.86,12,1,2,3,26.57,0.98,29.08
RESIDENT,19.03,24.86,19.96,18.65,12,1,2,3,20.62,-0.13,22.95
RESIDENT,19.31,12.88,17.89,18.28,11,12,1,2,17.09,-0.34,19.81
RESIDENT,19.36,23.48,23.94,23.72,2,3,4,5,22.62,1.45,23.8
RESIDENT,24.38,29.77,33.44,22.45,3,4,5,6,27.51,-0.64,32.65
RESIDENT,19.53,16.49,9.09,10.47,5,6,7,8,13.89,-3.02,10.24
RESIDENT,18.65,22.95,21.27,22.47,3,4,5,6,21.33,1.27,19.2
RESIDENT,15.78,13.13,1.46,3.84,6,7,8,9,8.55,-3.98,0.5
RESIDENT,16.1,11.52,7.5,9.07,4,5,6,7,11.05,-2.34,8.31
RESIDENT,14.24,15.4,12.18,9.7,6,7,8,9,12.88,-1.51,9.52
PUBLIC_SERVICE,129.4,102.74,99.68,91.72,7,8,9,10,105.88,-12.56,125.52
ORGANIZATION,169.59,178.43,181.19,187.42,12,1,2,3,179.16,5.94,223.1
PUBLIC_SERVICE,60.04,52.81,56.36,56.36,5,6,7,8,56.39,-1.23,26.39
RESIDENT,32.72,27.83,33.45,29.48,6,7,8,9,30.87,-1.08,22.36
ORGANIZATION,166.55,144.28,180.63,194.9,12,1,2,3,171.59,9.45,162.87
PUBLIC_SERVICE,57.72,49.16,46.37,65.39,1,2,3,4,54.66,2.56,71.79
GOVERNMENT,475.75,466.94,502.58,479.51,4,5,6,7,481.19,1.25,417.9
RESIDENT,16.06,16.38,9.88,6.69,6,7,8,9,12.25,-3.12,5.02
GOVERNMENT,149.55,159.46,122.48,137.42,6,7,8,9,142.23,-4.04,61.51
RESIDENT,15.25,19.53,20.69,20.88,3,4,5,6,19.09,1.88,11.84
RESIDENT,15.34,22.87,24.78,21.85,2,3,4,5,21.21,2.17,22.78
RESIDENT,4.36,0.5,4.86,14.79,11,12,1,2,6.13,3.48,7.38
RESIDENT,17.97,19.07,15.0,18.47,6,7,8,9,17.63,0.17,18.02
RESIDENT,27.82,22.04,25.13,24.31,8,9,10,11,24.82,-1.17,25.04
PUBLIC_SERVICE,93.34,95.99,86.23,78.76,10,11,12,1,88.58,-4.86,112.2
RESIDENT,16.52,24.0,21.97,10.3,6,7,8,9,18.2,-2.07,9.99
RESIDENT,19.17,24.91,20.82,20.22,8,9,10,11,21.28,0.35,22.13
RESIDENT,29.33,31.91,33.18,34.52,2,3,4,5,32.23,1.73,32.64
RESIDENT,25.33,29.57,28.61,33.32,2,3,4,5,29.21,2.66,42.76
FACTORY,1577.5,1477.53,1430.95,1586.03,3,4,5,6,1518.0,2.84,1312.02
RESIDENT,27.02,30.16,27.36,31.06,12,1,2,3,28.9,1.35,34.85
RESIDENT,10.67,8.61,8.49,7.61,8,9,10,11,8.85,-1.02,11.32
RESIDENT,14.46,9.05,3.99,14.26,8,9,10,11,10.44,-0.07,9.3
RESIDENT,25.04,32.28,22.62,20.55,6,7,8,9,25.12,-1.5,19.39
RESIDENT,28.03,25.86,32.18,32.57,1,2,3,4,29.66,1.51,30.48
ORGANIZATION,179.69,271.36,170.25,166.79,4,5,6,7,197.02,-4.3,178.67
RESIDENT,12.87,10.33,5.46,5.48,7,8,9,10,8.54,-2.46,7.86
PUBLIC_SERVICE,93.21,98.36,96.21,76.71,5,6,7,8,91.12,-5.5,84.47
FACTORY,890.77,1048.52,1142.07,1082.27,2,3,4,5,1040.91,63.83,1029.9
ORGANIZATION,151.63,141.07,153.84,167.82,1,2,3,4,153.59,5.4,194.57
RESIDENT,32.6,33.53,40.36,32.65,6,7,8,9,34.78,0.02,28.96
PUBLIC_SERVICE,112.55,73.49,94.14,86.59,4,5,6,7,91.69,-8.65,79.8
RESIDENT,11.59,13.67,7.14,4.92,5,6,7,8,9.33,-2.22,4.68
RESIDENT,20.28,15.31,15.8,21.55,10,11,12,1,18.23,0.42,26.84
ORGANIZATION,191.89,156.34,208.59,150.48,6,7,8,9,176.83,-13.8,149.74
PUBLIC_SERVICE,23.56,25.63,24.13,28.14,9,10,11,12,25.36,1.53,55.5
RESIDENT,37.61,29.79,27.53,17.93,6,7,8,9,28.22,-6.56,27.34
RESIDENT,17.06,17.12,15.91,22.0,11,12,1,2,18.02,1.65,17.42
RESIDENT,3.31,10.31,17.38,16.93,1,2,3,4,11.98,4.54,18.53
ORGANIZATION,69.84,93.42,100.33,101.35,8,9,10,11,91.23,10.5,66.47
ORGANIZATION,196.95,182.43,136.27,166.66,8,9,10,11,170.58,-10.1,154.39
GOVERNMENT,268.37,213.61,240.63,271.4,2,3,4,5,248.5,1.01,213.03
PUBLIC_SERVICE,121.2,115.11,156.52,146.41,12,1,2,3,134.81,8.4,166.36
FACTORY,1520.86,1479.79,2061.77,1314.32,7,8,9,10,1594.18,-68.85,1196.7
RESIDENT,18.95,20.55,20.9,19.56,11,12,1,2,19.99,0.2,25.86
PUBLIC_SERVICE,88.62,100.32,119.42,112.16,12,1,2,3,105.13,7.85,113.78
RESIDENT,19.53,20.23,27.78,22.71,12,1,2,3,22.56,1.06,26.43
RESIDENT,8.45,5.31,5.59,5.82,11,12,1,2,6.29,-0.88,9.05
GOVERNMENT,187.95,163.99,219.96,298.57,11,12,1,2,217.62,36.87,273.2
ORGANIZATION,63.37,75.47,87.09,32.18,6,7,8,9,64.53,-10.4,69.8
FACTORY,1315.64,1166.12,1177.26,1327.91,10,11,12,1,1246.73,4.09,1519.61
RESIDENT,20.73,12.55,10.68,11.52,9,10,11,12,13.87,-3.07,16.8
FACTORY,1933.24,1514.62,1586.1,1801.19,1,2,3,4,1708.79,-44.02,1516.01
ORGANIZATION,180.12,163.09,157.66,131.82,7,8,9,10,158.17,-16.1,145.17
PUBLIC_SERVICE,47.34,38.54,25.06,32.5,8,9,10,11,35.86,-4.95,23.1
GOVERNMENT,196.24,279.97,240.49,195.73,2,3,4,5,228.11,-0.17,217.5
RESIDENT,29.28,23.56,20.36,24.79,7,8,9,10,24.5,-1.5,20.28
RESIDENT,31.48,32.23,31.98,36.0,2,3,4,5,32.92,1.51,39.4
RESIDENT,19.61,13.59,16.56,19.25,10,11,12,1,17.25,-0.12,21.13
RESIDENT,29.72,28.76,21.62,22.53,5,6,7,8,25.66,-2.4,23.47
RESIDENT,43.38,53.99,32.76,31.93,7,8,9,10,40.52,-3.82,34.54
ORGANIZATION,192.81,135.81,176.65,170.58,1,2,3,4,168.96,-7.41,210.69
RESIDENT,8.3,21.18,11.01,9.99,8,9,10,11,12.62,0.56,9.62
RESIDENT,11.97,16.35,18.59,15.73,2,3,4,5,15.66,1.25,14.04
RESIDENT,21.55,22.66,24.12,24.49,1,2,3,4,23.2,0.98,22.02
ORGANIZATION,104.66,133.57,115.35,133.08,1,2,3,4,121.66,9.47,140.26
GOVERNMENT,248.38,153.78,136.42,154.71,8,9,10,11,173.32,-31.22,135.68
RESIDENT,7.42,4.88,10.76,4.42,10,11,12,1,6.87,-1.0,11.63
GOVERNMENT,268.59,322.0,326.55,295.24,11,12,1,2,303.09,8.88,350.24
FACTORY,934.38,880.89,765.12,1005.51,12,1,2,3,896.47,23.71,1016.73
RESIDENT,29.59,31.15,34.18,40.31,1,2,3,4,33.81,3.57,36.27
RESIDENT,11.42,7.3,10.45,8.29,5,6,7,8,9.36,-1.04,5.67
RESIDENT,17.38,20.52,14.71,25.29,9,10,11,12,19.48,2.64,20.88
RESIDENT,30.56,32.48,29.66,26.83,9,10,11,12,29.88,-1.24,33.57
PUBLIC_SERVICE,22.14,37.72,19.05,42.63,12,1,2,3,30.38,6.83,46.87
FACTORY,1395.49,1701.69,1136.64,979.81,8,9,10,11,1303.41,-138.56,1095.33
PUBLIC_SERVICE,120.76,124.27,132.31,112.94,10,11,12,1,122.57,-2.61,116.14
RESIDENT,15.17,12.33,11.66,5.26,10,11,12,1,11.1,-3.3,16.38
GOVERNMENT,378.31,536.54,329.83,305.36,7,8,9,10,387.51,-24.32,309.26
RESIDENT,18.21,28.34,44.02,30.46,12,1,2,3,30.26,4.08,30.85
RESIDENT,9.76,12.87,11.2,4.08,6,7,8,9,9.48,-1.89,5.15
ORGANIZATION,49.42,67.13,66.41,64.22,8,9,10,11,61.79,4.93,55.63
PUBLIC_SERVICE,29.42,36.74,47.46,32.38,11,12,1,2,36.5,0.99,56.46
RESIDENT,9.64,7.89,4.61,9.63,10,11,12,1,7.94,-0.0,12.64
RESIDENT,10.32,15.32,15.61,26.6,1,2,3,4,16.96,5.43,19.4
GOVERNMENT,270.44,380.13,331.2,266.87,4,5,6,7,312.16,-1.19,282.77
RESIDENT,13.05,13.6,12.98,12.46,9,10,11,12,13.02,-0.2,14.24
RESIDENT,20.77,17.61,26.79,11.39,8,9,10,11,19.14,-3.13,19.83
GOVERNMENT,140.45,174.86,153.86,124.82,10,11,12,1,148.5,-5.21,192.28
GOVERNMENT,500.51,448.4,500.78,612.27,1,2,3,4,515.49,37.25,532.18
FACTORY,1924.7,1744.89,1962.89,1787.91,12,1,2,3,1855.1,-45.6,1902.8
RESIDENT,33.57,33.55,35.0,42.06,11,12,1,2,36.05,2.83,38.1
RESIDENT,16.09,12.4,16.45,15.28,9,10,11,12,15.05,-0.27,19.31
RESIDENT,16.01,11.67,15.11,16.0,1,2,3,4,14.7,-0.0,25.13
RESIDENT,31.93,32.92,36.73,31.29,3,4,5,6,33.22,-0.21,38.91
RESIDENT,41.29,38.03,31.73,25.57,6,7,8,9,34.16,-5.24,28.73
GOVERNMENT,326.54,342.45,402.62,396.18,11,12,1,2,366.95,23.21,410.48
GOVERNMENT,389.79,412.54,608.69,462.09,12,1,2,3,468.28,24.1,482.72
RESIDENT,12.44,13.59,14.09,10.92,8,9,10,11,12.76,-0.51,11.0
GOVERNMENT,476.04,636.21,403.4,436.63,6,7,8,9,488.07,-13.14,399.42
RESIDENT,18.91,14.45,12.44,13.64,9,10,11,12,14.86,-1.76,7.91
GOVERNMENT,367.06,336.13,311.55,353.53,9,10,11,12,342.07,-4.51,330.36
ORGANIZATION,116.38,105.0,98.43,102.93,9,10,11,12,105.69,-4.48,145.7
RESIDENT,24.89,50.91,49.23,37.0,11,12,1,2,40.51,4.04,40.14
ORGANIZATION,141.34,160.63,148.61,142.02,8,9,10,11,148.15,0.23,162.2
GOVERNMENT,229.82,298.31,285.73,295.74,2,3,4,5,277.4,21.97,396.65
RESIDENT,23.85,20.61,25.81,25.74,8,9,10,11,24.0,0.63,26.5
RESIDENT,8.57,5.47,6.22,12.24,10,11,12,1,8.12,1.22,19.2
ORGANIZATION,77.04,101.52,127.58,134.06,11,12,1,2,110.05,19.01,117.9
RESIDENT,3.9,6.12,3.91,11.29,2,3,4,5,6.3,2.46,9.97
FACTORY,1780.22,1800.44,1966.8,1675.01,5,6,7,8,1805.62,-35.07,1762.56
ORGANIZATION,201.36,186.37,196.14,160.61,3,4,5,6,186.12,-13.58,156.65
RESIDENT,12.12,12.12,10.54,18.34,1,2,3,4,13.28,2.07,19.87
RESIDENT,17.79,24.25,16.92,17.25,4,5,6,7,19.05,-0.18,12.96
RESIDENT,22.54,26.24,22.89,17.35,7,8,9,10,22.26,-1.73,15.95
RESIDENT,31.78,41.42,45.9,38.24,2,3,4,5,39.34,2.15,43.08
RESIDENT,28.43,29.59,31.15,34.18,12,1,2,3,30.84,1.92,40.31
RESIDENT,29.1,32.79,33.4,31.15,4,5,6,7,31.61,0.68,29.17
FACTORY,1856.96,1811.28,1711.56,1509.16,4,5,6,7,1722.24,-115.93,1792.33
RESIDENT,0.5,4.82,5.88,6.65,11,12,1,2,4.46,2.05,15.49
RESIDENT,19.29,21.63,34.11,24.95,10,11,12,1,25.0,1.89,33.84
ORGANIZATION,105.0,98.43,102.93,145.7,10,11,12,1,113.02,13.57,120.55
PUBLIC_SERVICE,51.65,80.68,65.45,77.07,2,3,4,5,68.71,8.47,76.37
PUBLIC_SERVICE,70.67,70.09,85.18,142.26,12,1,2,3,92.05,23.86,88.93
RESIDENT,9.85,4.09,0.5,0.68,8,9,10,11,3.78,-3.06,0.63
RESIDENT,31.16,35.88,35.88,35.8,1,2,3,4,34.68,1.55,39.83
RESIDENT,8.43,6.29,2.15,4.59,8,9,10,11,5.36,-1.28,1.76
RESIDENT,1.56,3.12,0.5,0.5,9,10,11,12,1.42,-0.35,10.16
PUBLIC_SERVICE,159.8,152.22,145.88,148.59,5,6,7,8,151.62,-3.74,130.4
RESIDENT,34.97,33.27,33.83,26.74,7,8,9,10,32.2,-2.74,34.84
RESIDENT,31.84,30.51,31.81,37.47,10,11,12,1,32.91,1.88,35.06
RESIDENT,27.82,27.99,32.52,35.44,1,2,3,4,30.94,2.54,40.59
FACTORY,1629.91,1455.25,1702.78,1594.05,9,10,11,12,1595.5,-11.95,1671.21
ORGANIZATION,118.21,126.93,84.77,93.19,7,8,9,10,105.77,-8.34,86.66
RESIDENT,11.31,8.88,9.34,16.67,1,2,3,4,11.55,1.79,11.37
PUBLIC_SERVICE,59.61,59.89,45.82,40.11,4,5,6,7,51.36,-6.5,42.84
RESIDENT,18.25,17.95,24.57,18.0,2,3,4,5,19.69,-0.08,17.0
RESIDENT,2.69,6.8,14.38,11.55,1,2,3,4,8.86,2.95,18.51
RESIDENT,12.95,10.47,6.9,5.69,4,5,6,7,9.0,-2.42,2.38
RESIDENT,29.44,34.38,39.5,36.39,2,3,4,5,34.93,2.32,32.13
RESIDENT,26.95,24.38,29.77,33.44,2,3,4,5,28.63,2.16,22.45
RESIDENT,29.05,15.17,12.97,17.38,7,8,9,10,18.64,-3.89,15.49
PUBLIC_SERVICE,128.69,132.3,130.0,132.55,9,10,11,12,130.88,1.29,155.32
GOVERNMENT,138.56,142.44,120.38,87.42,6,7,8,9,122.2,-17.05,122.31
ORGANIZATION,126.33,165.13,141.72,114.65,7,8,9,10,136.96,-3.89,120.75
RESIDENT,2.92,7.53,8.0,14.64,12,1,2,3,8.27,3.91,7.36
FACTORY,1183.87,1288.85,1322.35,1217.17,11,12,1,2,1253.06,11.1,1400.38
RESIDENT,27.13,23.5,26.97,21.61,9,10,11,12,24.8,-1.84,26.76
RESIDENT,19.18,10.57,15.59,25.25,10,11,12,1,17.65,2.02,22.36
RESIDENT,24.16,24.98,20.61,26.78,8,9,10,11,24.13,0.87,32.31
FACTORY,743.58,583.95,767.18,469.29,7,8,9,10,641.0,-91.43,639.41
RESIDENT,25.88,34.84,40.46,34.55,1,2,3,4,33.93,2.89,25.8
RESIDENT,21.58,19.36,18.89,23.4,8,9,10,11,20.81,0.61,23.46
ORGANIZATION,122.95,175.45,168.07,181.2,1,2,3,4,161.92,19.42,168.92
RESIDENT,26.16,31.66,24.29,24.67,11,12,1,2,26.7,-0.5,33.24
ORGANIZATION,130.15,143.57,153.71,231.42,12,1,2,3,164.71,33.76,160.26
RESIDENT,30.99,36.52,34.77,52.27,6,7,8,9,38.64,7.09,19.87
GOVERNMENT,454.89,457.59,351.11,365.79,7,8,9,10,407.35,-29.7,368.79
RESIDENT,32.81,31.97,40.84,37.85,2,3,4,5,35.87,1.68,41.86
GOVERNMENT,305.36,309.26,253.12,362.65,10,11,12,1,307.6,19.1,353.95
RESIDENT,22.93,23.11,26.59,16.86,3,4,5,6,22.37,-2.02,19.33
PUBLIC_SERVICE,92.33,124.82,97.57,116.57,7,8,9,10,107.82,8.08,98.53
RESIDENT,31.43,32.09,36.22,36.18,12,1,2,3,33.98,1.58,36.74
RESIDENT,12.93,10.66,8.7,5.41,5,6,7,8,9.43,-2.51,5.42
GOVERNMENT,353.38,415.56,520.28,437.58,11,12,1,2,431.7,28.07,428.34
RESIDENT,20.02,13.37,19.54,21.41,12,1,2,3,18.59,0.46,25.26
PUBLIC_SERVICE,70.35,62.92,73.43,84.67,12,1,2,3,72.84,4.77,84.42
RESIDENT,6.05,7.42,4.88,10.76,9,10,11,12,7.28,1.57,4.42
GOVERNMENT,260.33,271.98,220.74,251.83,8,9,10,11,251.22,-2.83,245.85
GOVERNMENT,127.77,224.39,142.6,137.18,11,12,1,2,157.99,3.14,180.99
FACTORY,1994.06,1973.16,2167.48,2108.54,4,5,6,7,2060.81,38.16,2086.64
RESIDENT,8.68,5.22,11.2,15.23,1,2,3,4,10.08,2.18,17.45
RESIDENT,33.54,30.97,30.9,44.08,5,6,7,8,34.87,3.51,29.64
RESIDENT,17.86,24.47,21.35,25.94,11,12,1,2,22.41,2.69,31.36
GOVERNMENT,328.19,241.27,260.33,271.98,6,7,8,9,275.44,-18.74,220.74
RESIDENT,14.98,9.67,12.07,24.17,10,11,12,1,15.22,3.06,13.55
RESIDENT,11.64,16.51,7.51,4.32,7,8,9,10,10.0,-2.44,3.82
RESIDENT,34.61,33.0,21.97,24.31,1,2,3,4,28.47,-3.43,29.87
RESIDENT,0.5,4.38,5.65,7.31,10,11,12,1,4.46,2.27,6.03
RESIDENT,22.93,20.9,20.65,22.06,9,10,11,12,21.63,-0.29,19.81
RESIDENT,39.37,41.86,41.82,57.85,3,4,5,6,45.22,6.16,40.25
RESIDENT,8.48,6.26,4.05,5.61,8,9,10,11,6.1,-0.96,0.5
RESIDENT,15.12,15.96,19.64,20.01,10,11,12,1,17.68,1.63,25.87
RESIDENT,29.66,31.32,31.63,38.57,1,2,3,4,32.8,2.97,37.33
RESIDENT,9.74,4.88,6.55,6.01,8,9,10,11,6.79,-1.24,5.49
RESIDENT,27.98,24.08,28.62,29.69,2,3,4,5,27.59,0.57,24.31
RESIDENT,9.33,4.56,4.74,4.08,8,9,10,11,5.68,-1.75,8.08
RESIDENT,25.6,24.44,27.92,24.54,11,12,1,2,25.62,-0.35,35.9
RESIDENT,10.91,10.22,8.8,5.48,9,10,11,12,8.85,-1.81,15.89
GOVERNMENT,443.22,381.26,541.65,492.61,8,9,10,11,464.69,16.46,383.53
RESIDENT,10.9,6.93,11.36,10.56,11,12,1,2,9.94,-0.11,10.66
RESIDENT,4.67,6.35,7.96,8.27,9,10,11,12,6.81,1.2,5.35
PUBLIC_SERVICE,114.04,95.31,89.44,95.4,5,6,7,8,98.55,-6.21,73.37
RESIDENT,17.66,21.75,26.97,22.67,1,2,3,4,22.26,1.67,19.43
RESIDENT,22.87,24.78,21.85,22.78,3,4,5,6,23.07,-0.03,25.67
RESIDENT,38.29,23.33,21.42,25.84,7,8,9,10,27.22,-4.15,26.65
RESIDENT,21.09,21.61,15.17,12.27,7,8,9,10,17.54,-2.94,15.46
RESIDENT,34.63,30.51,24.59,27.29,5,6,7,8,29.26,-2.45,39.92
PUBLIC_SERVICE,148.8,119.55,141.1,134.05,4,5,6,7,135.88,-4.92,119.37
ORGANIZATION,114.06,104.55,78.09,82.08,8,9,10,11,94.7,-10.66,84.28
RESIDENT,14.88,19.93,16.5,21.16,4,5,6,7,18.12,2.09,16.13
ORGANIZATION,90.83,94.19,75.42,95.29,8,9,10,11,88.93,1.49,86.7
PUBLIC_SERVICE,78.68,97.57,68.86,71.16,4,5,6,7,79.07,-2.51,56.46
RESIDENT,11.34,5.62,11.42,13.86,1,2,3,4,10.56,0.84,13.02
RESIDENT,24.79,21.71,17.63,14.27,6,7,8,9,19.6,-3.51,13.8
PUBLIC_SERVICE,81.41,122.61,122.3,129.7,1,2,3,4,114.0,16.1,126.7
PUBLIC_SERVICE,84.45,68.9,87.69,82.61,3,4,5,6,80.91,-0.61,100.46
RESIDENT,20.95,27.66,26.8,27.4,11,12,1,2,25.7,2.15,30.72
PUBLIC_SERVICE,78.76,85.55,87.46,91.79,2,3,4,5,85.89,4.34,94.66
ORGANIZATION,171.68,137.33,141.91,174.89,10,11,12,1,156.45,1.07,185.88
RESIDENT,27.38,27.61,33.38,36.37,11,12,1,2,31.19,3.0,38.89
RESIDENT,37.41,38.79,39.47,44.69,2,3,4,5,40.09,2.43,46.05
PUBLIC_SERVICE,17.34,67.53,47.13,43.79,12,1,2,3,43.95,8.82,54.65
RESIDENT,41.81,29.03,26.92,25.9,8,9,10,11,30.91,-5.3,27.98
PUBLIC_SERVICE,128.67,120.83,131.02,121.44,9,10,11,12,125.49,-2.41,139.58
RESIDENT,33.28,35.95,33.51,34.07,3,4,5,6,34.2,0.26,29.89
RESIDENT,6.03,6.15,13.06,5.82,12,1,2,3,7.77,-0.07,16.59
RESIDENT,25.86,24.51,25.76,31.2,10,11,12,1,26.83,1.78,23.24
RESIDENT,6.46,14.82,10.07,18.25,11,12,1,2,12.4,3.93,17.95
RESIDENT,14.8,23.07,13.93,9.69,6,7,8,9,15.37,-1.7,13.76
ORGANIZATION,108.83,112.81,136.83,119.56,3,4,5,6,119.51,3.58,94.62
RESIDENT,14.53,4.9,10.7,17.5,10,11,12,1,11.91,0.99,13.35
PUBLIC_SERVICE,115.6,120.76,124.27,132.31,9,10,11,12,123.23,5.57,112.94
PUBLIC_SERVICE,45.01,58.61,70.47,53.16,12,1,2,3,56.81,2.72,47.42
PUBLIC_SERVICE,147.03,205.94,131.72,111.57,8,9,10,11,149.06,-11.82,98.0
RESIDENT,0.6,7.29,6.12,8.19,12,1,2,3,5.55,2.53,10.79
ORGANIZATION,176.72,175.87,170.43,129.12,5,6,7,8,163.03,-15.87,138.39
ORGANIZATION,171.39,209.79,175.02,174.83,4,5,6,7,182.76,1.15,173.37
RESIDENT,13.55,17.55,21.69,26.24,12,1,2,3,19.76,4.23,27.91
PUBLIC_SERVICE,111.4,114.74,145.7,146.01,2,3,4,5,129.46,11.54,154.85
PUBLIC_SERVICE,136.78,128.67,120.83,131.02,8,9,10,11,129.32,-1.92,121.44
RESIDENT,18.55,25.77,19.44,30.11,11,12,1,2,23.47,3.85,23.23
GOVERNMENT,353.42,397.6,300.2,351.94,4,5,6,7,350.79,-0.49,316.3
GOVERNMENT,418.27,363.73,436.33,404.19,11,12,1,2,405.63,-4.69,411.74
RESIDENT,9.04,7.89,9.61,9.12,9,10,11,12,8.91,0.03,10.33
ORGANIZATION,52.06,83.2,38.78,66.82,2,3,4,5,60.21,4.92,50.95
RESIDENT,37.9,38.98,41.01,43.33,2,3,4,5,40.3,1.81,43.26
PUBLIC_SERVICE,62.43,67.64,50.18,85.49,10,11,12,1,66.44,7.69,70.43
PUBLIC_SERVICE,73.65,71.6,93.49,76.01,9,10,11,12,78.69,0.79,83.51
RESIDENT,16.32,17.54,20.71,27.61,12,1,2,3,20.55,3.76,29.1
PUBLIC_SERVICE,43.52,46.34,45.75,58.81,3,4,5,6,48.61,5.1,33.39
RESIDENT,24.99,21.72,26.29,15.1,6,7,8,9,22.02,-3.3,15.06
RESIDENT,1.6,11.02,12.76,17.23,12,1,2,3,10.65,5.21,14.29
RESIDENT,29.33,25.08,27.86,16.89,5,6,7,8,24.79,-4.15,12.21
RESIDENT,11.5,13.57,16.43,16.16,10,11,12,1,14.41,1.55,19.34
RESIDENT,9.05,13.31,14.62,21.04,12,1,2,3,14.5,4.0,16.92
GOVERNMENT,486.68,454.67,491.48,502.72,2,3,4,5,483.89,5.35,520.8
FACTORY,1842.75,1640.44,1914.96,1926.65,11,12,1,2,1831.2,27.97,2210.02
RESIDENT,11.0,16.51,12.83,11.56,3,4,5,6,12.98,0.19,14.55
RESIDENT,14.61,17.07,11.27,9.63,5,6,7,8,13.15,-1.66,9.4
PUBLIC_SERVICE,88.0,120.28,117.76,102.35,3,4,5,6,107.1,4.78,97.91
RESIDENT,24.25,22.76,18.45,13.57,8,9,10,11,19.76,-3.56,19.29
RESIDENT,29.29,32.07,30.2,33.74,12,1,2,3,31.33,1.48,31.92
RESIDENT,24.08,22.34,27.42,25.72,2,3,4,5,24.89,0.55,24.64
ORGANIZATION,135.58,89.76,146.38,102.92,8,9,10,11,118.66,-10.89,112.86
ORGANIZATION,139.53,206.34,159.27,210.76,12,1,2,3,178.97,23.74,212.47
ORGANIZATION,187.79,207.32,169.62,195.97,5,6,7,8,190.18,2.73,171.87
RESIDENT,23.79,25.71,33.97,52.43,1,2,3,4,33.98,9.55,35.43
RESIDENT,15.37,15.51,24.86,17.49,1,2,3,4,18.31,0.71,16.39
RESIDENT,31.36,27.48,29.65,27.83,9,10,11,12,29.08,-1.18,31.52
RESIDENT,10.56,7.18,10.64,9.58,10,11,12,1,9.49,-0.33,13.34
GOVERNMENT,469.69,428.9,518.72,517.39,8,9,10,11,483.67,15.9,535.28
PUBLIC_SERVICE,120.28,117.76,102.35,97.91,4,5,6,7,109.57,-7.46,96.92
RESIDENT,18.02,21.4,21.6,21.02,3,4,5,6,20.51,1.0,14.43
FACTORY,740.19,713.94,784.35,858.85,3,4,5,6,774.33,39.55,596.98
RESIDENT,23.64,29.89,25.31,41.92,7,8,9,10,30.19,6.09,28.96
PUBLIC_SERVICE,49.1,66.2,63.35,60.67,4,5,6,7,59.83,3.86,53.35
RESIDENT,11.91,15.17,16.85,13.72,6,7,8,9,14.41,0.6,12.55
RESIDENT,20.84,28.11,35.03,34.1,12,1,2,3,29.52,4.42,38.31
RESIDENT,17.56,14.45,14.99,20.35,9,10,11,12,16.84,0.93,22.4
PUBLIC_SERVICE,94.73,87.8,84.62,87.41,3,4,5,6,88.64,-2.44,77.05
RESIDENT,23.01,19.11,27.83,30.5,11,12,1,2,25.11,2.5,35.88
PUBLIC_SERVICE,97.28,118.36,113.56,78.3,5,6,7,8,101.88,-6.33,72.03
ORGANIZATION,34.27,53.78,63.56,85.82,12,1,2,3,59.36,17.18,91.04
RESIDENT,27.05,31.44,31.87,34.42,12,1,2,3,31.2,2.46,42.34
RESIDENT,2.48,2.97,5.89,6.1,9,10,11,12,4.36,1.21,6.52
GOVERNMENT,452.36,414.21,432.19,446.78,7,8,9,10,436.38,-1.86,580.96
RESIDENT,12.61,12.88,11.34,14.7,10,11,12,1,12.88,0.7,15.04
ORGANIZATION,171.1,248.61,159.81,256.96,1,2,3,4,209.12,28.62,204.62
RESIDENT,15.6,17.73,22.77,19.02,10,11,12,1,18.78,1.14,21.4
ORGANIZATION,161.01,174.85,188.03,201.46,12,1,2,3,181.34,13.48,201.21
PUBLIC_SERVICE,73.36,92.95,77.34,59.29,6,7,8,9,75.73,-4.69,60.0
RESIDENT,16.79,14.65,14.7,12.75,4,5,6,7,14.72,-1.35,12.45
GOVERNMENT,91.82,98.77,128.66,165.17,8,9,10,11,121.1,24.45,79.73
RESIDENT,25.72,28.67,28.95,25.34,2,3,4,5,27.17,-0.13,31.4
RESIDENT,8.72,13.14,14.61,13.4,10,11,12,1,12.47,1.56,16.62
RESIDENT,16.68,17.25,16.13,16.21,10,11,12,1,16.57,-0.16,24.67
PUBLIC_SERVICE,144.1,131.83,138.15,124.65,6,7,8,9,134.68,-6.48,109.14
FACTORY,874.13,890.77,1048.52,1142.07,1,2,3,4,988.87,89.31,1082.27
RESIDENT,27.97,24.46,17.94,15.16,7,8,9,10,21.38,-4.27,17.15
RESIDENT,18.32,6.87,8.83,12.02,8,9,10,11,11.51,-2.1,7.92
RESIDENT,12.19,9.77,7.42,0.97,7,8,9,10,7.59,-3.74,5.69
RESIDENT,18.08,23.9,23.48,27.92,3,4,5,6,23.34,3.28,24.56
GOVERNMENT,318.19,330.07,335.1,369.2,2,3,4,5,338.14,17.0,359.21
RESIDENT,22.59,14.97,13.6,14.02,7,8,9,10,16.3,-2.86,13.45
RESIDENT,8.24,12.22,14.83,19.3,11,12,1,2,13.65,3.69,21.04
RESIDENT,32.03,38.32,36.06,32.59,1,2,3,4,34.75,0.19,33.69
RESIDENT,27.9,27.99,27.4,23.96,6,7,8,9,26.81,-1.31,20.66
RESIDENT,21.26,25.36,20.83,26.89,9,10,11,12,23.59,1.88,27.28
RESIDENT,19.07,15.0,18.47,18.02,7,8,9,10,17.64,-0.35,15.45
GOVERNMENT,458.07,413.01,393.08,339.2,8,9,10,11,400.84,-39.62,578.23
ORGANIZATION,62.06,96.62,70.98,82.54,3,4,5,6,78.05,6.83,55.19
RESIDENT,20.91,13.91,10.65,2.71,8,9,10,11,12.04,-6.07,11.87
RESIDENT,29.54,31.68,37.18,35.41,10,11,12,1,33.45,1.96,38.16
RESIDENT,27.98,36.7,35.57,28.74,4,5,6,7,32.25,0.25,32.05
ORGANIZATION,130.91,118.02,132.11,133.4,11,12,1,2,128.61,0.83,156.53
RESIDENT,20.58,26.09,25.46,33.45,12,1,2,3,26.39,4.29,30.83
PUBLIC_SERVICE,45.57,63.36,57.72,49.16,11,12,1,2,53.95,1.2,46.37
RESIDENT,10.02,4.81,2.6,8.91,9,10,11,12,6.58,-0.37,3.35
RESIDENT,16.04,6.65,18.67,22.68,12,1,2,3,16.01,2.21,25.9
RESIDENT,33.32,42.76,26.27,28.18,5,6,7,8,32.63,-1.71,24.49
PUBLIC_SERVICE,118.24,103.66,129.58,120.55,5,6,7,8,118.01,0.77,109.69
ORGANIZATION,113.6,77.72,82.55,64.61,8,9,10,11,84.62,-16.33,81.25
RESIDENT,14.16,17.67,13.41,15.22,4,5,6,7,15.12,0.35,13.56
RESIDENT,14.17,7.56,13.14,1.5,6,7,8,9,9.09,-4.22,7.99
RESIDENT,32.46,36.01,37.59,44.65,1,2,3,4,37.68,4.06,40.92
RESIDENT,48.03,38.4,35.81,35.78,4,5,6,7,39.51,-4.08,33.89
ORGANIZATION,230.36,207.69,210.65,228.67,7,8,9,10,219.34,-0.56,199.89
GOVERNMENT,527.23,304.12,395.67,302.01,3,4,5,6,382.26,-75.07,298.9
RESIDENT,4.75,8.22,10.46,19.73,11,12,1,2,10.79,4.99,18.32
RESIDENT,16.86,19.06,19.58,27.2,11,12,1,2,20.68,3.45,34.52
PUBLIC_SERVICE,80.75,79.45,89.62,82.43,8,9,10,11,83.06,0.56,71.59
RESIDENT,22.29,17.71,15.2,14.0,7,8,9,10,17.3,-2.76,15.7
GOVERNMENT,202.91,217.49,190.03,172.46,7,8,9,10,195.72,-10.15,155.02
RESIDENT,14.97,13.6,14.02,13.45,8,9,10,11,14.01,-0.51,12.13
RESIDENT,22.87,16.86,19.06,19.58,10,11,12,1,19.59,-1.1,27.2
ORGANIZATION,186.28,131.75,136.94,148.24,6,7,8,9,150.8,-12.68,94.33
RESIDENT,33.71,35.38,39.52,27.87,6,7,8,9,34.12,-1.95,25.67
RESIDENT,31.04,20.27,17.16,24.83,9,10,11,12,23.32,-2.07,25.3
FACTORY,605.31,589.49,461.35,523.39,10,11,12,1,544.88,-27.31,713.07
RESIDENT,27.46,33.47,35.53,31.68,2,3,4,5,32.04,1.41,31.42
RESIDENT,30.33,28.39,29.88,27.34,5,6,7,8,28.98,-1.0,26.23
PUBLIC_SERVICE,112.58,129.95,116.65,107.69,3,4,5,6,116.72,-1.63,117.07
ORGANIZATION,133.86,178.36,113.92,142.38,9,10,11,12,142.13,2.84,160.69
RESIDENT,20.66,26.99,29.53,34.52,2,3,4,5,27.93,4.62,30.38
PUBLIC_SERVICE,78.08,81.06,77.65,49.68,6,7,8,9,71.62,-9.47,82.33
RESIDENT,9.43,6.29,11.0,12.53,10,11,12,1,9.81,1.03,13.41
RESIDENT,16.89,27.02,30.16,27.36,11,12,1,2,25.36,3.49,31.06
RESIDENT,9.77,13.85,3.58,17.28,1,2,3,4,11.12,2.5,16.47
RESIDENT,11.65,10.34,15.97,10.59,11,12,1,2,12.14,-0.35,14.3
RESIDENT,6.02,9.43,12.23,7.68,9,10,11,12,8.84,0.55,15.02
PUBLIC_SERVICE,116.52,133.47,194.4,149.92,4,5,6,7,148.58,11.13,137.67
FACTORY,754.15,808.49,816.59,778.81,9,10,11,12,789.51,8.22,659.93
FACTORY,715.8,731.31,872.3,438.29,6,7,8,9,689.42,-92.5,393.87
GOVERNMENT,171.02,164.3,271.49,218.99,2,3,4,5,206.45,15.99,201.37
RESIDENT,14.44,20.56,16.5,17.03,11,12,1,2,17.13,0.86,22.68
RESIDENT,16.64,11.61,8.61,5.19,7,8,9,10,10.51,-3.82,9.46
GOVERNMENT,280.88,289.59,200.86,269.08,8,9,10,11,260.1,-3.93,222.08
RESIDENT,25.44,27.61,26.73,26.62,2,3,4,5,26.6,0.39,33.14
ORGANIZATION,167.93,186.45,215.95,206.57,3,4,5,6,194.22,12.88,208.98
PUBLIC_SERVICE,115.39,121.23,133.25,111.24,9,10,11,12,120.28,-1.38,137.2
RESIDENT,16.48,14.01,7.85,10.62,6,7,8,9,12.24,-1.95,3.91
RESIDENT,17.12,16.3,8.98,15.02,10,11,12,1,14.36,-0.7,10.76
PUBLIC_SERVICE,150.18,87.88,115.75,103.63,10,11,12,1,114.36,-15.52,113.47
FACTORY,1628.54,1624.39,2196.51,1541.37,5,6,7,8,1747.7,-29.06,1461.91
PUBLIC_SERVICE,86.64,90.34,96.33,153.78,10,11,12,1,106.77,22.38,97.55
FACTORY,1816.62,1973.26,2012.83,2118.86,2,3,4,5,1980.39,100.75,2310.87
ORGANIZATION,140.22,92.68,172.02,99.42,9,10,11,12,126.09,-13.6,105.38
ORGANIZATION,63.56,52.11,22.2,53.41,6,7,8,9,47.82,-3.38,46.55
GOVERNMENT,195.72,150.21,197.61,182.77,11,12,1,2,181.58,-4.32,285.16
RESIDENT,30.43,31.36,23.97,27.64,7,8,9,10,28.35,-0.93,30.95
FACTORY,543.6,562.52,555.87,868.45,11,12,1,2,632.61,108.28,837.72
PUBLIC_SERVICE,25.08,34.63,53.6,47.02,1,2,3,4,40.08,7.31,47.05
RESIDENT,25.33,24.66,15.42,34.67,8,9,10,11,25.02,3.11,15.49
GOVERNMENT,437.58,428.34,491.92,537.32,2,3,4,5,473.79,33.25,466.55
ORGANIZATION,185.21,187.79,194.11,170.13,6,7,8,9,184.31,-5.03,143.41
GOVERNMENT,658.92,438.66,417.56,435.96,10,11,12,1,487.77,-74.32,433.35
FACTORY,1849.27,1592.95,1856.08,1497.21,7,8,9,10,1698.88,-117.35,1884.02
RESIDENT,20.82,24.23,16.35,11.11,6,7,8,9,18.13,-3.24,15.2
ORGANIZATION,164.77,168.91,172.55,147.89,7,8,9,10,163.53,-5.63,157.94
RESIDENT,9.98,5.8,0.84,2.18,7,8,9,10,4.7,-2.6,5.56
FACTORY,1083.44,1248.72,1242.56,1097.83,4,5,6,7,1168.14,4.8,1205.43
ORGANIZATION,92.56,72.45,79.94,92.11,10,11,12,1,84.27,-0.15,114.48
GOVERNMENT,265.67,217.74,230.48,277.25,4,5,6,7,247.78,3.86,165.25
RESIDENT,9.37,11.01,6.91,10.17,10,11,12,1,9.37,0.27,12.94
FACTORY,778.1,763.84,777.42,849.64,8,9,10,11,792.25,23.85,757.89
RESIDENT,32.37,32.54,55.53,36.41,2,3,4,5,39.21,1.35,31.2
RESIDENT,33.97,36.21,31.61,29.21,7,8,9,10,32.75,-1.59,32.24
RESIDENT,28.35,23.41,30.27,26.22,10,11,12,1,27.06,-0.71,29.35
ORGANIZATION,64.98,53.16,69.67,76.03,11,12,1,2,65.96,3.68,89.82
RESIDENT,18.41,12.09,12.42,18.82,10,11,12,1,15.44,0.14,43.25
RESIDENT,24.38,24.39,20.46,17.93,6,7,8,9,21.79,-2.15,16.67
PUBLIC_SERVICE,11.13,39.17,51.32,40.88,1,2,3,4,35.62,9.92,60.78
RESIDENT,28.67,28.95,25.34,31.4,3,4,5,6,28.59,0.91,31.16
RESIDENT,23.19,18.41,19.7,16.37,7,8,9,10,19.42,-2.27,19.78
ORGANIZATION,95.77,71.57,74.46,54.42,6,7,8,9,74.05,-13.78,31.38
RESIDENT,36.41,37.38,35.16,39.91,3,4,5,6,37.21,1.17,34.43
PUBLIC_SERVICE,45.36,31.59,35.01,28.6,10,11,12,1,35.14,-5.59,55.5
RESIDENT,11.0,15.51,18.01,17.03,1,2,3,4,15.39,2.01,28.45
RESIDENT,19.68,20.6,29.33,31.91,12,1,2,3,25.38,4.08,33.18
ORGANIZATION,172.55,147.89,157.94,159.33,9,10,11,12,159.43,-4.41,180.42
ORGANIZATION,189.97,212.06,206.79,201.71,5,6,7,8,202.63,3.91,148.4
FACTORY,1783.56,1720.21,1575.82,2074.27,9,10,11,12,1788.47,96.9,2765.6
RESIDENT,17.09,16.42,14.48,18.18,7,8,9,10,16.54,0.36,14.53
RESIDENT,12.06,13.19,8.86,15.54,1,2,3,4,12.41,1.16,18.38
ORGANIZATION,40.71,38.36,51.38,66.3,12,1,2,3,49.19,8.53,78.66
RESIDENT,11.77,12.35,22.61,24.52,12,1,2,3,17.81,4.25,19.07
RESIDENT,17.59,15.73,10.73,6.12,7,8,9,10,12.54,-3.82,18.4
RESIDENT,28.45,30.37,25.66,31.33,9,10,11,12,28.95,0.96,31.8
RESIDENT,32.39,33.18,22.13,20.98,6,7,8,9,27.17,-3.8,22.75
PUBLIC_SERVICE,42.14,53.42,60.9,45.67,3,4,5,6,50.53,1.18,39.49
RESIDENT,0.5,4.34,6.3,0.54,10,11,12,1,2.92,0.01,9.76
GOVERNMENT,213.63,303.86,318.19,330.07,12,1,2,3,291.44,38.81,335.1
RESIDENT,10.63,7.66,16.78,17.44,12,1,2,3,13.13,2.27,15.45
RESIDENT,20.59,21.28,25.0,27.16,12,1,2,3,23.51,2.19,27.74
RESIDENT,28.45,31.15,31.84,32.37,8,9,10,11,30.95,1.31,35.12
RESIDENT,5.13,4.18,10.59,9.13,9,10,11,12,7.26,1.33,8.55
RESIDENT,22.0,18.48,18.92,19.84,8,9,10,11,19.81,-0.72,18.54
ORGANIZATION,165.13,141.72,114.65,120.75,8,9,10,11,135.56,-14.79,107.68
ORGANIZATION,137.2,150.88,137.07,179.58,2,3,4,5,151.18,14.13,149.05
FACTORY,509.4,722.97,689.2,1124.34,2,3,4,5,761.48,204.98,964.36
GOVERNMENT,315.97,270.46,294.54,340.27,10,11,12,1,305.31,8.1,299.43
RESIDENT,8.89,12.29,7.24,4.37,5,6,7,8,8.2,-1.51,1.73
RESIDENT,28.42,29.88,31.78,41.42,12,1,2,3,32.88,4.33,45.9
RESIDENT,34.24,34.14,37.82,31.6,6,7,8,9,34.45,-0.88,34.89
RESIDENT,10.63,11.69,14.7,5.76,9,10,11,12,10.69,-1.62,8.6
RESIDENT,31.66,24.29,24.67,33.24,12,1,2,3,28.47,0.53,29.65
RESIDENT,18.74,16.65,17.31,25.3,10,11,12,1,19.5,2.19,22.35
RESIDENT,22.7,25.44,25.72,28.14,12,1,2,3,25.5,1.81,36.19
RESIDENT,33.25,39.24,36.64,48.74,3,4,5,6,39.47,5.16,31.38
ORGANIZATION,184.97,189.25,162.66,149.46,6,7,8,9,171.59,-11.84,185.57
GOVERNMENT,322.0,326.55,295.24,350.24,12,1,2,3,323.51,9.41,367.4
RESIDENT,9.72,13.7,20.17,12.64,3,4,5,6,14.06,0.97,8.73
RESIDENT,14.9,12.87,10.33,5.46,6,7,8,9,10.89,-3.15,5.48
FACTORY,695.63,433.59,687.67,731.41,12,1,2,3,637.07,11.93,942.97
RESIDENT,4.83,8.11,15.06,14.59,1,2,3,4,10.65,3.25,11.65
RESIDENT,17.49,16.02,14.34,22.71,3,4,5,6,17.64,1.74,9.9
RESIDENT,21.18,11.01,9.99,9.62,9,10,11,12,12.95,-3.85,17.49
RESIDENT,26.37,33.43,35.2,38.39,2,3,4,5,33.35,4.01,33.39
RESIDENT,25.88,25.13,27.2,30.08,9,10,11,12,27.07,1.4,26.37
RESIDENT,27.48,29.25,26.72,30.43,10,11,12,1,28.47,0.98,32.2
RESIDENT,32.87,36.6,36.16,50.95,2,3,4,5,39.14,6.03,36.31
RESIDENT,19.72,25.27,26.11,24.84,12,1,2,3,23.98,1.71,24.65
RESIDENT,3.93,13.39,6.98,8.08,2,3,4,5,8.1,1.38,9.53
RESIDENT,27.81,33.23,37.79,41.91,2,3,4,5,35.18,4.7,33.11
ORGANIZATION,78.19,71.48,48.74,55.96,8,9,10,11,63.59,-7.41,44.55
FACTORY,711.53,580.57,626.01,478.97,8,9,10,11,599.27,-77.52,690.84
RESIDENT,23.41,26.19,23.23,31.49,5,6,7,8,26.08,2.69,25.68
PUBLIC_SERVICE,119.87,134.46,121.85,102.21,8,9,10,11,119.6,-5.89,157.01
RESIDENT,15.4,12.44,13.59,14.09,7,8,9,10,13.88,-0.44,10.92
RESIDENT,19.56,15.12,15.96,19.64,9,10,11,12,17.57,0.03,20.01
RESIDENT,23.18,21.51,14.44,15.61,8,9,10,11,18.68,-2.52,17.86
RESIDENT,7.91,9.13,1.43,2.26,8,9,10,11,5.18,-1.88,0.63
GOVERNMENT,371.04,307.88,332.11,431.07,9,10,11,12,360.53,20.01,372.97
RESIDENT,25.84,28.74,46.56,26.88,1,2,3,4,32.01,0.35,35.61
RESIDENT,19.9,14.69,12.6,16.19,10,11,12,1,15.84,-1.24,15.74
RESIDENT,12.67,14.76,16.61,23.19,2,3,4,5,16.81,3.51,20.25
PUBLIC_SERVICE,63.47,36.14,45.49,44.85,4,5,6,7,47.49,-6.21,48.03
FACTORY,1222.97,1103.51,1160.68,1139.12,10,11,12,1,1156.57,-27.95,1250.73
FACTORY,1126.56,948.55,680.67,884.87,7,8,9,10,910.16,-80.56,914.22
RESIDENT,13.36,10.67,8.03,4.73,7,8,9,10,9.2,-2.88,0.5
ORGANIZATION,72.31,93.04,79.88,64.24,3,4,5,6,77.37,-2.69,93.65
GOVERNMENT,541.6,570.94,347.72,429.91,3,4,5,6,472.54,-37.23,371.67
PUBLIC_SERVICE,115.26,115.35,124.39,118.14,9,10,11,12,118.28,0.96,120.01
RESIDENT,26.97,22.67,19.43,27.83,3,4,5,6,24.22,0.29,20.83
ORGANIZATION,169.46,136.28,132.34,114.48,6,7,8,9,138.14,-18.33,111.85
RESIDENT,6.58,15.29,15.11,14.26,10,11,12,1,12.81,2.56,17.25
PUBLIC_SERVICE,36.25,37.02,71.43,49.42,3,4,5,6,48.53,4.39,60.36
ORGANIZATION,167.43,171.39,209.79,175.02,3,4,5,6,180.91,2.53,174.83
RESIDENT,32.21,16.61,21.32,18.95,8,9,10,11,22.27,-4.42,22.52
RESIDENT,26.35,24.19,30.74,19.46,3,4,5,6,25.19,-2.3,22.24
PUBLIC_SERVICE,8.38,40.55,51.64,41.36,11,12,1,2,35.48,10.99,47.01
RESIDENT,5.32,5.71,2.87,8.41,11,12,1,2,5.58,1.03,10.57
RESIDENT,18.48,16.24,14.79,11.54,5,6,7,8,15.26,-2.31,12.58
PUBLIC_SERVICE,114.01,140.46,114.74,124.96,2,3,4,5,123.54,3.65,127.7
RESIDENT,25.08,22.67,22.87,16.86,8,9,10,11,21.87,-2.74,19.06
RESIDENT,16.39,11.38,12.62,18.37,11,12,1,2,14.69,0.66,19.99
PUBLIC_SERVICE,143.57,118.68,140.59,131.04,7,8,9,10,133.47,-4.18,130.72
RESIDENT,21.83,34.61,33.0,21.97,12,1,2,3,27.85,0.05,24.31
RESIDENT,24.24,32.76,28.06,35.47,12,1,2,3,30.13,3.74,38.44
PUBLIC_SERVICE,111.1,116.66,104.66,99.09,4,5,6,7,107.88,-4.0,99.97
FACTORY,1873.5,1626.47,1770.08,1588.48,7,8,9,10,1714.63,-95.01,1571.53
RESIDENT,22.81,19.92,38.32,27.84,12,1,2,3,27.22,1.68,39.48
FACTORY,1868.13,2002.92,1877.36,1965.59,4,5,6,7,1928.5,32.49,1786.54
ORGANIZATION,158.82,126.06,172.14,155.52,10,11,12,1,153.13,-1.1,177.58
RESIDENT,14.48,17.54,13.02,15.34,6,7,8,9,15.09,0.29,6.74
RESIDENT,32.38,27.81,34.27,21.43,5,6,7,8,28.97,-3.65,25.03
GOVERNMENT,396.68,332.67,360.13,375.33,9,10,11,12,366.2,-7.12,382.09
RESIDENT,21.63,34.11,24.95,33.84,11,12,1,2,28.63,4.07,27.74
RESIDENT,8.39,14.32,17.43,20.65,1,2,3,4,15.2,4.09,16.23
RESIDENT,7.22,6.23,10.75,11.11,4,5,6,7,8.83,1.3,10.68
RESIDENT,30.18,27.29,29.48,26.04,10,11,12,1,28.25,-1.38,33.26
RESIDENT,11.53,8.94,11.07,10.63,3,4,5,6,10.54,-0.3,6.69
RESIDENT,20.17,18.27,15.99,18.1,7,8,9,10,18.13,-0.69,18.42
FACTORY,1161.14,1182.59,1214.19,1163.1,8,9,10,11,1180.26,0.65,1166.49
RESIDENT,0.5,0.5,7.63,4.62,11,12,1,2,3.31,1.37,10.01
RESIDENT,40.18,37.05,34.49,36.97,4,5,6,7,37.17,-1.07,30.52
RESIDENT,6.49,15.28,13.51,17.24,11,12,1,2,13.13,3.58,19.66
RESIDENT,21.8,21.09,21.61,15.17,6,7,8,9,19.92,-2.21,12.27
ORGANIZATION,117.83,147.47,132.41,151.33,2,3,4,5,137.26,11.17,146.22
ORGANIZATION,101.2,107.31,75.37,85.21,1,2,3,4,92.27,-5.33,104.08
RESIDENT,2.85,0.5,1.05,1.66,10,11,12,1,1.52,-0.4,12.32
RESIDENT,16.0,19.55,17.1,21.82,12,1,2,3,18.62,1.94,29.11
PUBLIC_SERVICE,48.82,48.72,60.04,52.81,3,4,5,6,52.6,1.33,56.36
ORGANIZATION,142.91,143.12,146.72,218.01,11,12,1,2,162.69,25.03,161.83
GOVERNMENT,276.88,249.3,281.38,284.31,11,12,1,2,272.97,2.48,296.08
RESIDENT,21.5,29.01,24.95,26.0,1,2,3,4,25.37,1.5,26.1
RESIDENT,21.52,27.41,31.99,27.76,2,3,4,5,27.17,2.08,30.8
RESIDENT,14.81,12.86,6.29,1.88,7,8,9,10,8.96,-4.31,0.5
ORGANIZATION,125.16,132.33,184.6,153.97,1,2,3,4,149.02,9.6,151.15
RESIDENT,18.89,18.85,14.99,6.02,6,7,8,9,14.69,-4.29,9.43
GOVERNMENT,398.61,390.9,380.66,401.39,3,4,5,6,392.89,0.93,356.56
FACTORY,803.66,852.34,847.15,889.25,6,7,8,9,848.1,28.53,817.19
RESIDENT,20.83,24.14,24.2,19.36,3,4,5,6,22.13,-0.49,18.81
PUBLIC_SERVICE,78.83,76.37,55.9,56.68,7,8,9,10,66.94,-7.38,48.62
FACTORY,1413.72,1262.92,1443.31,1613.13,9,10,11,12,1433.27,66.47,1616.17
ORGANIZATION,134.51,144.85,135.11,106.36,5,6,7,8,130.21,-9.38,126.64
RESIDENT,23.77,19.74,14.71,13.48,5,6,7,8,17.93,-3.43,12.88
RESIDENT,8.04,5.55,11.52,14.78,12,1,2,3,9.97,2.25,13.56
GOVERNMENT,333.28,361.69,460.58,378.32,3,4,5,6,383.47,15.01,355.01
RESIDENT,27.11,32.11,35.34,34.37,2,3,4,5,32.23,2.42,33.67
RESIDENT,1.15,7.65,0.5,0.5,8,9,10,11,2.45,-0.22,0.5
RESIDENT,18.74,15.17,21.47,16.4,4,5,6,7,17.95,-0.78,22.78
FACTORY,2107.84,2402.04,2065.25,2633.81,5,6,7,8,2302.24,175.32,1856.37
RESIDENT,16.57,18.53,11.45,12.55,7,8,9,10,14.77,-1.34,15.82
PUBLIC_SERVICE,52.3,49.48,80.87,73.14,12,1,2,3,63.95,6.95,100.29
RESIDENT,15.56,11.96,4.58,9.61,5,6,7,8,10.43,-1.98,5.19
PUBLIC_SERVICE,47.13,58.22,54.88,51.76,3,4,5,6,53.0,1.54,48.76
RESIDENT,25.93,24.08,23.22,28.02,4,5,6,7,25.31,0.7,21.6
FACTORY,1962.49,2160.2,2088.23,2227.71,3,4,5,6,2109.66,88.41,2287.28
RESIDENT,10.92,9.76,12.87,11.2,5,6,7,8,11.19,0.09,4.08
RESIDENT,19.42,17.45,16.28,15.25,5,6,7,8,17.1,-1.39,9.38
ORGANIZATION,184.47,194.0,189.66,206.15,12,1,2,3,193.57,7.23,187.35
RESIDENT,17.41,12.68,15.68,18.93,10,11,12,1,16.17,0.51,19.57
RESIDENT,31.06,30.79,35.24,38.21,7,8,9,10,33.83,2.38,23.73
RESIDENT,24.42,30.15,26.26,31.41,11,12,1,2,28.06,2.33,31.79
RESIDENT,15.55,17.82,11.0,6.56,5,6,7,8,12.73,-3.0,0.5
RESIDENT,34.03,33.9,37.81,29.38,6,7,8,9,33.78,-1.55,26.92
FACTORY,559.76,684.04,371.32,464.98,8,9,10,11,520.02,-31.59,362.89
RESIDENT,17.87,15.58,11.89,15.95,8,9,10,11,15.32,-0.64,21.14
RESIDENT,9.3,12.32,8.21,10.58,9,10,11,12,10.1,0.43,9.76
RESIDENT,34.29,36.61,36.79,36.0,3,4,5,6,35.92,0.57,30.4
RESIDENT,15.47,15.14,13.04,10.15,8,9,10,11,13.45,-1.77,13.11
GOVERNMENT,385.08,416.89,449.49,437.96,4,5,6,7,422.36,17.63,368.7
FACTORY,1898.55,1744.27,2013.92,1930.69,11,12,1,2,1896.86,10.71,1865.26
RESIDENT,42.34,54.35,41.4,40.83,3,4,5,6,44.73,-0.5,34.6
PUBLIC_SERVICE,134.04,112.49,101.69,80.7,6,7,8,9,107.23,-17.78,95.97
RESIDENT,13.9,11.08,15.46,16.98,3,4,5,6,14.36,1.03,9.65
RESIDENT,23.69,18.86,21.43,26.76,10,11,12,1,22.68,1.02,28.59
GOVERNMENT,222.31,192.66,156.06,104.62,5,6,7,8,168.91,-39.23,68.32
RESIDENT,20.29,11.93,14.85,11.63,8,9,10,11,14.68,-2.89,10.32
RESIDENT,35.5,32.55,29.67,30.29,6,7,8,9,32.0,-1.74,31.57
GOVERNMENT,299.31,221.0,271.16,234.66,8,9,10,11,256.53,-21.55,277.89
RESIDENT,14.45,10.83,1.93,5.24,8,9,10,11,8.11,-3.07,2.67
RESIDENT,37.04,36.73,49.25,40.53,3,4,5,6,40.89,1.16,38.23
RESIDENT,27.56,24.44,26.68,25.18,3,4,5,6,25.97,-0.79,24.1
GOVERNMENT,122.85,185.9,160.57,218.67,1,2,3,4,172.0,31.94,137.1
GOVERNMENT,220.09,177.02,158.38,163.6,9,10,11,12,179.77,-18.83,155.4
RESIDENT,13.42,11.26,10.05,4.52,9,10,11,12,9.81,-2.97,2.67
RESIDENT,15.45,18.89,16.25,18.14,10,11,12,1,17.18,0.9,26.3
FACTORY,1059.57,1181.3,1146.77,1046.65,7,8,9,10,1108.57,-4.31,1086.97
RESIDENT,36.22,36.18,36.74,41.71,2,3,4,5,37.71,1.83,42.7
RESIDENT,18.64,24.45,26.23,26.89,2,3,4,5,24.05,2.75,21.75
RESIDENT,7.92,13.55,13.41,12.48,2,3,4,5,11.84,1.52,12.27
RESIDENT,19.02,14.14,14.73,16.81,5,6,7,8,16.18,-0.74,14.9
RESIDENT,12.48,7.18,10.13,12.0,10,11,12,1,10.45,-0.16,16.47
RESIDENT,43.83,40.99,47.07,36.11,5,6,7,8,42.0,-2.57,31.23
RESIDENT,5.28,8.3,5.18,13.25,11,12,1,2,8.0,2.66,13.3
ORGANIZATION,164.85,176.66,146.38,210.64,12,1,2,3,174.63,15.26,218.79
RESIDENT,32.2,27.98,29.93,47.04,5,6,7,8,34.29,4.95,34.47
RESIDENT,5.54,0.5,2.12,0.5,9,10,11,12,2.17,-1.68,8.5
RESIDENT,18.58,15.55,14.04,15.12,7,8,9,10,15.82,-1.15,10.89
ORGANIZATION,106.15,116.54,84.89,94.2,5,6,7,8,100.44,-3.98,96.27
RESIDENT,36.95,39.07,29.15,29.48,6,7,8,9,33.66,-2.49,21.01
RESIDENT,32.84,33.26,36.95,39.07,4,5,6,7,35.53,2.08,29.15
RESIDENT,10.07,18.25,17.95,24.57,1,2,3,4,17.71,4.83,18.0
RESIDENT,11.06,11.14,5.36,4.94,8,9,10,11,8.12,-2.04,7.63
RESIDENT,23.46,15.43,16.04,10.91,7,8,9,10,16.46,-4.18,14.9
RESIDENT,24.41,24.63,24.75,22.55,3,4,5,6,24.08,-0.62,24.14
RESIDENT,15.97,10.84,7.85,10.43,7,8,9,10,11.27,-1.85,9.83
ORGANIZATION,166.32,156.12,200.12,192.3,10,11,12,1,178.71,8.66,196.53
PUBLIC_SERVICE,130.71,151.03,127.29,115.29,6,7,8,9,131.08,-5.14,113.81
PUBLIC_SERVICE,94.23,130.0,86.64,90.34,8,9,10,11,100.3,-1.3,96.33
FACTORY,784.35,858.85,596.98,699.75,5,6,7,8,734.98,-28.2,571.56
RESIDENT,30.36,30.47,22.43,42.84,6,7,8,9,31.52,4.16,34.94
RESIDENT,16.07,11.64,16.51,7.51,6,7,8,9,12.93,-2.85,4.32
RESIDENT,38.4,35.81,35.78,33.89,5,6,7,8,35.97,-1.5,29.2
RESIDENT,13.52,13.13,16.07,12.61,7,8,9,10,13.83,-0.3,12.88
RESIDENT,27.64,30.95,28.35,29.55,10,11,12,1,29.12,0.64,42.96
RESIDENT,36.7,37.14,38.56,38.03,3,4,5,6,37.61,0.44,39.94
RESIDENT,16.05,11.58,13.23,2.46,7,8,9,10,10.83,-4.53,7.76
GOVERNMENT,375.11,252.87,329.18,296.06,9,10,11,12,313.31,-26.35,304.11
RESIDENT,0.5,5.46,0.5,5.14,11,12,1,2,2.9,1.55,15.76
RESIDENT,20.88,15.6,17.73,22.77,9,10,11,12,19.24,0.63,19.02
RESIDENT,32.07,30.2,33.74,31.92,1,2,3,4,31.98,-0.05,37.37
PUBLIC_SERVICE,128.37,163.32,137.93,167.22,1,2,3,4,149.21,12.95,166.89
RESIDENT,5.09,0.5,7.14,3.1,11,12,1,2,3.96,-0.66,13.6
RESIDENT,33.93,35.88,52.04,35.48,10,11,12,1,39.33,0.52,41.01
RESIDENT,12.41,11.35,13.76,17.97,11,12,1,2,13.87,1.85,19.65
ORGANIZATION,54.49,28.13,42.12,14.45,7,8,9,10,34.8,-13.35,48.5
PUBLIC_SERVICE,87.8,84.62,87.41,77.05,4,5,6,7,84.22,-3.58,54.81
ORGANIZATION,196.78,152.68,187.38,187.18,9,10,11,12,181.0,-3.2,213.51
ORGANIZATION,110.3,103.82,96.17,83.69,6,7,8,9,98.5,-8.87,123.06
ORGANIZATION,68.47,71.87,81.73,79.11,11,12,1,2,75.3,3.55,110.03
RESIDENT,17.16,13.05,17.34,0.5,8,9,10,11,12.01,-5.55,9.32
GOVERNMENT,205.64,175.0,131.33,126.91,7,8,9,10,159.72,-26.24,168.51
RESIDENT,3.17,0.5,3.26,6.59,11,12,1,2,3.38,1.14,7.78
RESIDENT,15.72,15.29,10.31,22.19,12,1,2,3,15.88,2.16,26.0
GOVERNMENT,171.72,148.02,64.99,117.89,9,10,11,12,125.66,-17.94,224.34
RESIDENT,25.34,24.3,26.85,34.81,11,12,1,2,27.83,3.16,33.5
RESIDENT,9.12,10.34,7.92,7.78,9,10,11,12,8.79,-0.45,11.82
FACTORY,1223.22,1059.57,1181.3,1146.77,6,7,8,9,1152.72,-25.48,1046.65
RESIDENT,5.19,4.33,7.61,5.47,9,10,11,12,5.65,0.09,7.19
RESIDENT,9.92,17.05,13.99,12.22,3,4,5,6,13.29,0.77,4.86
GOVERNMENT,355.09,419.38,423.25,373.16,5,6,7,8,392.72,6.02,342.16
GOVERNMENT,436.09,446.13,357.04,385.83,4,5,6,7,406.27,-16.75,302.12
RESIDENT,23.32,21.98,18.69,33.03,1,2,3,4,24.25,3.24,29.13
ORGANIZATION,87.23,94.99,83.37,60.43,5,6,7,8,81.51,-8.93,62.04
RESIDENT,23.13,22.19,26.21,32.38,11,12,1,2,25.98,3.08,32.72
FACTORY,1430.95,1586.03,1312.02,1281.14,5,6,7,8,1402.54,-49.94,1104.33
RESIDENT,38.68,38.6,41.58,43.38,4,5,6,7,40.56,1.57,53.99
RESIDENT,14.79,7.38,17.04,8.31,2,3,4,5,11.88,-2.16,14.27
RESIDENT,17.96,23.02,18.82,29.09,11,12,1,2,22.22,3.71,29.4
RESIDENT,14.95,9.96,5.14,8.04,6,7,8,9,9.52,-2.3,0.5
RESIDENT,25.21,20.84,28.37,19.77,10,11,12,1,23.55,-1.81,26.41
RESIDENT,23.92,20.67,18.21,28.34,10,11,12,1,22.79,1.47,44.02
RESIDENT,43.46,34.16,39.58,33.95,4,5,6,7,37.79,-3.17,30.24
RESIDENT,19.53,20.69,20.88,11.84,4,5,6,7,18.23,-2.56,13.98
RESIDENT,13.78,21.39,16.97,19.72,12,1,2,3,17.96,1.98,20.03
ORGANIZATION,149.65,123.52,119.13,131.36,12,1,2,3,130.92,-6.1,163.89
RESIDENT,10.63,7.85,8.48,11.24,10,11,12,1,9.55,0.2,14.34
RESIDENT,21.05,19.53,14.81,20.34,11,12,1,2,18.93,-0.24,18.56
ORGANIZATION,130.68,150.8,158.81,149.09,10,11,12,1,147.34,6.14,168.84
FACTORY,1373.55,1256.82,1305.96,1243.84,10,11,12,1,1295.04,-43.24,1220.61
RESIDENT,26.29,29.23,19.15,26.86,5,6,7,8,25.38,0.19,20.16
ORGANIZATION,135.85,151.47,140.27,172.87,10,11,12,1,150.12,12.34,162.94
ORGANIZATION,159.27,210.76,212.47,215.35,2,3,4,5,199.46,18.69,193.74
RESIDENT,20.8,22.88,26.34,22.56,9,10,11,12,23.14,0.59,26.62
PUBLIC_SERVICE,59.94,65.87,75.24,53.44,3,4,5,6,63.62,-2.17,65.86
RESIDENT,6.91,10.17,12.94,12.06,12,1,2,3,10.52,1.72,15.1
ORGANIZATION,100.88,55.15,150.04,123.21,11,12,1,2,107.32,7.44,125.61
GOVERNMENT,436.48,637.76,456.25,441.85,6,7,8,9,493.09,1.79,423.9
RESIDENT,33.58,31.0,38.46,40.57,2,3,4,5,35.9,2.33,39.93
FACTORY,1023.74,972.07,1142.92,1222.77,1,2,3,4,1090.38,66.34,1180.97
RESIDENT,8.21,10.58,9.76,12.38,11,12,1,2,10.23,1.39,18.32
RESIDENT,22.75,33.0,36.61,38.12,2,3,4,5,32.62,5.12,32.85
GOVERNMENT,388.79,411.1,409.52,354.01,5,6,7,8,390.86,-11.59,330.8
RESIDENT,24.57,30.58,20.92,16.11,5,6,7,8,23.04,-2.82,14.73
RESIDENT,29.44,37.08,28.54,28.66,6,7,8,9,30.93,-0.26,24.38
RESIDENT,14.73,15.36,17.45,12.54,8,9,10,11,15.02,-0.73,14.94
RESIDENT,13.52,8.85,9.14,8.52,4,5,6,7,10.01,-1.67,5.1
PUBLIC_SERVICE,134.23,127.45,120.56,128.27,7,8,9,10,127.63,-1.99,116.18
RESIDENT,26.67,24.25,26.95,23.48,5,6,7,8,25.34,-1.06,14.95
RESIDENT,28.79,32.66,35.95,28.48,3,4,5,6,31.47,-0.1,26.78
GOVERNMENT,312.45,314.17,322.43,346.42,11,12,1,2,323.87,11.32,321.73
RESIDENT,34.57,29.02,24.22,22.05,6,7,8,9,27.46,-4.17,17.12
RESIDENT,4.02,2.73,0.5,0.9,8,9,10,11,2.04,-1.04,13.74
PUBLIC_SERVICE,149.5,146.11,122.45,133.04,6,7,8,9,137.78,-5.49,136.31
RESIDENT,16.94,21.22,19.64,22.84,3,4,5,6,20.16,1.97,13.21
RESIDENT,6.65,18.67,22.68,25.9,1,2,3,4,18.48,6.42,23.6
RESIDENT,37.4,29.05,32.09,23.19,5,6,7,8,30.43,-4.74,33.6
ORGANIZATION,106.85,120.61,133.34,114.69,2,3,4,5,118.87,2.61,102.05
RESIDENT,6.29,11.0,12.53,13.41,11,12,1,2,10.81,2.37,21.11
RESIDENT,24.71,28.1,34.94,31.55,2,3,4,5,29.82,2.28,37.13
RESIDENT,18.4,22.64,8.01,12.38,7,8,9,10,15.36,-2.01,7.56
RESIDENT,34.15,36.69,32.09,41.29,3,4,5,6,36.05,2.38,38.03
RESIDENT,33.51,34.07,29.89,31.66,5,6,7,8,32.28,-0.62,30.9
GOVERNMENT,142.28,124.52,86.45,175.35,11,12,1,2,132.15,11.02,136.25
PUBLIC_SERVICE,101.41,94.34,88.62,100.32,10,11,12,1,96.17,-0.36,119.42
RESIDENT,20.29,16.9,17.35,16.13,8,9,10,11,17.67,-1.39,14.68
RESIDENT,9.13,12.48,7.18,10.13,9,10,11,12,9.73,0.33,12.0
RESIDENT,30.4,32.47,31.86,33.47,1,2,3,4,32.05,1.02,31.68
RESIDENT,14.09,6.45,7.76,17.67,9,10,11,12,11.49,1.19,19.54
RESIDENT,24.46,24.21,31.23,29.69,12,1,2,3,27.4,1.74,31.83
RESIDENT,17.26,14.9,8.36,11.04,8,9,10,11,12.89,-2.07,10.86
RESIDENT,15.66,12.28,3.97,15.78,10,11,12,1,11.92,0.04,15.67
ORGANIZATION,89.88,74.45,56.45,78.65,6,7,8,9,74.86,-3.74,40.05
ORGANIZATION,88.31,126.27,85.36,110.3,3,4,5,6,102.56,7.33,103.82
RESIDENT,23.6,19.91,20.89,17.99,7,8,9,10,20.6,-1.87,15.62
RESIDENT,17.2,16.16,19.13,24.18,9,10,11,12,19.17,2.33,23.64
ORGANIZATION,170.13,143.41,121.9,134.68,9,10,11,12,142.53,-11.82,177.16
RESIDENT,28.98,33.65,33.66,37.55,1,2,3,4,33.46,2.86,35.2
RESIDENT,2.56,3.78,1.71,7.24,10,11,12,1,3.82,1.56,5.68
RESIDENT,6.99,6.89,13.53,17.87,10,11,12,1,11.32,3.63,22.18
FACTORY,852.34,847.15,889.25,817.19,7,8,9,10,851.48,-11.72,968.61
ORGANIZATION,92.51,100.43,81.01,106.72,3,4,5,6,95.17,4.74,132.94
RESIDENT,32.64,28.51,35.51,33.4,12,1,2,3,32.52,0.25,37.97
GOVERNMENT,206.56,167.9,170.81,205.04,11,12,1,2,187.58,-0.51,184.78
GOVERNMENT,283.14,367.7,235.41,192.45,7,8,9,10,269.67,-30.23,202.05
RESIDENT,3.63,19.29,16.94,17.72,2,3,4,5,14.39,4.7,17.89
FACTORY,1098.36,1252.49,1104.47,825.92,6,7,8,9,1070.31,-90.81,903.44
RESIDENT,17.32,9.86,9.75,14.14,7,8,9,10,12.77,-1.06,10.41
RESIDENT,26.24,20.17,18.27,15.99,6,7,8,9,20.17,-3.42,18.1
ORGANIZATION,28.69,50.13,50.81,30.23,9,10,11,12,39.96,0.51,56.33
ORGANIZATION,56.69,36.41,58.04,42.91,9,10,11,12,48.51,-4.59,75.07
RESIDENT,47.09,38.67,30.81,27.79,7,8,9,10,36.09,-6.43,33.11
RESIDENT,28.69,24.21,20.59,19.64,6,7,8,9,23.28,-3.02,12.94
RESIDENT,28.9,26.28,30.92,32.26,2,3,4,5,29.59,1.12,29.62
RESIDENT,32.18,42.13,36.33,38.56,2,3,4,5,37.3,2.13,34.96
RESIDENT,20.83,26.89,27.28,32.17,11,12,1,2,26.79,3.78,37.68
RESIDENT,24.13,9.69,12.2,18.34,9,10,11,12,16.09,-1.93,18.64
GOVERNMENT,523.83,381.68,384.15,436.09,1,2,3,4,431.44,-29.25,446.13
RESIDENT,35.44,40.59,34.43,34.92,4,5,6,7,36.34,-0.17,26.67
ORGANIZATION,86.72,71.89,52.58,46.84,8,9,10,11,64.51,-13.29,74.26
ORGANIZATION,156.38,136.83,122.79,119.85,5,6,7,8,133.96,-12.18,103.1
PUBLIC_SERVICE,118.68,140.59,131.04,130.72,8,9,10,11,130.26,4.01,134.96
RESIDENT,37.84,33.25,39.24,36.64,2,3,4,5,36.74,-0.4,48.74
ORGANIZATION,207.32,169.62,195.97,171.87,6,7,8,9,186.19,-11.82,167.91
ORGANIZATION,72.64,88.6,72.62,73.79,6,7,8,9,76.91,0.38,8.17
ORGANIZATION,175.08,171.37,136.89,239.55,6,7,8,9,180.72,21.49,146.89
RESIDENT,2.99,3.93,13.39,6.98,1,2,3,4,6.82,1.33,8.08
PUBLIC_SERVICE,72.93,58.19,50.99,46.67,7,8,9,10,57.2,-8.75,57.91
ORGANIZATION,150.2,130.1,137.04,168.1,11,12,1,2,146.36,5.97,208.31
GOVERNMENT,175.35,136.25,138.35,139.84,2,3,4,5,147.45,-11.84,192.17
RESIDENT,17.28,16.47,8.43,6.18,4,5,6,7,12.09,-3.7,2.13
GOVERNMENT,239.08,217.79,256.0,276.07,10,11,12,1,247.24,12.33,285.95
GOVERNMENT,289.59,200.86,269.08,222.08,9,10,11,12,245.4,-22.5,264.94
ORGANIZATION,68.76,100.1,97.0,95.85,3,4,5,6,90.43,9.03,127.28
RESIDENT,24.95,24.03,23.98,20.17,9,10,11,12,23.28,-1.59,26.16
ORGANIZATION,104.65,84.79,65.58,74.48,5,6,7,8,82.38,-10.06,60.03
PUBLIC_SERVICE,73.38,68.74,59.33,65.68,6,7,8,9,66.78,-2.57,51.35
GOVERNMENT,128.66,165.17,79.73,111.7,10,11,12,1,121.31,-5.65,210.52
RESIDENT,10.46,19.73,18.32,17.25,1,2,3,4,16.44,2.26,19.18
PUBLIC_SERVICE,118.28,124.61,125.12,118.16,5,6,7,8,121.54,-0.04,104.79
RESIDENT,34.1,31.68,26.53,26.6,7,8,9,10,29.73,-2.5,29.49
RESIDENT,21.34,23.38,18.89,22.45,4,5,6,7,21.52,0.37,19.88
FACTORY,1130.97,1078.67,985.78,968.78,4,5,6,7,1041.05,-54.06,771.5
PUBLIC_SERVICE,124.66,120.69,114.96,129.7,2,3,4,5,122.5,1.68,127.6
RESIDENT,22.13,16.06,16.38,9.88,5,6,7,8,16.11,-4.08,6.69
RESIDENT,8.83,8.68,11.56,8.98,6,7,8,9,9.51,0.05,8.21
RESIDENT,2.91,2.41,0.5,3.74,10,11,12,1,2.39,0.28,7.37
FACTORY,849.64,757.89,617.82,781.75,11,12,1,2,751.77,-22.63,1014.79
RESIDENT,15.6,15.27,16.56,18.08,3,4,5,6,16.38,0.83,15.36
RESIDENT,14.9,13.56,16.74,15.05,9,10,11,12,15.06,0.05,17.31
RESIDENT,19.33,20.37,23.45,19.1,4,5,6,7,20.56,-0.08,11.07
RESIDENT,10.84,7.41,1.35,2.3,9,10,11,12,5.48,-2.85,0.5
FACTORY,2278.05,1773.01,1783.18,1687.49,5,6,7,8,1880.43,-196.85,1845.98
FACTORY,1665.09,1419.37,1787.51,1535.82,10,11,12,1,1601.95,-43.09,1620.48
PUBLIC_SERVICE,43.25,43.18,65.79,58.41,12,1,2,3,52.66,5.05,67.22
RESIDENT,15.36,12.68,12.09,20.22,10,11,12,1,15.09,1.62,16.63
RESIDENT,17.54,12.75,16.77,17.49,9,10,11,12,16.14,-0.02,14.59
RESIDENT,28.94,28.35,23.41,30.27,9,10,11,12,27.74,0.44,26.22
FACTORY,613.77,477.05,451.31,562.43,12,1,2,3,526.14,-17.11,753.37
RESIDENT,21.48,23.77,15.68,12.24,7,8,9,10,18.29,-3.08,12.48
RESIDENT,27.76,32.09,26.69,29.85,2,3,4,5,29.1,0.7,31.73
GOVERNMENT,457.12,414.72,376.55,336.12,8,9,10,11,396.13,-40.33,419.75
RESIDENT,12.9,12.69,0.5,4.97,8,9,10,11,7.76,-2.64,7.92
FACTORY,1687.79,1851.79,1695.51,1856.42,2,3,4,5,1772.88,56.21,1730.67
RESIDENT,21.79,20.22,7.96,9.37,5,6,7,8,14.83,-4.14,14.01
RESIDENT,18.54,17.32,12.54,17.11,4,5,6,7,16.38,-0.48,22.1
RESIDENT,19.69,23.85,23.24,19.53,4,5,6,7,21.58,-0.05,15.91
GOVERNMENT,284.14,271.19,316.8,290.13,3,4,5,6,290.56,2.0,273.38
FACTORY,1832.65,1759.91,1907.47,2067.11,12,1,2,3,1891.79,78.15,2108.17
RESIDENT,22.08,18.69,18.06,26.71,3,4,5,6,21.38,1.54,25.72
RESIDENT,4.26,11.49,7.0,7.4,10,11,12,1,7.54,1.05,14.97
ORGANIZATION,106.36,126.64,85.33,125.78,8,9,10,11,111.03,6.47,109.82
RESIDENT,27.64,22.75,20.45,18.8,6,7,8,9,22.41,-2.95,15.25
ORGANIZATION,65.38,51.92,85.11,73.5,12,1,2,3,68.98,2.71,66.61
PUBLIC_SERVICE,151.23,145.94,135.16,134.86,6,7,8,9,141.8,-5.46,132.22
RESIDENT,0.5,12.78,9.28,16.92,2,3,4,5,9.87,5.47,10.2
RESIDENT,11.05,1.32,4.93,6.12,9,10,11,12,5.86,-1.64,12.38
GOVERNMENT,128.81,91.17,132.67,161.31,1,2,3,4,128.49,10.83,118.29
RESIDENT,10.9,11.4,16.27,20.55,1,2,3,4,14.78,3.22,19.18
GOVERNMENT,336.26,336.8,400.96,358.85,12,1,2,3,358.22,7.53,321.68
PUBLIC_SERVICE,81.0,69.77,60.52,69.74,7,8,9,10,70.26,-3.75,49.06
RESIDENT,38.13,28.78,39.53,30.05,5,6,7,8,34.12,-2.69,35.2
FACTORY,1962.89,1787.91,1902.8,1910.95,2,3,4,5,1891.14,-17.31,1739.89
RESIDENT,28.34,44.02,30.46,30.85,1,2,3,4,33.42,0.84,37.02
ORGANIZATION,147.47,132.41,151.33,146.22,3,4,5,6,144.36,-0.42,114.05
RESIDENT,18.03,24.13,9.69,12.2,8,9,10,11,16.01,-1.94,18.34
PUBLIC_SERVICE,125.35,121.5,122.01,147.69,5,6,7,8,129.14,7.45,97.85
RESIDENT,58.45,41.36,36.48,36.22,5,6,7,8,43.13,-7.41,31.08
RESIDENT,18.51,12.91,19.38,13.2,7,8,9,10,16.0,-1.77,9.74
ORGANIZATION,89.61,63.57,87.49,90.58,12,1,2,3,82.81,0.32,117.66
RESIDENT,16.6,28.77,32.18,32.06,1,2,3,4,27.4,5.15,31.4
RESIDENT,26.63,25.44,25.36,19.39,7,8,9,10,24.21,-2.41,19.02
RESIDENT,29.02,24.22,22.05,17.12,7,8,9,10,23.1,-3.97,22.65
RESIDENT,8.81,6.34,10.57,13.58,10,11,12,1,9.82,1.59,8.58
GOVERNMENT,263.16,242.1,167.62,247.61,5,6,7,8,230.12,-5.18,245.66
RESIDENT,27.41,28.42,29.88,31.78,11,12,1,2,29.37,1.46,41.42
FACTORY,910.36,1284.35,1246.14,983.38,4,5,6,7,1106.06,24.34,1060.26
RESIDENT,23.9,23.48,27.92,24.56,4,5,6,7,24.96,0.22,20.61
GOVERNMENT,531.74,379.45,358.32,445.0,10,11,12,1,428.63,-28.91,337.27
PUBLIC_SERVICE,132.3,130.0,132.55,155.32,10,11,12,1,137.54,7.67,157.14
RESIDENT,20.2,10.3,14.12,13.28,8,9,10,11,14.47,-2.31,13.48
ORGANIZATION,141.72,114.65,120.75,107.68,9,10,11,12,121.2,-11.35,175.63
RESIDENT,8.95,12.76,8.19,16.2,10,11,12,1,11.52,2.42,19.28
ORGANIZATION,101.37,100.76,93.76,111.9,1,2,3,4,101.95,3.51,180.67
RESIDENT,11.8,16.71,14.39,14.31,4,5,6,7,14.3,0.84,7.3
PUBLIC_SERVICE,104.23,83.47,107.27,78.74,6,7,8,9,93.43,-8.5,112.7
RESIDENT,18.49,19.02,14.14,14.73,4,5,6,7,16.59,-1.25,16.81
FACTORY,1510.07,1309.29,1408.98,1361.4,5,6,7,8,1397.43,-49.56,1360.98
RESIDENT,25.97,22.09,21.9,19.08,8,9,10,11,22.26,-2.3,36.02
GOVERNMENT,335.92,381.75,388.79,411.1,3,4,5,6,379.39,25.06,409.52
RESIDENT,13.13,16.07,12.61,12.88,8,9,10,11,13.67,-0.08,11.34
GOVERNMENT,300.74,329.76,295.61,336.26,9,10,11,12,315.59,11.84,336.8
RESIDENT,22.73,19.25,17.55,23.3,4,5,6,7,20.71,0.19,9.64
PUBLIC_SERVICE,100.59,152.66,100.15,134.81,12,1,2,3,122.05,11.41,140.83
GOVERNMENT,481.94,446.58,500.51,448.4,11,12,1,2,469.36,-11.18,500.78
RESIDENT,9.38,3.59,0.71,7.41,10,11,12,1,5.27,-0.66,9.88
PUBLIC_SERVICE,65.45,77.07,76.37,59.05,4,5,6,7,69.48,-2.13,67.31
RESIDENT,15.97,10.59,14.3,15.23,1,2,3,4,14.02,-0.25,21.3
RESIDENT,9.1,7.12,4.57,3.96,10,11,12,1,6.19,-1.71,11.91
RESIDENT,31.99,27.76,30.8,35.67,4,5,6,7,31.55,1.23,27.83
GOVERNMENT,344.39,366.07,277.36,345.18,9,10,11,12,333.25,0.26,327.47
ORGANIZATION,119.45,80.38,96.24,90.0,8,9,10,11,96.52,-9.82,71.04
RESIDENT,40.65,37.41,38.79,39.47,1,2,3,4,39.08,-0.39,44.69
RESIDENT,11.17,28.72,18.29,15.6,2,3,4,5,18.45,1.48,18.42
RESIDENT,22.58,27.75,24.12,26.11,1,2,3,4,25.14,1.18,24.4
RESIDENT,8.39,9.23,20.05,15.03,2,3,4,5,13.18,2.21,12.34
GOVERNMENT,460.58,378.32,355.01,322.66,5,6,7,8,379.14,-45.97,278.15
RESIDENT,7.72,4.8,11.39,11.79,12,1,2,3,8.93,1.36,12.74
PUBLIC_SERVICE,73.43,53.54,82.6,77.17,1,2,3,4,71.69,1.25,94.63
ORGANIZATION,150.04,148.46,154.27,181.44,4,5,6,7,158.55,10.47,158.12
RESIDENT,33.29,21.1,20.73,17.31,6,7,8,9,23.11,-5.33,19.89
RESIDENT,9.93,15.7,14.89,8.32,3,4,5,6,12.21,-0.54,13.46
FACTORY,853.53,809.56,984.08,793.94,4,5,6,7,860.28,-19.86,813.22
RESIDENT,30.98,28.78,30.49,31.34,6,7,8,9,30.4,0.12,30.12
RESIDENT,30.96,23.85,20.61,25.81,7,8,9,10,25.31,-1.72,25.74
RESIDENT,1.21,8.04,5.55,11.52,11,12,1,2,6.58,3.44,14.78
RESIDENT,31.12,37.31,33.16,28.32,5,6,7,8,32.48,-0.93,32.76
ORGANIZATION,153.11,106.17,113.91,128.54,2,3,4,5,125.43,-8.19,106.56
PUBLIC_SERVICE,124.39,118.14,120.01,121.2,11,12,1,2,120.94,-1.06,121.81
ORGANIZATION,143.89,144.17,131.82,148.03,2,3,4,5,141.98,1.38,145.16
RESIDENT,27.48,21.49,19.72,22.84,12,1,2,3,22.88,-1.55,29.1
FACTORY,1706.82,1915.51,1992.89,1977.59,2,3,4,5,1898.2,90.26,2111.57
RESIDENT,4.81,7.82,7.12,10.92,12,1,2,3,7.67,2.04,8.64
GOVERNMENT,70.05,145.67,116.34,167.12,12,1,2,3,124.79,32.36,171.95
FACTORY,786.21,722.44,769.13,806.42,9,10,11,12,771.05,6.74,627.17
ORGANIZATION,191.44,178.45,180.27,167.6,5,6,7,8,179.44,-7.95,199.5
ORGANIZATION,194.88,175.08,171.37,136.89,5,6,7,8,169.56,-19.33,239.55
RESIDENT,0.5,4.76,13.27,15.61,1,2,3,4,8.54,5.04,12.46
ORGANIZATION,246.51,183.49,176.28,240.48,1,2,3,4,211.69,-2.01,222.25
PUBLIC_SERVICE,30.4,68.1,68.41,65.23,4,5,6,7,58.03,11.61,46.48
RESIDENT,5.95,3.29,3.08,4.54,8,9,10,11,4.21,-0.47,3.23
RESIDENT,20.13,27.59,19.97,27.23,2,3,4,5,23.73,2.37,33.56
RESIDENT,11.05,10.7,13.61,15.15,1,2,3,4,12.63,1.37,21.58
RESIDENT,36.31,40.13,41.23,33.31,5,6,7,8,37.74,-1.0,30.2
RESIDENT,21.55,25.84,28.74,46.56,12,1,2,3,30.67,8.34,26.88
PUBLIC_SERVICE,43.98,44.12,71.54,61.61,2,3,4,5,55.31,5.88,50.25
GOVERNMENT,228.21,119.4,171.72,148.02,7,8,9,10,166.84,-26.73,64.99
PUBLIC_SERVICE,85.55,87.46,91.79,94.66,3,4,5,6,89.87,3.04,97.28
RESIDENT,8.92,9.28,6.17,13.06,9,10,11,12,9.36,1.38,11.8
PUBLIC_SERVICE,77.99,84.38,56.45,68.73,7,8,9,10,71.89,-3.09,75.5
ORGANIZATION,179.83,257.74,148.75,112.5,6,7,8,9,174.71,-22.44,143.74
RESIDENT,19.64,22.84,13.21,8.13,5,6,7,8,15.96,-3.84,9.87
FACTORY,1124.52,1059.06,1139.98,1093.01,1,2,3,4,1104.14,-10.5,1088.24
ORGANIZATION,175.93,142.76,167.37,165.08,4,5,6,7,162.78,-3.62,126.28
RESIDENT,15.77,21.62,17.13,18.92,4,5,6,7,18.36,1.05,9.18
FACTORY,2465.4,1761.4,1762.26,1632.16,6,7,8,9,1905.31,-277.75,1790.41
PUBLIC_SERVICE,138.83,130.94,144.1,131.83,4,5,6,7,136.43,-2.33,138.15
FACTORY,1570.27,1670.5,1721.33,1589.76,9,10,11,12,1637.97,6.5,1878.47
ORGANIZATION,42.12,14.45,48.5,44.96,9,10,11,12,37.51,0.95,31.01
FACTORY,2046.85,2025.75,1954.46,2119.55,12,1,2,3,2036.65,24.23,2153.13
GOVERNMENT,243.27,265.12,300.05,235.44,6,7,8,9,260.97,-2.61,223.29
GOVERNMENT,578.22,558.66,490.18,763.06,5,6,7,8,597.53,61.61,490.81
RESIDENT,31.71,26.89,23.96,24.28,5,6,7,8,26.71,-2.48,23.34
RESIDENT,38.67,33.26,41.81,29.03,6,7,8,9,35.69,-3.21,26.92
PUBLIC_SERVICE,69.46,78.83,76.37,55.9,6,7,8,9,70.14,-4.52,56.68
ORGANIZATION,133.4,156.53,156.48,137.79,2,3,4,5,146.05,1.46,130.05
RESIDENT,20.8,19.86,22.19,22.92,2,3,4,5,21.44,0.71,19.68
RESIDENT,14.49,17.31,12.54,5.91,8,9,10,11,12.56,-2.86,13.03
RESIDENT,12.05,17.58,13.77,17.73,3,4,5,6,15.28,1.89,13.88
FACTORY,1514.62,1586.1,1801.19,1516.01,2,3,4,5,1604.48,0.46,1547.72
RESIDENT,20.86,21.97,17.74,15.14,8,9,10,11,18.93,-1.91,15.16
RESIDENT,37.7,40.46,34.62,41.17,4,5,6,7,38.49,1.16,42.39
ORGANIZATION,109.92,151.63,141.07,153.84,12,1,2,3,139.12,14.64,167.82
RESIDENT,13.99,16.19,13.12,20.04,11,12,1,2,15.83,2.02,21.96
ORGANIZATION,113.0,138.14,99.8,109.73,1,2,3,4,115.17,-1.09,121.85
ORGANIZATION,113.33,119.16,116.58,102.05,4,5,6,7,112.78,-3.76,157.64
RESIDENT,14.71,14.89,18.47,24.81,1,2,3,4,18.22,3.37,23.2
PUBLIC_SERVICE,73.44,68.11,63.57,61.21,3,4,5,6,66.58,-4.08,44.77
RESIDENT,23.75,24.03,28.78,24.97,9,10,11,12,25.38,0.41,24.64
RESIDENT,27.52,35.66,37.7,42.67,12,1,2,3,35.89,5.05,39.79
RESIDENT,18.55,9.78,19.38,18.64,11,12,1,2,16.59,0.03,24.45
RESIDENT,16.89,18.72,13.37,16.15,8,9,10,11,16.28,-0.25,16.46
RESIDENT,10.97,16.74,21.63,18.49,1,2,3,4,16.96,2.51,21.22
PUBLIC_SERVICE,99.66,112.15,97.42,115.72,9,10,11,12,106.24,5.35,104.25
PUBLIC_SERVICE,95.26,71.17,79.94,81.74,7,8,9,10,82.03,-4.51,40.65
GOVERNMENT,315.12,265.93,181.15,220.51,8,9,10,11,245.68,-31.54,208.18
RESIDENT,12.93,22.69,26.72,23.14,1,2,3,4,21.37,3.4,22.83
RESIDENT,21.5,13.03,9.26,11.29,7,8,9,10,13.77,-3.4,12.1
ORGANIZATION,95.43,78.65,51.89,58.53,7,8,9,10,71.12,-12.3,60.61
RESIDENT,41.83,40.79,38.28,34.07,5,6,7,8,38.74,-2.59,33.66
GOVERNMENT,293.66,289.55,455.76,277.42,10,11,12,1,329.1,-5.41,357.67
RESIDENT,27.13,29.96,29.37,26.06,9,10,11,12,28.13,-0.36,42.44
FACTORY,555.56,609.08,725.5,737.93,1,2,3,4,657.02,60.79,935.14
RESIDENT,24.98,17.78,12.54,13.31,8,9,10,11,17.15,-3.89,15.38
GOVERNMENT,173.53,187.94,124.03,155.78,6,7,8,9,160.32,-5.92,113.12
PUBLIC_SERVICE,121.63,122.11,149.57,133.11,2,3,4,5,131.61,3.83,128.53
RESIDENT,4.49,8.09,11.84,13.44,2,3,4,5,9.46,2.98,13.32
RESIDENT,25.26,19.02,16.67,13.7,6,7,8,9,18.66,-3.85,13.91
RESIDENT,26.31,12.98,23.31,18.25,9,10,11,12,20.21,-2.69,26.65
RESIDENT,35.57,28.74,32.05,27.03,6,7,8,9,30.85,-2.85,27.16
RESIDENT,20.89,27.88,30.1,34.76,3,4,5,6,28.41,4.62,25.54
RESIDENT,18.29,12.99,15.7,17.23,11,12,1,2,16.05,-0.35,20.77
RESIDENT,32.09,41.29,38.03,31.73,5,6,7,8,35.78,-0.12,25.57
RESIDENT,20.1,28.32,13.49,14.25,6,7,8,9,19.04,-1.95,9.6
PUBLIC_SERVICE,16.03,56.16,47.13,58.22,1,2,3,4,44.38,14.06,54.88
RESIDENT,32.99,33.46,35.77,36.17,11,12,1,2,34.6,1.06,35.69
RESIDENT,21.89,21.11,22.2,24.67,10,11,12,1,22.47,0.93,19.39
ORGANIZATION,99.17,84.92,68.29,49.62,8,9,10,11,75.5,-16.52,76.84
RESIDENT,34.45,42.06,36.3,38.5,5,6,7,8,37.83,1.35,32.0
RESIDENT,29.43,27.95,29.81,33.61,2,3,4,5,30.2,1.39,26.38
ORGANIZATION,138.26,158.24,194.24,99.53,6,7,8,9,147.57,-12.91,127.84
RESIDENT,4.26,7.64,8.32,11.08,1,2,3,4,7.82,2.27,11.33
GOVERNMENT,343.4,252.34,204.12,221.45,6,7,8,9,255.33,-40.65,193.22
RESIDENT,23.77,23.47,27.15,30.01,1,2,3,4,26.1,2.08,26.64
RESIDENT,18.54,25.34,29.15,22.11,5,6,7,8,23.79,1.19,17.08
RESIDENT,29.57,28.61,33.32,42.76,3,4,5,6,33.56,4.4,26.27
RESIDENT,17.33,16.34,16.56,18.7,2,3,4,5,17.23,0.46,15.11
RESIDENT,32.12,30.93,28.98,25.06,5,6,7,8,29.27,-2.35,20.76
RESIDENT,20.98,25.09,21.52,20.14,3,4,5,6,21.93,-0.28,30.79
FACTORY,1456.45,1518.65,1775.12,1635.12,9,10,11,12,1596.34,59.56,1425.33
ORGANIZATION,124.58,103.82,130.39,94.84,3,4,5,6,113.41,-9.91,111.94
GOVERNMENT,516.17,417.16,395.98,351.79,5,6,7,8,420.27,-54.79,306.51
PUBLIC_SERVICE,134.66,115.1,124.15,111.3,6,7,8,9,121.3,-7.79,100.8
PUBLIC_SERVICE,64.89,53.95,63.86,62.51,12,1,2,3,61.3,-0.79,81.27
RESIDENT,40.67,34.1,31.68,26.53,6,7,8,9,33.25,-4.71,26.6
FACTORY,873.61,803.41,1021.93,951.12,2,3,4,5,912.52,25.84,932.53
RESIDENT,17.74,13.33,9.45,11.82,6,7,8,9,13.08,-1.97,10.47
RESIDENT,30.46,20.52,27.6,30.8,5,6,7,8,27.35,0.11,22.94
RESIDENT,8.52,5.1,0.5,5.21,7,8,9,10,4.83,-1.1,4.67
RESIDENT,29.19,26.24,27.42,26.82,7,8,9,10,27.42,-0.79,33.89
RESIDENT,18.27,15.99,18.1,18.42,8,9,10,11,17.7,0.05,18.39
RESIDENT,26.19,26.34,28.62,27.64,4,5,6,7,27.2,0.48,31.64
GOVERNMENT,417.56,435.96,433.35,429.19,12,1,2,3,429.01,3.88,441.05
GOVERNMENT,432.1,442.62,412.06,422.87,5,6,7,8,427.41,-3.08,390.5
RESIDENT,14.9,16.64,11.61,8.61,6,7,8,9,12.94,-2.1,5.19
GOVERNMENT,365.16,361.03,380.12,382.95,10,11,12,1,372.31,5.93,413.88
RESIDENT,25.86,30.12,32.38,27.81,3,4,5,6,29.04,0.65,34.27
RESIDENT,14.71,25.4,18.99,15.8,4,5,6,7,18.72,0.36,20.18
GOVERNMENT,129.18,139.24,148.6,159.35,1,2,3,4,144.09,10.06,303.0
RESIDENT,15.49,12.2,17.22,16.63,11,12,1,2,15.38,0.38,18.18
RESIDENT,29.61,35.74,33.45,32.23,4,5,6,7,32.76,0.87,22.23
ORGANIZATION,104.52,198.09,127.57,141.47,2,3,4,5,142.91,12.32,107.68
RESIDENT,16.59,12.0,11.13,14.17,11,12,1,2,13.47,-0.81,21.06
ORGANIZATION,187.56,177.69,186.98,153.13,11,12,1,2,176.34,-11.48,213.79
RESIDENT,33.83,31.54,34.96,36.98,1,2,3,4,34.33,1.05,43.77
RESIDENT,30.53,36.78,33.05,27.86,2,3,4,5,32.05,-0.89,30.84
GOVERNMENT,297.23,343.4,252.34,204.12,5,6,7,8,274.27,-31.04,221.45
ORGANIZATION,93.04,79.88,64.24,93.65,4,5,6,7,82.7,0.2,58.41
ORGANIZATION,130.9,91.66,98.5,91.44,11,12,1,2,103.12,-13.15,132.83
RESIDENT,18.36,15.07,13.1,14.42,2,3,4,5,15.24,-1.31,14.86
RESIDENT,14.01,7.85,10.62,3.91,7,8,9,10,9.1,-3.37,2.28
GOVERNMENT,123.02,192.22,154.15,225.82,2,3,4,5,173.8,34.27,189.06
RESIDENT,11.32,7.79,14.15,11.32,10,11,12,1,11.14,0.0,16.16
RESIDENT,13.42,4.89,0.5,9.41,9,10,11,12,7.05,-1.34,10.95
RESIDENT,10.95,11.8,16.95,7.95,5,6,7,8,11.91,-1.0,9.59
RESIDENT,7.39,9.72,11.42,15.15,11,12,1,2,10.92,2.59,12.65
RESIDENT,22.08,23.36,28.97,30.4,12,1,2,3,26.2,2.77,32.96
RESIDENT,0.75,6.84,7.98,3.58,9,10,11,12,4.79,0.94,6.88
RESIDENT,19.75,16.9,20.82,24.23,4,5,6,7,20.43,1.49,16.35
RESIDENT,38.13,36.44,37.99,66.26,2,3,4,5,44.7,9.38,38.84
RESIDENT,25.84,24.44,24.46,26.99,4,5,6,7,25.43,0.38,17.9
RESIDENT,33.85,27.41,29.04,26.43,6,7,8,9,29.18,-2.47,20.2
ORGANIZATION,115.99,90.63,78.19,71.48,6,7,8,9,89.07,-14.84,48.74
PUBLIC_SERVICE,123.55,114.33,117.67,111.2,10,11,12,1,116.69,-4.12,130.69
RESIDENT,32.7,22.91,28.64,31.15,9,10,11,12,28.85,-0.52,23.68
ORGANIZATION,208.59,150.48,149.74,136.88,8,9,10,11,161.42,-23.9,163.12
ORGANIZATION,158.34,202.85,174.45,190.29,12,1,2,3,181.48,10.65,205.63
RESIDENT,15.3,12.0,8.26,8.2,7,8,9,10,10.94,-2.37,5.92
RESIDENT,25.13,24.31,25.04,29.97,10,11,12,1,26.11,1.61,32.41
PUBLIC_SERVICE,102.4,83.41,110.46,121.67,1,2,3,4,104.48,6.42,118.11
RESIDENT,16.09,14.21,15.16,22.03,11,12,1,2,16.87,1.98,26.02
RESIDENT,19.83,22.64,26.53,26.62,3,4,5,6,23.91,2.26,29.23
GOVERNMENT,388.96,371.75,406.18,438.48,11,12,1,2,401.34,16.51,411.65
PUBLIC_SERVICE,29.34,43.69,60.43,30.4,1,2,3,4,40.97,0.35,68.1
RESIDENT,18.12,11.62,12.99,11.6,8,9,10,11,13.58,-2.17,13.08
RESIDENT,37.96,43.88,44.3,53.35,2,3,4,5,44.87,5.13,37.82
RESIDENT,26.82,21.31,18.78,23.1,10,11,12,1,22.5,-1.24,22.1
RESIDENT,39.96,36.5,36.6,31.61,5,6,7,8,36.17,-2.78,32.71
RESIDENT,22.66,11.57,19.26,18.17,9,10,11,12,17.92,-1.5,18.17
RESIDENT,32.45,25.86,24.51,25.76,9,10,11,12,27.15,-2.23,31.2
RESIDENT,23.78,27.5,21.73,31.03,4,5,6,7,26.01,2.42,33.81
RESIDENT,12.84,11.82,15.09,9.53,7,8,9,10,12.32,-1.1,6.96
FACTORY,589.49,461.35,523.39,713.07,11,12,1,2,571.83,41.19,748.75
RESIDENT,19.79,21.17,18.09,20.26,4,5,6,7,19.83,0.16,16.07
ORGANIZATION,36.41,58.04,42.91,75.07,10,11,12,1,53.11,12.89,72.66
ORGANIZATION,124.38,121.14,142.83,111.59,9,10,11,12,124.99,-4.26,185.93
RESIDENT,11.51,0.5,2.55,7.07,8,9,10,11,5.41,-1.48,2.66
RESIDENT,27.18,25.49,31.15,31.18,11,12,1,2,28.75,1.33,35.17
PUBLIC_SERVICE,133.23,163.64,154.75,161.18,2,3,4,5,153.2,9.32,167.81
PUBLIC_SERVICE,71.06,49.1,66.2,63.35,3,4,5,6,62.43,-2.57,60.67
RESIDENT,0.54,4.28,0.5,6.85,10,11,12,1,3.04,2.1,10.01
RESIDENT,17.43,27.89,23.77,19.74,3,4,5,6,22.21,0.77,14.71
RESIDENT,7.76,17.53,10.71,14.58,1,2,3,4,12.64,2.27,17.36
RESIDENT,21.77,19.27,22.24,18.89,3,4,5,6,20.54,-0.96,16.33
RESIDENT,17.14,11.9,18.29,12.99,9,10,11,12,15.08,-1.38,15.7
RESIDENT,28.11,35.03,34.1,38.31,1,2,3,4,33.89,3.4,42.81
RESIDENT,27.99,32.52,35.44,40.59,2,3,4,5,34.14,4.2,34.43
RESIDENT,24.69,25.6,24.44,27.92,10,11,12,1,25.66,1.08,24.54
GOVERNMENT,149.73,205.64,175.0,131.33,6,7,8,9,165.43,-6.13,126.91
PUBLIC_SERVICE,75.03,60.23,59.48,52.64,4,5,6,7,61.84,-7.46,52.3
PUBLIC_SERVICE,117.59,100.95,92.64,114.22,11,12,1,2,106.35,-1.12,124.02
RESIDENT,13.05,27.55,15.9,19.55,11,12,1,2,19.01,2.17,26.15
ORGANIZATION,72.16,49.42,67.13,66.41,7,8,9,10,63.78,-1.92,64.22
RESIDENT,31.07,31.44,42.85,39.6,1,2,3,4,36.24,2.84,42.22
FACTORY,1651.31,1555.37,1729.01,1909.88,11,12,1,2,1711.39,86.19,2064.26
GOVERNMENT,364.96,365.16,361.03,380.12,9,10,11,12,367.82,5.05,382.95
FACTORY,1004.86,1023.74,972.07,1142.92,12,1,2,3,1035.9,46.02,1222.77
FACTORY,1935.03,1726.48,1736.36,1835.76,6,7,8,9,1808.41,-33.09,1755.72
RESIDENT,5.66,12.91,13.64,16.44,1,2,3,4,12.16,3.59,10.37
PUBLIC_SERVICE,97.03,113.43,116.09,121.81,12,1,2,3,112.09,8.26,132.13
PUBLIC_SERVICE,134.9,134.23,168.19,150.77,11,12,1,2,147.02,5.29,166.38
ORGANIZATION,42.99,65.38,51.92,85.11,11,12,1,2,61.35,14.04,73.5
RESIDENT,18.8,21.22,15.21,25.19,2,3,4,5,20.11,2.13,14.41
FACTORY,1325.19,2082.59,1446.19,1487.59,1,2,3,4,1585.39,54.13,1579.75
GOVERNMENT,325.55,368.67,369.23,368.07,10,11,12,1,357.88,14.17,370.39
RESIDENT,10.33,9.74,10.23,5.76,6,7,8,9,9.02,-1.52,6.39
GOVERNMENT,344.28,264.17,287.86,300.37,6,7,8,9,299.17,-14.64,281.66
RESIDENT,26.55,28.6,26.01,27.67,11,12,1,2,27.21,0.37,36.81
RESIDENT,35.87,48.03,38.4,35.81,3,4,5,6,39.53,-0.02,35.78
RESIDENT,4.61,9.63,12.64,11.25,12,1,2,3,9.53,2.21,13.06
PUBLIC_SERVICE,97.43,73.26,63.27,66.94,7,8,9,10,75.22,-10.16,79.06
GOVERNMENT,191.03,195.07,152.04,225.23,9,10,11,12,190.84,11.4,236.32
RESIDENT,12.91,13.64,16.44,10.37,2,3,4,5,13.34,-0.85,15.92
RESIDENT,27.65,23.56,20.62,26.56,8,9,10,11,24.6,-0.36,24.78
GOVERNMENT,411.49,608.94,495.85,533.24,2,3,4,5,512.38,40.58,545.68
FACTORY,371.9,409.23,492.12,434.86,11,12,1,2,427.03,20.99,600.85
RESIDENT,29.49,31.51,32.58,36.89,2,3,4,5,32.62,2.47,31.45
RESIDENT,21.89,26.87,29.16,33.3,12,1,2,3,27.8,3.8,32.45
RESIDENT,38.1,27.54,20.92,27.53,6,7,8,9,28.52,-3.52,16.16
RESIDENT,31.69,32.21,36.15,30.15,4,5,6,7,32.55,-0.51,41.37
GOVERNMENT,378.9,345.15,310.57,324.04,6,7,8,9,339.66,-18.29,260.61
RESIDENT,0.5,2.77,3.6,5.66,10,11,12,1,3.13,1.72,4.8
PUBLIC_SERVICE,143.66,143.93,138.62,139.05,1,2,3,4,141.31,-1.54,144.21
RESIDENT,28.76,24.5,38.55,33.78,11,12,1,2,31.4,1.67,31.98
FACTORY,1593.42,1393.6,1327.94,1472.28,7,8,9,10,1446.81,-40.38,1316.07
RESIDENT,21.16,16.13,13.68,10.78,7,8,9,10,15.44,-3.46,8.17
RESIDENT,36.56,31.78,31.85,25.28,6,7,8,9,31.37,-3.76,27.33
RESIDENT,17.05,18.8,21.22,15.21,1,2,3,4,18.07,-0.61,25.19
FACTORY,765.12,1005.51,1016.73,1221.4,2,3,4,5,1002.19,152.09,1234.49
RESIDENT,20.69,19.98,24.28,28.49,12,1,2,3,23.36,2.6,27.12
RESIDENT,18.45,16.86,15.48,11.11,8,9,10,11,15.48,-2.45,11.23
RESIDENT,25.48,36.68,30.32,36.39,11,12,1,2,32.22,3.64,49.73
PUBLIC_SERVICE,119.97,136.94,131.23,153.29,3,4,5,6,135.36,11.11,144.48
ORGANIZATION,139.84,175.93,142.76,167.37,3,4,5,6,156.47,9.18,165.08
ORGANIZATION,78.97,83.57,53.36,67.95,4,5,6,7,70.96,-3.67,63.37
RESIDENT,20.96,22.62,16.9,12.83,6,7,8,9,18.33,-2.71,15.86
PUBLIC_SERVICE,51.57,23.89,32.08,44.69,10,11,12,1,38.06,-2.29,65.48
RESIDENT,14.66,13.11,9.82,15.4,8,9,10,11,13.25,0.25,17.76
RESIDENT,34.36,29.69,27.52,35.66,10,11,12,1,31.81,0.43,37.7
RESIDENT,20.11,21.56,26.4,34.58,1,2,3,4,25.66,4.82,23.53
RESIDENT,25.31,30.44,23.57,18.74,7,8,9,10,24.51,-2.19,27.54
PUBLIC_SERVICE,81.49,95.27,85.5,82.04,9,10,11,12,86.08,0.18,116.21
GOVERNMENT,316.87,296.36,286.8,280.92,6,7,8,9,295.24,-11.98,344.36
GOVERNMENT,124.76,133.39,91.56,104.78,8,9,10,11,113.62,-6.66,55.34
FACTORY,988.14,1063.87,1091.45,988.17,4,5,6,7,1032.91,0.01,999.94
RESIDENT,22.6,22.05,35.29,27.45,11,12,1,2,26.85,1.62,29.67
RESIDENT,18.05,16.43,30.37,22.52,2,3,4,5,21.84,1.49,29.29
ORGANIZATION,164.81,152.25,146.37,132.38,9,10,11,12,148.95,-10.81,175.9
RESIDENT,18.45,13.57,19.29,14.7,10,11,12,1,16.5,-1.25,22.17
ORGANIZATION,46.84,74.26,63.34,72.06,11,12,1,2,64.12,8.41,85.15
RESIDENT,24.43,27.45,24.69,25.6,8,9,10,11,25.54,0.39,24.44
RESIDENT,29.41,23.82,29.57,23.34,6,7,8,9,26.54,-2.02,25.78
RESIDENT,13.25,13.3,18.48,18.31,2,3,4,5,15.84,1.69,14.35
FACTORY,1696.22,1567.07,2301.02,1792.75,7,8,9,10,1839.26,32.18,1783.67
GOVERNMENT,118.09,147.5,149.55,159.46,4,5,6,7,143.65,13.79,122.48
RESIDENT,18.56,21.93,15.91,19.37,3,4,5,6,18.94,0.27,18.0
PUBLIC_SERVICE,158.54,112.58,129.95,116.65,2,3,4,5,129.43,-13.96,107.69
RESIDENT,11.97,16.96,12.95,12.69,8,9,10,11,13.64,0.24,10.6
RESIDENT,22.5,22.23,24.8,25.16,9,10,11,12,23.67,0.89,24.06
PUBLIC_SERVICE,48.98,27.84,42.14,53.42,1,2,3,4,43.09,1.48,60.9
ORGANIZATION,107.41,95.42,109.96,117.33,3,4,5,6,107.53,3.31,111.01
RESIDENT,26.53,26.6,29.49,29.46,9,10,11,12,28.02,0.98,34.58
RESIDENT,11.23,5.58,11.1,3.26,6,7,8,9,7.79,-2.66,2.9
RESIDENT,36.97,30.52,29.54,22.68,7,8,9,10,29.93,-4.76,24.22
RESIDENT,21.72,28.88,28.78,34.34,11,12,1,2,28.43,4.21,26.93
PUBLIC_SERVICE,95.15,88.61,87.83,109.69,8,9,10,11,95.32,4.85,86.35
RESIDENT,22.15,24.62,22.0,18.48,6,7,8,9,21.81,-1.22,18.92
RESIDENT,14.27,17.04,19.21,22.41,1,2,3,4,18.23,2.71,19.29
RESIDENT,22.29,13.42,22.12,22.48,1,2,3,4,20.08,0.06,27.07
FACTORY,1063.87,1091.45,988.17,999.94,5,6,7,8,1035.86,-21.31,1551.05
RESIDENT,12.61,13.33,8.09,19.43,2,3,4,5,13.37,2.27,15.8
ORGANIZATION,133.57,115.35,133.08,140.26,2,3,4,5,130.56,2.23,159.05
RESIDENT,30.17,26.82,28.41,26.92,6,7,8,9,28.08,-1.08,22.79
RESIDENT,24.3,27.64,23.91,35.0,9,10,11,12,27.71,3.57,35.92
RESIDENT,22.77,30.18,33.46,28.43,3,4,5,6,28.71,1.89,24.22
RESIDENT,26.98,30.0,28.59,33.59,12,1,2,3,29.79,2.2,31.58
ORGANIZATION,203.07,169.59,195.63,188.99,10,11,12,1,189.32,-4.69,204.46
RESIDENT,29.45,27.19,25.36,23.13,8,9,10,11,26.28,-2.11,25.72
ORGANIZATION,100.78,85.46,106.17,91.84,5,6,7,8,96.06,-2.98,74.94
RESIDENT,31.85,25.28,27.33,21.91,8,9,10,11,26.59,-3.31,28.55
RESIDENT,22.42,29.28,23.56,20.36,6,7,8,9,23.91,-0.69,24.79
FACTORY,627.68,686.4,424.56,472.03,7,8,9,10,552.67,-51.88,432.52
RESIDENT,15.4,17.62,17.23,20.33,11,12,1,2,17.64,1.64,24.98
RESIDENT,36.25,32.77,37.98,49.77,12,1,2,3,39.19,4.51,68.17
RESIDENT,22.53,32.64,35.72,52.85,12,1,2,3,35.94,10.11,44.38
RESIDENT,30.74,30.56,32.48,29.66,8,9,10,11,30.86,-0.36,26.83
RESIDENT,26.67,25.07,31.48,32.23,12,1,2,3,28.86,1.85,31.98
RESIDENT,23.28,23.92,18.29,11.31,5,6,7,8,19.2,-3.99,16.74
RESIDENT,19.64,24.08,22.34,27.42,1,2,3,4,23.37,2.59,25.72
RESIDENT,14.53,12.54,13.59,10.01,6,7,8,9,12.67,-1.51,11.93
RESIDENT,30.16,48.76,28.04,32.9,12,1,2,3,34.97,0.91,40.37
RESIDENT,14.93,20.88,20.53,22.21,1,2,3,4,19.64,2.43,21.87
RESIDENT,24.9,19.82,24.83,23.4,11,12,1,2,23.24,-0.5,31.04
RESIDENT,31.4,31.13,29.57,27.54,6,7,8,9,29.91,-1.29,22.87
RESIDENT,35.38,39.52,27.87,25.67,7,8,9,10,32.11,-3.24,19.3
RESIDENT,24.43,25.19,19.58,18.86,7,8,9,10,22.02,-1.86,20.76
PUBLIC_SERVICE,123.87,151.07,146.91,150.98,3,4,5,6,143.21,9.04,150.04
PUBLIC_SERVICE,122.69,138.28,127.32,113.48,8,9,10,11,125.44,-3.07,117.47
RESIDENT,23.07,18.17,22.93,20.9,7,8,9,10,21.27,-0.72,20.65
RESIDENT,39.66,35.61,31.33,33.01,7,8,9,10,34.9,-2.22,32.9
GOVERNMENT,254.13,300.88,282.27,278.8,11,12,1,2,279.02,8.22,287.42
RESIDENT,23.59,21.73,20.29,11.93,6,7,8,9,19.38,-3.89,14.85
RESIDENT,23.8,19.68,20.6,29.33,11,12,1,2,23.35,1.84,31.91
ORGANIZATION,150.34,159.42,192.5,179.95,1,2,3,4,170.55,9.87,191.76
PUBLIC_SERVICE,36.57,32.74,35.89,55.25,10,11,12,1,40.11,6.23,50.2
ORGANIZATION,84.92,68.29,49.62,76.84,9,10,11,12,69.92,-2.69,133.24
RESIDENT,6.34,10.57,13.58,8.58,11,12,1,2,9.77,0.75,15.63
RESIDENT,33.34,21.2,31.04,20.27,7,8,9,10,26.46,-4.36,17.16
RESIDENT,31.16,28.67,31.69,32.21,2,3,4,5,30.93,0.35,36.15
RESIDENT,24.25,20.86,21.97,17.74,7,8,9,10,21.2,-2.17,15.14
RESIDENT,5.65,7.31,6.03,8.19,12,1,2,3,6.79,0.85,17.38
RESIDENT,23.82,29.57,23.34,25.78,7,8,9,10,25.63,0.65,20.4
GOVERNMENT,241.38,232.08,241.03,320.75,11,12,1,2,258.81,26.46,316.15
RESIDENT,8.45,7.23,9.19,11.09,2,3,4,5,8.99,0.88,13.53
RESIDENT,37.29,36.7,37.14,38.56,2,3,4,5,37.42,0.42,38.03
RESIDENT,9.36,12.27,15.97,14.63,11,12,1,2,13.06,1.76,16.55
RESIDENT,16.71,14.39,10.41,14.97,3,4,5,6,14.12,-0.58,12.8
RESIDENT,28.18,28.39,32.76,32.81,10,11,12,1,30.54,1.54,41.4
RESIDENT,23.96,17.09,14.9,13.56,7,8,9,10,17.38,-3.47,16.74
PUBLIC_SERVICE,73.21,75.53,74.01,78.34,4,5,6,7,75.27,1.71,53.91
RESIDENT,18.19,17.53,20.59,19.27,4,5,6,7,18.89,0.36,12.48
FACTORY,991.38,1080.43,1073.64,1106.34,3,4,5,6,1062.95,38.32,990.65
ORGANIZATION,178.36,113.92,142.38,160.69,10,11,12,1,148.84,-5.89,211.29
RESIDENT,23.4,13.78,21.39,16.97,11,12,1,2,18.88,-2.14,19.72
RESIDENT,12.83,16.03,20.1,26.53,4,5,6,7,18.87,4.57,13.1
ORGANIZATION,140.0,143.32,122.39,123.72,7,8,9,10,132.36,-5.43,141.89
RESIDENT,18.88,16.71,15.31,19.32,10,11,12,1,17.55,0.15,19.32
FACTORY,1896.18,1898.55,1744.27,2013.92,10,11,12,1,1888.23,39.25,1930.69
RESIDENT,29.26,31.59,25.73,28.96,11,12,1,2,28.88,-0.1,32.79
RESIDENT,15.7,24.16,16.05,14.29,4,5,6,7,17.55,-0.47,14.55
RESIDENT,21.19,18.91,14.45,12.44,8,9,10,11,16.75,-2.92,13.64
RESIDENT,31.44,29.38,31.58,33.12,1,2,3,4,31.38,0.56,39.46
PUBLIC_SERVICE,53.6,47.02,47.05,42.65,3,4,5,6,47.58,-3.65,47.02
GOVERNMENT,524.45,475.75,466.94,502.58,3,4,5,6,492.43,-7.29,479.51
ORGANIZATION,201.9,214.91,179.93,203.6,4,5,6,7,200.09,0.57,197.96
RESIDENT,11.67,15.11,16.0,25.13,2,3,4,5,16.98,4.49,13.21
RESIDENT,15.83,12.85,5.11,14.42,7,8,9,10,12.05,-0.47,6.01
RESIDENT,0.74,4.37,4.23,5.47,11,12,1,2,3.7,1.58,11.99
RESIDENT,24.11,23.32,21.98,18.69,12,1,2,3,22.02,-1.81,33.03
RESIDENT,14.36,13.99,16.19,13.12,10,11,12,1,14.42,-0.41,20.04
PUBLIC_SERVICE,90.8,105.78,115.69,113.18,11,12,1,2,106.36,7.46,139.15
RESIDENT,33.8,38.28,38.13,40.36,12,1,2,3,37.64,2.19,43.98
PUBLIC_SERVICE,66.6,56.38,38.21,47.81,7,8,9,10,52.25,-6.26,56.77
GOVERNMENT,388.32,388.09,439.67,404.6,11,12,1,2,405.17,5.43,439.59
PUBLIC_SERVICE,145.17,131.64,148.86,127.55,3,4,5,6,138.3,-5.87,130.35
RESIDENT,14.44,15.61,17.86,17.13,10,11,12,1,16.26,0.9,20.81
RESIDENT,6.35,6.85,4.7,10.31,10,11,12,1,7.05,1.32,11.56
RESIDENT,12.27,21.2,12.19,16.06,9,10,11,12,15.43,1.26,14.52
RESIDENT,26.62,38.14,36.01,43.33,2,3,4,5,36.03,5.57,34.56
ORGANIZATION,124.35,139.44,140.38,163.74,12,1,2,3,141.98,13.13,170.51
RESIDENT,22.38,21.34,27.32,24.76,2,3,4,5,23.95,0.79,30.82
RESIDENT,29.88,29.72,28.76,21.62,4,5,6,7,27.5,-2.75,22.53
RESIDENT,25.28,27.33,21.91,28.55,9,10,11,12,25.77,1.09,29.44
ORGANIZATION,81.74,74.89,99.76,77.19,5,6,7,8,83.39,-1.52,58.41
RESIDENT,26.2,23.11,24.99,20.24,7,8,9,10,23.63,-1.99,20.52
RESIDENT,15.54,14.09,6.45,7.76,8,9,10,11,10.96,-2.59,17.67
RESIDENT,9.86,0.5,4.07,4.73,10,11,12,1,4.79,-1.71,7.2
RESIDENT,23.04,9.7,8.96,14.7,8,9,10,11,14.1,-2.78,9.47
ORGANIZATION,82.52,73.71,75.82,81.69,4,5,6,7,78.44,-0.28,55.19
PUBLIC_SERVICE,89.44,95.4,73.37,80.39,7,8,9,10,84.65,-3.02,71.78
GOVERNMENT,320.95,196.24,279.97,240.49,1,2,3,4,259.41,-26.82,195.73
ORGANIZATION,95.01,114.75,149.21,130.09,3,4,5,6,122.27,11.69,118.01
PUBLIC_SERVICE,111.17,125.71,140.6,155.8,12,1,2,3,133.32,14.88,176.64
ORGANIZATION,88.69,69.71,55.56,37.89,5,6,7,8,62.96,-16.93,35.13
GOVERNMENT,407.94,422.2,415.0,401.13,6,7,8,9,411.57,-2.27,398.35
RESIDENT,10.22,5.42,8.96,2.39,7,8,9,10,6.75,-2.61,1.78
RESIDENT,16.07,24.83,25.81,24.44,12,1,2,3,22.79,2.79,32.24
FACTORY,870.01,941.79,993.69,1009.03,2,3,4,5,953.63,46.34,1136.22
RESIDENT,10.17,11.99,13.3,10.62,9,10,11,12,11.52,0.15,5.6
RESIDENT,23.55,22.51,24.02,20.23,10,11,12,1,22.58,-1.11,24.4
RESIDENT,20.43,22.77,18.35,15.5,5,6,7,8,19.26,-1.64,10.14
RESIDENT,21.1,20.73,17.31,19.89,7,8,9,10,19.76,-0.4,16.43
RESIDENT,15.89,15.5,15.57,21.68,12,1,2,3,17.16,1.93,24.81
FACTORY,1579.07,1640.3,1807.55,1670.74,10,11,12,1,1674.41,30.56,1607.31
PUBLIC_SERVICE,71.02,70.63,80.15,87.21,11,12,1,2,77.25,5.4,80.56
ORGANIZATION,180.63,194.9,162.87,137.95,2,3,4,5,169.09,-14.23,155.16
GOVERNMENT,193.87,227.77,216.76,216.22,3,4,5,6,213.66,7.45,246.44
GOVERNMENT,131.27,88.0,157.24,217.16,12,1,2,3,148.42,28.63,209.5
GOVERNMENT,493.43,458.07,413.01,393.08,7,8,9,10,439.4,-33.45,339.2
PUBLIC_SERVICE,101.52,104.88,83.56,104.56,7,8,9,10,98.63,1.01,102.55
PUBLIC_SERVICE,75.07,85.49,96.32,90.88,4,5,6,7,86.94,5.27,82.15
RESIDENT,17.61,14.58,19.05,14.27,9,10,11,12,16.38,-1.11,14.55
RESIDENT,16.22,16.61,16.46,22.2,3,4,5,6,17.87,1.99,14.81
RESIDENT,31.68,40.96,22.5,22.23,7,8,9,10,29.34,-3.15,24.8
RESIDENT,25.58,28.88,26.41,27.35,4,5,6,7,27.05,0.59,22.26
RESIDENT,2.14,12.37,13.09,10.21,1,2,3,4,9.45,2.69,11.16
RESIDENT,30.25,28.5,21.44,24.02,7,8,9,10,26.05,-2.08,26.87
RESIDENT,38.48,37.32,33.84,36.31,7,8,9,10,36.49,-0.72,32.09
RESIDENT,26.28,30.92,32.26,29.62,3,4,5,6,29.77,1.11,33.14
GOVERNMENT,229.37,92.97,121.16,174.97,9,10,11,12,154.62,-18.13,193.62
RESIDENT,15.47,13.04,7.37,19.98,11,12,1,2,13.96,1.5,23.21
ORGANIZATION,95.2,54.37,63.02,67.35,8,9,10,11,69.98,-9.28,52.08
PUBLIC_SERVICE,80.68,65.45,77.07,76.37,3,4,5,6,74.89,-1.44,59.05
FACTORY,1351.11,1409.64,1518.02,1353.97,11,12,1,2,1408.19,0.95,1531.93
RESIDENT,27.15,37.18,30.03,25.54,3,4,5,6,29.98,-0.54,30.54
RESIDENT,9.75,10.91,10.22,8.8,8,9,10,11,9.92,-0.32,5.48
PUBLIC_SERVICE,151.33,136.68,138.52,137.97,6,7,8,9,141.12,-4.45,127.06
RESIDENT,23.54,24.35,29.27,23.03,1,2,3,4,25.05,-0.17,33.64
ORGANIZATION,105.1,95.87,93.21,125.37,12,1,2,3,104.89,6.76,133.93
GOVERNMENT,278.11,360.32,274.16,319.96,1,2,3,4,308.14,13.95,368.69
ORGANIZATION,214.81,142.91,143.12,146.72,10,11,12,1,161.89,-22.7,218.01
FACTORY,2128.63,1298.78,1148.23,1432.43,11,12,1,2,1502.02,-232.07,1219.94
RESIDENT,27.79,33.11,51.44,29.47,10,11,12,1,35.45,0.56,36.33
ORGANIZATION,136.23,103.11,126.56,84.62,6,7,8,9,112.63,-17.2,45.7
GOVERNMENT,443.68,378.4,448.44,461.68,10,11,12,1,433.05,6.0,498.43
GOVERNMENT,356.41,340.31,374.68,379.77,1,2,3,4,362.79,7.79,468.11
PUBLIC_SERVICE,101.55,118.04,106.36,112.85,8,9,10,11,109.7,3.77,117.58
RESIDENT,21.84,16.6,28.77,32.18,12,1,2,3,24.85,3.45,32.06
RESIDENT,28.17,18.58,23.13,23.79,2,3,4,5,23.42,-1.46,21.01
GOVERNMENT,255.84,241.1,233.61,263.91,10,11,12,1,248.62,2.69,338.04
RESIDENT,41.65,34.44,28.96,33.14,3,4,5,6,34.55,-2.84,27.75
ORGANIZATION,91.92,140.22,92.68,172.02,8,9,10,11,124.21,26.7,99.42
RESIDENT,18.54,18.66,19.57,13.27,8,9,10,11,17.51,-1.76,17.44
PUBLIC_SERVICE,156.24,168.81,157.03,168.35,6,7,8,9,162.61,4.04,225.31
RESIDENT,8.23,8.75,12.48,13.79,2,3,4,5,10.81,1.85,9.68
RESIDENT,8.37,3.12,0.5,0.5,8,9,10,11,3.12,-2.62,3.12
ORGANIZATION,219.16,147.16,158.82,126.06,8,9,10,11,162.8,-31.03,172.14
RESIDENT,7.8,10.84,5.35,10.59,7,8,9,10,8.64,0.93,10.61
ORGANIZATION,67.31,48.42,68.31,34.53,7,8,9,10,54.64,-10.93,66.84
FACTORY,1661.82,1634.06,1609.53,1882.37,2,3,4,5,1696.94,73.52,1867.05
GOVERNMENT,245.1,294.61,246.63,223.16,12,1,2,3,252.38,-7.31,250.75
RESIDENT,4.88,8.18,11.54,13.19,1,2,3,4,9.45,2.77,12.72
RESIDENT,19.16,19.44,20.57,20.62,10,11,12,1,19.95,0.49,36.78
RESIDENT,28.81,30.34,24.85,30.07,5,6,7,8,28.52,0.42,23.73
RESIDENT,28.89,22.87,25.26,34.9,11,12,1,2,27.98,2.0,29.65
RESIDENT,33.72,30.22,27.97,34.59,5,6,7,8,31.62,0.29,27.9
RESIDENT,21.9,26.56,33.71,32.05,3,4,5,6,28.55,3.38,26.07
GOVERNMENT,274.65,303.74,346.47,321.16,1,2,3,4,311.5,15.5,336.46
RESIDENT,27.6,29.07,34.28,41.19,2,3,4,5,33.03,4.53,32.2
RESIDENT,28.11,29.2,28.09,26.75,7,8,9,10,28.04,-0.45,26.46
FACTORY,2023.54,2145.74,2013.33,1920.55,5,6,7,8,2025.79,-34.33,1896.03
RESIDENT,23.04,22.69,21.45,24.44,10,11,12,1,22.91,0.47,28.64
FACTORY,792.2,913.31,1370.89,1056.97,1,2,3,4,1033.34,88.26,864.62
RESIDENT,37.83,31.17,31.03,34.69,7,8,9,10,33.68,-1.05,29.37
RESIDENT,17.11,22.1,11.35,9.23,7,8,9,10,14.95,-2.63,15.41
RESIDENT,3.64,2.71,6.76,13.14,1,2,3,4,6.56,3.17,11.4
RESIDENT,30.28,37.29,36.7,37.14,1,2,3,4,35.35,2.29,38.56
ORGANIZATION,196.54,184.12,169.25,192.1,7,8,9,10,185.5,-1.48,166.32
RESIDENT,43.03,40.57,33.47,37.87,5,6,7,8,38.73,-1.72,49.19
RESIDENT,18.19,18.79,24.88,25.59,2,3,4,5,21.86,2.47,28.7
RESIDENT,14.06,12.82,5.56,7.04,7,8,9,10,9.87,-2.34,7.97
ORGANIZATION,123.72,141.89,133.96,169.04,10,11,12,1,142.15,15.11,178.28
RESIDENT,8.96,14.7,9.47,16.52,10,11,12,1,12.41,2.52,16.41
RESIDENT,0.5,16.25,10.3,13.0,1,2,3,4,10.01,4.17,13.52
RESIDENT,18.04,22.42,17.96,14.73,5,6,7,8,18.29,-1.1,15.36
RESIDENT,37.68,30.71,33.9,28.84,7,8,9,10,32.78,-2.95,38.95
PUBLIC_SERVICE,161.38,153.7,168.09,135.94,5,6,7,8,154.78,-8.48,126.11
RESIDENT,14.2,20.59,21.28,25.0,11,12,1,2,20.27,3.6,27.16
GOVERNMENT,161.66,121.58,106.5,121.63,8,9,10,11,127.84,-13.34,147.24
RESIDENT,27.42,25.63,21.89,18.69,5,6,7,8,23.41,-2.91,10.66
RESIDENT,14.59,7.23,10.36,15.63,11,12,1,2,11.95,0.35,18.03
ORGANIZATION,88.84,67.16,87.23,100.76,10,11,12,1,86.0,3.97,118.64
RESIDENT,26.17,26.11,23.72,23.66,8,9,10,11,24.91,-0.84,29.44
RESIDENT,9.39,10.81,12.34,8.92,4,5,6,7,10.37,-0.16,5.59
RESIDENT,21.31,18.78,23.1,22.1,11,12,1,2,21.32,0.26,26.13
RESIDENT,8.58,5.16,10.75,12.85,3,4,5,6,9.34,1.42,9.81
GOVERNMENT,361.75,339.97,333.52,262.07,6,7,8,9,324.33,-33.23,298.49
RESIDENT,31.35,37.07,38.27,38.09,12,1,2,3,36.2,2.25,40.05
RESIDENT,20.18,11.06,11.14,5.36,7,8,9,10,11.94,-4.94,4.94
GOVERNMENT,123.14,127.77,224.39,142.6,10,11,12,1,154.47,6.49,137.18
GOVERNMENT,456.1,401.23,412.39,373.42,8,9,10,11,410.79,-27.56,385.24
FACTORY,1064.23,1244.95,1206.82,1230.13,10,11,12,1,1186.53,55.3,1343.1
GOVERNMENT,219.81,183.7,142.12,122.31,7,8,9,10,166.99,-32.5,77.14
ORGANIZATION,131.75,136.94,148.24,94.33,7,8,9,10,127.81,-12.47,107.08
RESIDENT,18.53,11.45,12.55,15.82,8,9,10,11,14.59,-0.9,10.83
RESIDENT,22.2,23.06,18.56,20.83,9,10,11,12,21.16,-0.46,24.7
RESIDENT,20.96,23.13,22.19,26.21,10,11,12,1,23.12,1.75,32.38
RESIDENT,15.46,16.67,20.65,22.25,3,4,5,6,18.76,2.26,15.18
RESIDENT,31.49,40.04,33.38,31.83,6,7,8,9,34.19,0.11,29.02
RESIDENT,20.59,19.64,12.94,13.95,8,9,10,11,16.78,-2.21,10.32
PUBLIC_SERVICE,67.12,72.01,84.45,68.9,1,2,3,4,73.12,0.59,87.69
RESIDENT,0.5,0.5,0.5,2.64,11,12,1,2,1.04,0.71,6.48
RESIDENT,14.03,21.79,17.01,11.41,4,5,6,7,16.06,-0.87,16.51
RESIDENT,16.04,10.91,14.9,19.93,9,10,11,12,15.45,1.3,20.43
PUBLIC_SERVICE,39.98,46.67,38.58,45.92,10,11,12,1,42.79,1.98,41.47
RESIDENT,25.88,19.57,20.58,26.09,10,11,12,1,23.03,0.07,25.46
GOVERNMENT,469.22,426.51,443.68,378.4,8,9,10,11,429.45,-30.27,448.44
ORGANIZATION,146.59,158.48,160.3,141.08,9,10,11,12,151.61,-1.84,161.83
PUBLIC_SERVICE,73.52,50.27,84.3,81.38,12,1,2,3,72.37,2.62,86.18
RESIDENT,5.47,6.22,12.24,19.2,11,12,1,2,10.78,4.58,11.38
ORGANIZATION,159.45,170.01,130.07,152.27,8,9,10,11,152.95,-2.39,174.08
GOVERNMENT,437.01,325.1,408.71,308.1,2,3,4,5,369.73,-42.97,373.2
RESIDENT,16.96,12.95,12.69,10.6,9,10,11,12,13.3,-2.12,12.64
GOVERNMENT,176.56,163.77,195.0,227.62,10,11,12,1,190.74,17.02,351.84
RESIDENT,16.65,13.72,12.83,22.14,2,3,4,5,16.34,1.83,17.77
RESIDENT,34.72,32.83,24.72,38.51,5,6,7,8,32.7,1.26,21.37
RESIDENT,36.38,30.44,25.89,32.29,7,8,9,10,31.25,-1.36,34.99
RESIDENT,4.38,7.67,7.65,6.62,10,11,12,1,6.58,0.75,11.22
RESIDENT,24.36,24.41,24.63,24.75,2,3,4,5,24.54,0.13,22.55
RESIDENT,26.79,11.39,19.83,18.76,10,11,12,1,19.19,-2.68,19.91
RESIDENT,20.55,23.49,22.83,24.55,4,5,6,7,22.86,1.33,31.38
GOVERNMENT,243.32,304.03,254.13,300.88,9,10,11,12,275.59,19.19,282.27
ORGANIZATION,171.13,175.12,166.19,135.25,8,9,10,11,161.92,-11.96,151.25
GOVERNMENT,344.93,319.03,453.66,344.82,2,3,4,5,365.61,-0.04,338.32
RESIDENT,25.99,28.21,30.65,17.03,7,8,9,10,25.47,-2.99,17.49
PUBLIC_SERVICE,63.71,64.34,90.32,56.16,4,5,6,7,68.63,-2.52,85.94
RESIDENT,21.05,23.84,18.65,22.84,8,9,10,11,21.59,0.6,16.49
RESIDENT,2.11,3.02,8.05,3.98,12,1,2,3,4.29,0.62,8.48
RESIDENT,14.2,15.87,16.58,11.41,9,10,11,12,14.52,-0.93,14.44
PUBLIC_SERVICE,151.22,141.62,127.47,123.09,5,6,7,8,135.85,-9.38,128.63
RESIDENT,28.69,34.33,31.99,25.02,5,6,7,8,30.01,-1.22,25.03
RESIDENT,32.7,36.55,29.44,37.08,4,5,6,7,33.94,1.46,28.54
RESIDENT,15.94,19.2,18.51,23.99,2,3,4,5,19.41,2.68,18.79
RESIDENT,14.53,17.89,19.14,18.04,1,2,3,4,17.4,1.17,24.74
RESIDENT,20.62,26.56,24.78,28.1,10,11,12,1,25.02,2.49,24.41
RESIDENT,7.02,6.37,6.14,17.26,12,1,2,3,9.2,3.41,17.66
RESIDENT,6.11,9.93,9.58,16.5,1,2,3,4,10.53,3.46,11.14
RESIDENT,30.62,22.9,16.26,23.97,6,7,8,9,23.44,-2.22,17.61
RESIDENT,13.66,18.12,17.38,23.72,1,2,3,4,18.22,3.35,20.03
RESIDENT,29.56,22.84,18.6,20.04,8,9,10,11,22.76,-3.17,21.6
ORGANIZATION,111.57,115.31,113.65,100.69,2,3,4,5,110.3,-3.63,105.02
PUBLIC_SERVICE,54.24,54.81,43.17,30.64,7,8,9,10,45.72,-7.87,38.85
PUBLIC_SERVICE,43.45,31.81,19.51,11.1,8,9,10,11,26.47,-10.78,27.55
RESIDENT,24.8,18.93,25.58,18.57,5,6,7,8,21.97,-2.08,9.86
RESIDENT,19.71,24.92,25.24,15.54,3,4,5,6,21.35,-1.39,15.2
FACTORY,1737.5,1646.67,1728.31,1887.71,9,10,11,12,1750.05,50.07,1671.06
RESIDENT,13.76,16.71,14.39,10.41,2,3,4,5,13.82,-1.12,14.97
RESIDENT,21.33,36.51,32.16,42.28,1,2,3,4,33.07,6.98,35.84
ORGANIZATION,124.01,58.0,71.0,130.26,9,10,11,12,95.82,2.08,91.31
RESIDENT,6.44,12.18,22.06,18.71,12,1,2,3,14.85,4.09,20.36
ORGANIZATION,82.02,86.8,92.14,106.28,10,11,12,1,91.81,8.09,95.17
ORGANIZATION,73.02,40.81,63.29,101.34,11,12,1,2,69.62,9.44,68.95
RESIDENT,60.47,40.73,40.41,48.89,4,5,6,7,47.62,-3.86,33.76
PUBLIC_SERVICE,41.66,56.1,55.71,77.92,2,3,4,5,57.85,12.09,69.0
GOVERNMENT,570.94,347.72,429.91,371.67,4,5,6,7,430.06,-66.42,375.6
RESIDENT,21.93,13.87,19.86,20.99,11,12,1,2,19.16,-0.31,26.58
RESIDENT,25.55,22.86,21.72,19.5,10,11,12,1,22.41,-2.02,30.53
RESIDENT,18.75,22.92,28.7,27.61,3,4,5,6,24.5,2.95,26.23
RESIDENT,33.25,38.06,35.85,37.86,3,4,5,6,36.25,1.54,32.82
RESIDENT,6.18,11.03,10.32,17.64,11,12,1,2,11.29,3.82,16.53
RESIDENT,31.3,34.02,33.31,29.39,3,4,5,6,32.01,-0.64,29.61
RESIDENT,8.2,12.23,10.84,5.48,8,9,10,11,9.19,-0.91,2.78
RESIDENT,40.57,33.47,37.87,49.19,6,7,8,9,40.27,2.87,36.62
RESIDENT,1.46,3.96,4.11,2.14,10,11,12,1,2.92,0.23,12.37
RESIDENT,26.32,20.72,18.21,15.84,6,7,8,9,20.27,-3.49,18.14
RESIDENT,35.19,33.71,34.31,35.32,9,10,11,12,34.63,0.04,36.5
ORGANIZATION,75.28,44.61,60.99,64.79,9,10,11,12,61.42,-3.5,63.16
PUBLIC_SERVICE,84.62,87.41,77.05,54.81,5,6,7,8,75.97,-9.94,67.75
PUBLIC_SERVICE,118.7,166.27,116.12,120.77,12,1,2,3,130.47,0.69,130.59
GOVERNMENT,429.76,392.67,465.83,421.04,1,2,3,4,427.32,-2.91,413.71
RESIDENT,12.79,15.64,18.8,15.21,12,1,2,3,15.61,0.81,28.85
GOVERNMENT,558.66,490.18,763.06,490.81,6,7,8,9,575.68,-22.62,548.14
ORGANIZATION,172.13,187.37,201.33,219.44,12,1,2,3,195.07,15.77,235.3
RESIDENT,31.75,34.73,34.28,27.62,7,8,9,10,32.09,-1.38,24.45
GOVERNMENT,159.0,185.35,146.67,155.71,4,5,6,7,161.68,-1.1,78.32
GOVERNMENT,632.69,373.32,391.74,350.61,7,8,9,10,437.09,-94.03,396.32
PUBLIC_SERVICE,162.51,163.77,159.7,165.24,4,5,6,7,162.81,0.91,170.38
GOVERNMENT,454.81,439.11,524.18,472.04,10,11,12,1,472.53,5.74,505.2
RESIDENT,12.79,16.89,15.14,14.03,3,4,5,6,14.71,0.41,15.82
GOVERNMENT,92.97,121.16,174.97,193.62,10,11,12,1,145.68,33.55,166.67
RESIDENT,29.89,29.9,24.99,22.4,9,10,11,12,26.8,-2.5,26.24
RESIDENT,49.6,27.14,35.91,30.23,9,10,11,12,35.72,-6.46,33.12
PUBLIC_SERVICE,31.14,21.72,40.99,36.25,12,1,2,3,32.52,1.7,37.02
RESIDENT,15.0,23.88,24.32,24.83,1,2,3,4,22.01,3.28,30.15
RESIDENT,15.64,11.92,18.63,14.71,1,2,3,4,15.22,-0.31,25.4
RESIDENT,8.01,12.38,7.56,6.43,9,10,11,12,8.59,-0.53,13.52
RESIDENT,24.29,26.17,26.11,23.72,7,8,9,10,25.07,-0.19,23.66
GOVERNMENT,173.98,175.36,122.25,93.26,7,8,9,10,141.21,-26.91,81.47
PUBLIC_SERVICE,30.87,28.7,16.41,11.35,9,10,11,12,21.83,-6.51,40.57
RESIDENT,19.27,17.25,9.89,13.01,7,8,9,10,14.85,-2.09,5.43
GOVERNMENT,283.56,328.88,381.58,388.0,12,1,2,3,345.5,34.81,394.82
GOVERNMENT,502.54,490.78,519.53,515.03,9,10,11,12,506.97,4.16,526.56
RESIDENT,23.49,22.83,24.55,31.38,5,6,7,8,25.56,2.63,19.99
RESIDENT,12.51,13.39,15.95,15.91,3,4,5,6,14.44,1.13,10.0
RESIDENT,31.54,27.9,27.99,27.4,5,6,7,8,28.71,-1.38,23.96
RESIDENT,28.13,21.96,18.63,21.69,8,9,10,11,22.6,-2.15,24.06
RESIDENT,16.38,9.88,6.69,5.02,7,8,9,10,9.49,-3.79,3.26
RESIDENT,21.98,18.69,33.03,29.13,2,3,4,5,25.71,2.38,30.48
RESIDENT,13.7,12.53,11.17,15.69,9,10,11,12,13.27,0.66,9.06
PUBLIC_SERVICE,37.12,23.56,25.63,24.13,8,9,10,11,27.61,-4.33,28.14
RESIDENT,13.16,12.16,9.05,6.73,6,7,8,9,10.28,-2.14,3.34
RESIDENT,8.18,8.64,12.62,3.8,4,5,6,7,8.31,-1.46,1.43
PUBLIC_SERVICE,90.32,56.16,85.94,75.85,6,7,8,9,77.07,-4.82,43.49
RESIDENT,16.06,17.26,14.9,8.36,7,8,9,10,14.14,-2.57,11.04
ORGANIZATION,179.27,172.58,196.28,184.56,8,9,10,11,183.17,1.76,178.59
ORGANIZATION,46.31,91.77,94.29,99.76,3,4,5,6,83.03,17.82,106.47
GOVERNMENT,175.74,276.4,247.06,198.31,11,12,1,2,224.38,7.52,227.66
ORGANIZATION,50.25,62.73,45.72,84.68,10,11,12,1,60.84,11.48,91.98
RESIDENT,21.48,20.7,27.87,23.54,9,10,11,12,23.4,0.69,27.89
RESIDENT,33.64,33.41,34.73,36.08,1,2,3,4,34.47,0.81,43.41
ORGANIZATION,189.69,205.74,211.09,207.69,1,2,3,4,203.55,6.0,236.63
RESIDENT,35.52,33.29,21.1,20.73,5,6,7,8,27.66,-4.93,17.31
GOVERNMENT,295.61,336.26,336.8,400.96,11,12,1,2,342.41,35.12,358.85
GOVERNMENT,191.57,241.37,185.66,179.59,8,9,10,11,199.55,-3.99,181.09
RESIDENT,33.07,30.77,27.55,38.59,4,5,6,7,32.5,1.84,25.7
GOVERNMENT,266.78,203.4,204.53,200.0,6,7,8,9,218.68,-22.26,170.8
RESIDENT,19.44,30.11,23.23,29.46,1,2,3,4,25.56,3.34,30.81
ORGANIZATION,107.99,132.24,100.41,136.87,9,10,11,12,119.38,9.63,142.08
ORGANIZATION,114.65,120.75,107.68,175.63,10,11,12,1,129.68,20.33,157.19
RESIDENT,16.25,10.3,13.0,13.52,2,3,4,5,13.27,-0.91,8.62
GOVERNMENT,162.96,268.37,213.61,240.63,1,2,3,4,221.39,25.89,271.4
FACTORY,1313.58,1491.69,1099.04,1322.55,8,9,10,11,1306.71,2.99,1304.35
RESIDENT,18.76,28.24,25.07,36.69,12,1,2,3,27.19,5.98,29.94
RESIDENT,20.31,27.6,29.07,34.28,1,2,3,4,27.81,4.66,41.19
RESIDENT,16.65,10.72,6.7,17.54,9,10,11,12,12.9,0.3,12.09
FACTORY,1594.18,1693.94,1638.85,1758.05,2,3,4,5,1671.25,54.62,1483.61
RESIDENT,12.67,12.49,14.7,10.03,6,7,8,9,12.47,-0.88,8.08
PUBLIC_SERVICE,77.75,97.38,73.22,87.09,10,11,12,1,83.86,3.11,105.64
RESIDENT,9.91,7.84,11.23,12.08,2,3,4,5,10.27,0.72,15.56
RESIDENT,24.81,38.53,26.76,17.95,4,5,6,7,27.01,-2.29,21.68
RESIDENT,12.98,23.31,18.25,26.65,10,11,12,1,20.3,4.56,19.56
RESIDENT,21.97,17.74,15.14,15.16,9,10,11,12,17.5,-2.27,23.54
ORGANIZATION,71.89,52.58,46.84,74.26,9,10,11,12,61.39,0.79,63.34
RESIDENT,9.68,9.02,7.14,4.16,9,10,11,12,7.5,-1.84,14.31
PUBLIC_SERVICE,136.68,138.52,137.97,127.06,7,8,9,10,135.06,-3.21,119.79
PUBLIC_SERVICE,57.6,67.12,72.01,84.45,12,1,2,3,70.3,8.95,68.9
PUBLIC_SERVICE,153.29,144.48,107.83,119.06,6,7,8,9,131.16,-11.41,117.39
RESIDENT,20.95,19.37,18.83,16.01,5,6,7,8,18.79,-1.65,15.97
RESIDENT,36.58,30.71,29.68,28.18,7,8,9,10,31.29,-2.8,28.39
RESIDENT,36.68,30.32,36.39,49.73,12,1,2,3,38.28,4.35,39.68
GOVERNMENT,54.63,67.52,80.25,169.89,11,12,1,2,93.07,38.42,154.35
RESIDENT,33.28,31.26,34.15,28.87,5,6,7,8,31.89,-1.47,31.79
RESIDENT,20.57,22.7,25.44,25.72,11,12,1,2,23.61,1.72,28.14
RESIDENT,6.88,10.47,1.72,0.61,7,8,9,10,4.92,-2.09,1.59
PUBLIC_SERVICE,100.27,90.51,85.43,84.18,8,9,10,11,90.1,-5.36,100.5
ORGANIZATION,138.02,135.39,167.58,157.74,4,5,6,7,149.68,6.57,156.36
RESIDENT,33.9,37.81,29.38,26.92,7,8,9,10,32.0,-2.33,29.28
PUBLIC_SERVICE,112.91,111.1,116.66,104.66,3,4,5,6,111.33,-2.75,99.09
ORGANIZATION,96.16,60.91,50.25,62.73,8,9,10,11,67.51,-11.14,45.72
PUBLIC_SERVICE,117.88,120.76,108.13,114.49,4,5,6,7,115.31,-1.13,151.35
RESIDENT,22.2,24.67,19.39,32.34,12,1,2,3,24.65,3.38,38.36
PUBLIC_SERVICE,134.52,102.64,106.66,110.41,5,6,7,8,113.56,-8.04,80.11
RESIDENT,26.45,31.37,26.5,33.89,2,3,4,5,29.55,2.48,35.22
RESIDENT,34.48,28.1,30.23,30.99,5,6,7,8,30.95,-1.16,28.18
PUBLIC_SERVICE,141.28,156.9,159.8,152.22,3,4,5,6,152.55,3.65,145.88
PUBLIC_SERVICE,135.45,196.5,162.77,170.96,1,2,3,4,166.42,11.84,168.42
ORGANIZATION,172.57,141.9,117.36,107.99,6,7,8,9,134.96,-21.53,122.06
ORGANIZATION,154.63,162.1,200.8,191.16,9,10,11,12,177.17,12.18,187.94
RESIDENT,36.38,37.87,42.66,36.68,2,3,4,5,38.4,0.1,40.27
RESIDENT,24.99,20.24,20.52,27.87,9,10,11,12,23.41,0.96,35.81
RESIDENT,27.99,23.4,26.26,24.56,3,4,5,6,25.55,-1.14,27.84
RESIDENT,2.12,6.49,0.5,8.23,10,11,12,1,4.33,2.04,8.04
RESIDENT,24.15,21.55,18.43,20.24,8,9,10,11,21.09,-1.3,18.02
ORGANIZATION,195.98,238.58,196.54,184.12,5,6,7,8,203.81,-3.95,169.25
PUBLIC_SERVICE,154.92,147.03,205.94,131.72,7,8,9,10,159.9,-7.73,111.57
RESIDENT,31.22,29.64,38.23,40.48,2,3,4,5,34.89,3.09,36.36
PUBLIC_SERVICE,12.46,16.03,56.16,47.13,12,1,2,3,32.95,11.56,58.22
RESIDENT,14.16,4.25,7.1,8.25,9,10,11,12,8.44,-1.97,11.04
RESIDENT,35.01,36.82,33.42,32.22,7,8,9,10,34.37,-0.93,28.43
RESIDENT,40.41,34.3,56.45,34.06,6,7,8,9,41.3,-2.12,36.42
RESIDENT,15.52,26.7,19.03,28.61,1,2,3,4,22.46,4.36,26.39
FACTORY,858.88,663.68,582.54,632.56,6,7,8,9,684.41,-75.44,447.69
RESIDENT,27.74,26.45,31.37,26.5,1,2,3,4,28.02,-0.41,33.89
FACTORY,1549.51,1166.23,1404.34,1077.8,7,8,9,10,1299.47,-157.24,1370.2
RESIDENT,21.45,27.0,30.04,27.37,1,2,3,4,26.47,1.97,35.53
RESIDENT,11.21,11.31,12.83,10.97,5,6,7,8,11.58,-0.08,5.5
ORGANIZATION,40.81,63.29,101.34,68.95,12,1,2,3,68.6,9.38,79.23
GOVERNMENT,464.81,558.99,476.04,636.21,4,5,6,7,534.01,57.13,403.4
ORGANIZATION,134.82,122.88,138.63,149.28,7,8,9,10,136.4,4.82,155.22
RESIDENT,23.48,20.09,15.93,25.73,10,11,12,1,21.31,0.75,24.32
RESIDENT,22.67,22.87,16.86,19.06,9,10,11,12,20.37,-1.2,19.58
ORGANIZATION,90.08,86.91,95.01,114.75,1,2,3,4,96.69,8.22,149.21
RESIDENT,6.67,5.46,2.66,11.59,2,3,4,5,6.59,1.64,13.67
RESIDENT,0.5,0.5,10.16,4.09,11,12,1,2,3.81,1.2,2.94
PUBLIC_SERVICE,131.23,153.29,144.48,107.83,5,6,7,8,134.21,-7.8,119.06
ORGANIZATION,115.89,121.02,69.74,67.77,7,8,9,10,93.6,-16.04,57.86
RESIDENT,29.33,33.05,38.38,34.94,2,3,4,5,33.92,1.87,31.67
RESIDENT,23.28,17.1,23.58,23.56,9,10,11,12,21.88,0.09,27.06
FACTORY,1472.28,1316.07,1181.95,1247.65,10,11,12,1,1304.49,-74.88,1598.22
RESIDENT,27.36,26.54,17.89,17.44,7,8,9,10,22.31,-3.31,23.25
RESIDENT,19.91,17.6,26.84,19.45,10,11,12,1,20.95,-0.15,15.2
RESIDENT,9.09,10.47,10.24,2.51,7,8,9,10,8.08,-2.19,2.54
PUBLIC_SERVICE,119.1,64.18,55.04,49.47,7,8,9,10,71.95,-23.21,53.44
RESIDENT,17.43,20.65,16.23,16.86,3,4,5,6,17.79,-0.19,16.42
RESIDENT,19.29,13.09,23.77,18.03,2,3,4,5,18.54,-0.42,15.82
ORGANIZATION,148.07,150.97,164.89,150.07,9,10,11,12,153.5,0.67,126.87
RESIDENT,19.32,22.26,14.12,20.49,9,10,11,12,19.05,0.39,18.08
RESIDENT,37.8,40.89,36.17,41.66,6,7,8,9,39.13,1.29,34.37
RESIDENT,12.21,13.0,14.66,16.11,11,12,1,2,14.0,1.3,19.45
RESIDENT,15.57,21.68,24.81,25.72,2,3,4,5,21.95,3.38,24.72
RESIDENT,31.36,31.09,38.71,37.65,1,2,3,4,34.7,2.1,39.35
RESIDENT,13.18,10.09,6.42,4.26,5,6,7,8,8.49,-2.97,7.69
FACTORY,628.01,622.98,722.93,877.11,1,2,3,4,712.76,83.03,813.73
RESIDENT,10.67,8.91,16.6,18.73,12,1,2,3,13.73,2.69,22.71
RESIDENT,13.38,15.9,20.7,20.04,11,12,1,2,17.51,2.22,19.65
RESIDENT,20.03,30.49,26.79,24.41,1,2,3,4,25.43,1.46,27.57
RESIDENT,18.95,15.28,32.45,14.46,8,9,10,11,20.29,-1.5,14.58
ORGANIZATION,46.86,77.03,78.32,104.09,12,1,2,3,76.57,19.08,91.2
RESIDENT,6.92,12.25,13.89,10.5,1,2,3,4,10.89,1.19,21.02
RESIDENT,18.1,18.19,18.79,24.88,1,2,3,4,19.99,2.26,25.59
RESIDENT,26.33,23.53,23.0,22.39,7,8,9,10,23.81,-1.31,21.76
RESIDENT,5.55,12.06,13.19,8.86,12,1,2,3,9.91,1.1,15.54
RESIDENT,24.65,23.99,26.86,23.79,10,11,12,1,24.82,-0.29,25.71
ORGANIZATION,61.87,55.98,60.98,68.59,10,11,12,1,61.85,2.24,88.29
RESIDENT,23.6,17.28,20.08,17.29,7,8,9,10,19.56,-2.1,14.33
GOVERNMENT,252.34,204.12,221.45,193.22,7,8,9,10,217.78,-19.71,280.41
RESIDENT,29.44,27.35,30.73,26.05,5,6,7,8,28.39,-1.13,21.69
RESIDENT,6.67,11.95,14.63,9.39,12,1,2,3,10.66,0.91,17.36
PUBLIC_SERVICE,15.73,49.25,8.38,40.55,9,10,11,12,28.48,8.27,51.64
FACTORY,2067.11,2108.17,2185.8,2233.47,3,4,5,6,2148.64,55.45,2282.57
RESIDENT,12.51,11.69,23.86,23.76,1,2,3,4,17.96,3.75,21.13
RESIDENT,14.02,10.33,9.74,10.23,5,6,7,8,11.08,-1.26,5.76
ORGANIZATION,52.53,100.31,88.54,86.3,1,2,3,4,81.92,11.26,87.79
GOVERNMENT,346.91,283.56,328.88,381.58,11,12,1,2,335.23,11.56,388.0
PUBLIC_SERVICE,43.68,94.73,87.8,84.62,2,3,4,5,77.71,13.65,87.41
RESIDENT,16.72,16.72,17.86,19.29,11,12,1,2,17.65,0.86,25.68
RESIDENT,36.68,34.97,33.27,33.83,6,7,8,9,34.69,-0.95,26.74
RESIDENT,10.47,8.38,4.71,12.85,2,3,4,5,9.1,0.79,12.6
RESIDENT,24.73,18.68,30.55,28.37,3,4,5,6,25.58,1.21,26.2
FACTORY,1059.06,1139.98,1093.01,1088.24,2,3,4,5,1095.07,9.73,1228.75
GOVERNMENT,146.9,124.48,179.08,219.93,10,11,12,1,167.6,24.34,193.4
RESIDENT,9.85,15.36,16.35,15.69,2,3,4,5,14.31,1.95,25.31
GOVERNMENT,163.86,214.25,174.88,98.38,6,7,8,9,162.84,-21.83,85.72
RESIDENT,12.22,14.83,19.3,21.04,12,1,2,3,16.85,2.94,27.1
RESIDENT,17.08,18.38,25.18,25.71,12,1,2,3,21.59,2.88,30.34
RESIDENT,35.13,35.26,38.04,35.47,4,5,6,7,35.98,0.11,31.97
RESIDENT,8.88,9.34,16.67,11.37,2,3,4,5,11.56,0.83,12.28
RESIDENT,34.05,32.08,29.47,29.25,6,7,8,9,31.21,-1.6,36.46
ORGANIZATION,100.31,88.54,86.3,87.79,2,3,4,5,90.74,-4.17,94.66
RESIDENT,24.65,23.06,23.41,26.19,3,4,5,6,24.33,0.51,23.23
RESIDENT,20.43,13.85,18.54,15.52,8,9,10,11,17.09,-1.64,13.93
RESIDENT,40.87,37.46,36.11,34.52,5,6,7,8,37.24,-2.12,26.02
RESIDENT,17.47,13.7,12.53,11.17,8,9,10,11,13.72,-2.1,15.69
RESIDENT,12.49,19.46,11.48,11.23,3,4,5,6,13.67,-0.42,5.58
RESIDENT,44.25,37.52,38.13,28.78,3,4,5,6,37.17,-5.16,39.53
RESIDENT,36.63,33.76,33.29,39.28,8,9,10,11,35.74,0.88,31.43
ORGANIZATION,96.9,81.74,74.89,99.76,4,5,6,7,88.32,0.95,77.19
RESIDENT,3.96,11.91,11.33,14.75,1,2,3,4,10.49,3.6,10.59
RESIDENT,20.88,16.92,14.29,12.34,9,10,11,12,16.11,-2.85,19.45
FACTORY,601.4,885.4,805.66,1024.94,2,3,4,5,829.35,141.18,918.57
RESIDENT,25.29,20.88,29.72,23.57,12,1,2,3,24.87,-0.57,29.11
RESIDENT,1.04,8.76,12.19,12.01,1,2,3,4,8.5,3.66,8.59
RESIDENT,20.58,28.36,20.03,24.94,2,3,4,5,23.48,1.45,22.11
RESIDENT,35.16,31.1,25.53,25.21,8,9,10,11,29.25,-3.32,24.51
FACTORY,1480.57,1474.2,1746.5,1345.58,3,4,5,6,1511.71,-45.0,1544.08
RESIDENT,12.66,13.48,13.77,19.6,12,1,2,3,14.88,2.31,23.75
GOVERNMENT,133.39,91.56,104.78,55.34,9,10,11,12,96.27,-26.02,54.07
RESIDENT,9.89,12.34,11.88,15.04,2,3,4,5,12.29,1.72,14.09
GOVERNMENT,237.57,276.17,267.99,233.26,5,6,7,8,253.75,-1.44,184.08
ORGANIZATION,157.23,130.29,144.82,124.38,6,7,8,9,139.18,-10.95,121.14
RESIDENT,17.57,8.94,11.66,15.73,10,11,12,1,13.48,-0.61,18.04
GOVERNMENT,76.82,84.73,119.53,81.48,9,10,11,12,90.64,1.55,65.77
GOVERNMENT,763.06,490.81,548.14,457.91,8,9,10,11,564.98,-101.72,489.78
RESIDENT,1.94,2.99,3.93,13.39,12,1,2,3,5.56,3.82,6.98
RESIDENT,29.85,30.54,30.73,34.87,9,10,11,12,31.5,1.67,34.8
GOVERNMENT,286.75,287.57,467.37,331.62,1,2,3,4,343.33,14.96,335.89
PUBLIC_SERVICE,82.63,139.69,112.91,111.1,1,2,3,4,111.58,9.49,116.66
GOVERNMENT,210.73,229.82,298.31,285.73,1,2,3,4,256.15,25.0,295.74
GOVERNMENT,182.41,158.01,164.55,195.72,8,9,10,11,175.17,4.44,150.21
ORGANIZATION,173.82,179.81,184.97,189.25,4,5,6,7,181.96,5.14,162.66
ORGANIZATION,47.84,59.04,79.31,92.48,1,2,3,4,69.67,14.88,142.21
RESIDENT,22.16,14.2,20.59,21.28,10,11,12,1,19.56,-0.29,25.0
FACTORY,1751.81,1619.86,1676.64,1465.69,6,7,8,9,1628.5,-95.37,1711.8
RESIDENT,15.39,15.46,16.67,20.65,2,3,4,5,17.04,1.75,22.25
ORGANIZATION,182.72,158.71,178.47,168.79,4,5,6,7,172.17,-4.64,140.95
RESIDENT,34.99,25.39,21.42,27.03,4,5,6,7,27.21,-2.65,24.33
FACTORY,1818.94,2046.85,2025.75,1954.46,11,12,1,2,1961.5,45.17,2119.55
GOVERNMENT,288.28,285.0,286.86,275.02,8,9,10,11,283.79,-4.42,416.05
RESIDENT,31.26,34.15,28.87,31.79,6,7,8,9,31.52,0.18,23.22
GOVERNMENT,309.15,354.98,363.58,362.7,1,2,3,4,347.6,17.85,309.56
RESIDENT,4.89,3.49,9.3,10.36,10,11,12,1,7.01,1.82,11.44
PUBLIC_SERVICE,118.14,120.01,121.2,121.81,12,1,2,3,120.29,1.22,134.6
RESIDENT,11.11,13.76,16.58,13.25,3,4,5,6,13.67,0.71,9.14
RESIDENT,9.06,16.65,13.72,12.83,1,2,3,4,13.06,1.26,22.14
RESIDENT,12.64,11.11,8.56,20.28,10,11,12,1,13.15,2.55,22.83
RESIDENT,7.12,4.57,3.96,11.91,11,12,1,2,6.89,1.6,11.33
RESIDENT,21.18,22.72,29.91,38.15,1,2,3,4,27.99,5.66,34.01
RESIDENT,26.44,27.3,26.59,14.25,5,6,7,8,23.64,-4.06,20.64
RESIDENT,14.47,21.37,19.0,7.74,6,7,8,9,15.65,-2.24,4.16
RESIDENT,29.69,27.52,35.66,37.7,11,12,1,2,32.64,2.67,42.67
FACTORY,1432.43,1219.94,1502.94,1280.8,2,3,4,5,1359.03,-50.54,1395.16
ORGANIZATION,180.02,196.01,290.46,241.64,3,4,5,6,227.03,20.54,236.73
RESIDENT,50.91,49.23,37.0,40.14,12,1,2,3,44.32,-3.59,39.89
FACTORY,1409.36,1139.34,1180.5,1038.36,6,7,8,9,1191.89,-123.67,1127.83
RESIDENT,20.95,17.11,20.58,26.38,11,12,1,2,21.25,1.81,29.5
RESIDENT,19.23,10.58,14.97,15.31,5,6,7,8,15.02,-1.31,5.61
RESIDENT,38.56,34.96,29.93,31.25,5,6,7,8,33.68,-2.44,21.05
GOVERNMENT,134.04,230.96,201.5,197.83,3,4,5,6,191.08,21.26,186.2
GOVERNMENT,471.98,483.18,490.96,490.7,5,6,7,8,484.21,6.24,416.37
RESIDENT,14.29,17.24,17.85,25.19,1,2,3,4,18.64,3.63,21.77
RESIDENT,27.23,18.84,25.67,24.76,9,10,11,12,24.13,-0.82,30.23
RESIDENT,9.61,14.63,6.21,17.02,2,3,4,5,11.87,2.47,19.5
RESIDENT,25.07,31.14,20.85,22.7,7,8,9,10,24.94,-0.79,22.72
RESIDENT,17.42,24.64,24.85,24.46,1,2,3,4,22.84,2.35,28.32
RESIDENT,3.59,0.71,7.41,9.88,11,12,1,2,5.4,2.1,6.73
GOVERNMENT,174.86,153.86,124.82,192.28,11,12,1,2,161.46,5.81,246.54
ORGANIZATION,196.14,160.61,156.65,142.25,5,6,7,8,163.91,-17.96,167.05
FACTORY,407.32,362.99,369.27,366.1,9,10,11,12,376.42,-13.74,648.85
RESIDENT,6.29,10.67,7.14,11.97,11,12,1,2,9.02,1.89,16.35
PUBLIC_SERVICE,95.29,104.27,96.4,91.4,5,6,7,8,96.84,-1.3,83.86
FACTORY,2082.59,1446.19,1487.59,1579.75,2,3,4,5,1649.03,-167.61,1509.84
RESIDENT,13.63,8.12,7.19,0.5,6,7,8,9,7.36,-4.38,0.5
RESIDENT,11.17,7.4,7.6,13.74,9,10,11,12,9.98,0.86,10.31
RESIDENT,19.79,14.87,11.87,12.17,7,8,9,10,14.67,-2.54,11.24
ORGANIZATION,164.42,138.85,133.67,159.21,7,8,9,10,149.04,-1.74,126.68
RESIDENT,16.88,15.47,15.14,13.04,7,8,9,10,15.13,-1.28,10.15
ORGANIZATION,140.61,113.45,138.46,102.23,3,4,5,6,123.69,-12.79,139.01
RESIDENT,29.55,23.4,23.83,24.62,11,12,1,2,25.35,-1.64,26.63
RESIDENT,24.49,20.66,26.99,29.53,1,2,3,4,25.42,1.68,34.52
PUBLIC_SERVICE,87.77,103.68,125.14,111.4,11,12,1,2,107.0,7.88,114.74
RESIDENT,30.97,29.39,27.94,29.38,12,1,2,3,29.42,-0.53,35.55
RESIDENT,16.38,19.28,17.6,11.56,4,5,6,7,16.2,-1.61,11.08
RESIDENT,7.82,10.08,17.16,14.53,10,11,12,1,12.4,2.24,17.89
RESIDENT,29.33,25.22,29.65,22.48,6,7,8,9,26.67,-2.28,29.8
RESIDENT,36.61,38.12,32.85,44.34,4,5,6,7,37.98,2.58,32.55
GOVERNMENT,157.82,149.73,205.64,175.0,5,6,7,8,172.05,5.73,131.33
RESIDENT,13.39,15.95,15.91,10.0,4,5,6,7,13.81,-1.13,10.09
RESIDENT,24.46,26.99,17.9,19.14,6,7,8,9,22.12,-1.77,29.09
RESIDENT,12.99,18.24,16.86,19.1,1,2,3,4,16.8,2.04,21.78
PUBLIC_SERVICE,146.05,161.38,153.7,168.09,4,5,6,7,157.31,7.35,135.94
RESIDENT,12.9,13.0,16.71,17.02,10,11,12,1,14.91,1.37,19.27
RESIDENT,22.24,21.09,19.15,25.22,1,2,3,4,21.92,0.99,30.42
RESIDENT,27.7,29.79,29.3,35.96,12,1,2,3,30.69,2.75,37.04
ORGANIZATION,136.25,156.38,136.83,122.79,4,5,6,7,138.06,-4.49,119.85
RESIDENT,14.86,20.16,13.38,15.9,9,10,11,12,16.07,0.35,20.7
FACTORY,1903.1,1836.34,1756.82,1857.41,9,10,11,12,1838.42,-15.23,2012.21
RESIDENT,28.44,35.85,31.27,32.3,11,12,1,2,31.96,1.29,36.43
ORGANIZATION,224.27,198.97,186.34,291.02,8,9,10,11,225.15,22.25,165.74
RESIDENT,34.43,31.57,34.69,37.17,4,5,6,7,34.47,0.91,27.45
RESIDENT,31.91,28.23,30.75,21.14,5,6,7,8,28.01,-3.59,40.25
RESIDENT,12.03,11.82,25.36,22.19,11,12,1,2,17.85,3.39,19.81
GOVERNMENT,301.34,306.56,375.09,362.05,2,3,4,5,336.26,20.24,369.42
RESIDENT,23.36,28.97,30.4,32.96,1,2,3,4,28.92,3.2,32.95
RESIDENT,25.09,28.84,28.48,25.98,4,5,6,7,27.1,0.3,26.72
ORGANIZATION,55.21,72.31,93.04,79.88,2,3,4,5,75.11,8.22,64.24
GOVERNMENT,336.13,311.55,353.53,330.36,10,11,12,1,332.89,-1.92,332.74
RESIDENT,38.57,37.33,36.56,38.58,4,5,6,7,37.76,0.0,32.83
ORGANIZATION,75.82,81.69,55.19,22.44,6,7,8,9,58.78,-17.79,27.01
RESIDENT,10.3,14.12,13.28,13.48,9,10,11,12,12.8,1.06,14.13
RESIDENT,7.05,8.61,14.41,12.53,11,12,1,2,10.65,1.83,14.58
RESIDENT,10.56,16.75,15.59,19.48,12,1,2,3,15.6,2.97,24.03
RESIDENT,12.64,7.8,5.89,2.4,8,9,10,11,7.18,-3.41,3.21
RESIDENT,7.18,10.13,12.0,16.47,11,12,1,2,11.45,3.1,18.75
RESIDENT,38.13,37.76,36.59,46.58,4,5,6,7,39.77,2.82,31.91
RESIDENT,10.23,11.94,10.51,7.57,8,9,10,11,10.06,-0.89,15.04
RESIDENT,29.9,29.87,36.57,30.23,3,4,5,6,31.64,0.11,28.77
RESIDENT,16.9,22.41,21.03,24.39,3,4,5,6,21.18,2.5,19.75
GOVERNMENT,326.55,295.24,350.24,367.4,1,2,3,4,334.86,13.62,426.57
RESIDENT,15.23,24.41,23.82,22.48,1,2,3,4,21.48,2.42,26.37
RESIDENT,22.46,17.08,18.38,25.18,11,12,1,2,20.77,0.91,25.71
RESIDENT,17.22,16.63,18.18,27.01,1,2,3,4,19.76,3.26,24.23
RESIDENT,31.75,32.2,27.98,29.93,4,5,6,7,30.47,-0.61,47.04
RESIDENT,16.59,9.08,11.81,14.44,6,7,8,9,12.98,-0.72,9.64
RESIDENT,40.96,22.5,22.23,24.8,8,9,10,11,27.62,-5.39,25.16
RESIDENT,8.66,10.41,11.73,13.82,11,12,1,2,11.16,1.72,22.47
GOVERNMENT,393.94,345.12,341.33,389.89,11,12,1,2,367.57,-1.35,388.36
PUBLIC_SERVICE,92.19,94.28,124.77,120.16,11,12,1,2,107.85,9.32,130.4
ORGANIZATION,93.52,134.64,101.73,139.15,2,3,4,5,117.26,15.21,122.4
RESIDENT,19.38,25.66,27.18,25.09,5,6,7,8,24.33,1.9,12.07
FACTORY,1411.19,1364.43,1595.3,1518.27,3,4,5,6,1472.3,35.69,1405.01
ORGANIZATION,100.1,97.0,95.85,127.28,4,5,6,7,105.06,9.06,89.45
RESIDENT,17.71,14.68,10.12,13.91,7,8,9,10,14.11,-1.27,10.23
PUBLIC_SERVICE,61.21,44.77,49.24,44.12,6,7,8,9,49.84,-5.7,47.41
RESIDENT,30.38,39.93,27.53,28.79,7,8,9,10,31.66,-0.53,20.06
FACTORY,1363.78,1257.19,1417.04,1215.1,4,5,6,7,1313.28,-49.56,1355.91
RESIDENT,16.14,20.2,10.3,14.12,7,8,9,10,15.19,-0.67,13.28
ORGANIZATION,195.95,164.08,186.7,164.3,8,9,10,11,177.76,-10.55,198.14
RESIDENT,16.35,14.11,28.0,17.61,1,2,3,4,19.02,0.42,21.3
FACTORY,1419.37,1787.51,1535.82,1620.48,11,12,1,2,1590.8,67.04,1618.71
RESIDENT,10.76,4.42,11.63,8.12,12,1,2,3,8.73,-0.88,19.33
FACTORY,1857.41,2012.21,2160.27,2125.12,12,1,2,3,2038.75,89.24,2236.94
RESIDENT,39.99,24.81,22.17,29.05,11,12,1,2,29.0,-3.65,32.87
RESIDENT,16.34,12.2,16.93,20.36,10,11,12,1,16.46,1.34,16.82
FACTORY,1021.93,951.12,932.53,802.41,4,5,6,7,927.0,-73.17,816.23
PUBLIC_SERVICE,98.22,113.74,98.59,96.63,6,7,8,9,101.79,-0.53,66.89
PUBLIC_SERVICE,96.41,97.7,84.71,74.41,4,5,6,7,88.31,-7.33,82.67
GOVERNMENT,228.04,220.96,199.18,220.04,11,12,1,2,217.06,-2.67,265.91
RESIDENT,26.77,24.05,19.77,20.38,8,9,10,11,22.74,-2.13,23.4
RESIDENT,16.71,17.02,19.27,23.04,12,1,2,3,19.01,2.11,19.94
GOVERNMENT,274.16,319.96,368.69,384.68,3,4,5,6,336.87,36.84,364.94
RESIDENT,42.53,27.89,30.46,36.06,9,10,11,12,34.23,-2.16,30.47
RESIDENT,23.72,14.56,12.75,15.3,5,6,7,8,16.58,-2.81,13.96
RESIDENT,11.78,12.73,7.91,9.13,6,7,8,9,10.39,-0.88,1.43
RESIDENT,5.4,3.91,11.61,11.56,11,12,1,2,8.12,2.05,19.45
RESIDENT,32.42,30.68,24.96,23.78,7,8,9,10,27.96,-2.88,24.99
GOVERNMENT,289.55,455.76,277.42,357.67,11,12,1,2,345.1,22.71,354.37
PUBLIC_SERVICE,173.27,124.82,134.66,115.1,4,5,6,7,136.96,-19.39,124.15
PUBLIC_SERVICE,87.89,99.51,101.79,123.6,11,12,1,2,103.2,11.9,118.22
GOVERNMENT,159.84,261.91,205.1,211.45,3,4,5,6,209.57,17.2,118.84
RESIDENT,19.15,23.91,30.12,25.38,11,12,1,2,24.64,2.08,26.86
RESIDENT,21.09,22.51,17.52,19.47,10,11,12,1,20.15,-0.54,24.65
RESIDENT,18.5,18.35,18.91,13.01,4,5,6,7,17.19,-1.83,20.23
ORGANIZATION,107.74,147.55,171.87,171.25,12,1,2,3,149.6,21.17,141.21
RESIDENT,4.89,0.5,9.41,10.95,10,11,12,1,6.44,2.02,3.46
ORGANIZATION,167.71,114.06,104.55,78.09,7,8,9,10,116.1,-29.87,82.08
FACTORY,1422.4,1558.11,1725.37,1765.63,12,1,2,3,1617.88,114.41,1886.88
RESIDENT,15.6,11.05,10.7,13.61,12,1,2,3,12.74,-0.66,15.15
PUBLIC_SERVICE,118.02,98.41,112.95,92.94,7,8,9,10,105.58,-8.36,86.43
RESIDENT,10.88,12.76,8.68,10.35,5,6,7,8,10.67,-0.18,3.41
RESIDENT,9.06,10.97,7.88,4.97,5,6,7,8,8.22,-1.36,5.07
FACTORY,1881.9,1921.6,1807.61,1865.44,1,2,3,4,1869.14,-5.49,1827.21
RESIDENT,21.3,14.18,16.21,17.16,5,6,7,8,17.21,-1.38,13.05
FACTORY,1635.12,1425.33,1581.41,1797.28,12,1,2,3,1609.78,54.05,2026.26
RESIDENT,22.62,16.9,12.83,15.86,7,8,9,10,17.05,-2.25,11.68
RESIDENT,13.89,16.43,5.95,0.5,5,6,7,8,9.19,-4.46,5.83
RESIDENT,8.34,12.58,9.81,3.96,7,8,9,10,8.67,-1.46,3.11
FACTORY,1687.49,1845.98,1608.72,1584.29,8,9,10,11,1681.62,-34.4,1807.8
RESIDENT,14.41,12.53,14.58,18.96,1,2,3,4,15.12,1.52,19.56
GOVERNMENT,471.16,393.94,345.12,341.33,10,11,12,1,387.89,-43.28,389.89
FACTORY,1624.34,1924.7,1744.89,1962.89,11,12,1,2,1814.21,112.85,1787.91
RESIDENT,20.39,17.01,22.22,22.96,10,11,12,1,20.65,0.86,26.52
RESIDENT,10.55,5.83,16.35,10.12,12,1,2,3,10.71,-0.14,18.45
PUBLIC_SERVICE,194.4,149.92,137.67,117.25,6,7,8,9,149.81,-25.72,140.06
RESIDENT,15.14,13.04,10.15,13.11,9,10,11,12,12.86,-0.68,14.0
RESIDENT,33.2,30.24,31.03,28.63,5,6,7,8,30.77,-1.52,21.57
ORGANIZATION,207.78,211.15,196.62,192.69,4,5,6,7,202.06,-5.03,205.57
PUBLIC_SERVICE,94.95,100.48,91.83,92.08,8,9,10,11,94.83,-0.96,102.23
PUBLIC_SERVICE,143.1,120.18,169.66,114.14,8,9,10,11,136.77,-9.65,110.38
RESIDENT,21.78,27.13,29.72,25.0,12,1,2,3,25.91,1.07,35.94
RESIDENT,37.18,35.41,38.16,35.36,12,1,2,3,36.53,-0.61,38.72
RESIDENT,27.05,27.15,25.6,20.73,6,7,8,9,25.13,-2.11,18.62
PUBLIC_SERVICE,115.57,174.86,112.34,125.98,9,10,11,12,132.19,3.47,122.92
RESIDENT,13.42,12.6,15.23,14.86,3,4,5,6,14.03,0.48,9.94
RESIDENT,13.85,16.72,19.34,12.39,6,7,8,9,15.57,-0.49,4.82
RESIDENT,35.62,33.95,29.44,27.35,3,4,5,6,31.59,-2.76,30.73
ORGANIZATION,146.28,134.11,154.65,150.2,8,9,10,11,146.31,1.31,130.1
RESIDENT,11.31,16.74,15.39,16.85,8,9,10,11,15.07,1.85,17.99
PUBLIC_SERVICE,137.97,127.06,119.79,136.17,9,10,11,12,130.25,-0.6,151.64
RESIDENT,36.4,33.44,34.09,35.65,5,6,7,8,34.9,-0.25,33.03
RESIDENT,37.18,28.09,34.55,49.39,2,3,4,5,37.3,4.07,37.12
PUBLIC_SERVICE,121.85,102.21,157.01,124.09,10,11,12,1,126.29,0.75,118.12
RESIDENT,5.0,11.99,13.18,10.09,3,4,5,6,10.07,1.7,6.42
PUBLIC_SERVICE,64.28,65.4,69.49,82.2,10,11,12,1,70.34,5.97,119.27
GOVERNMENT,162.59,134.04,230.96,201.5,2,3,4,5,182.27,12.97,197.83
RESIDENT,32.44,28.7,32.27,24.99,5,6,7,8,29.6,-2.48,17.08
ORGANIZATION,134.64,101.73,139.15,122.4,3,4,5,6,124.48,-4.08,122.05
RESIDENT,35.04,53.08,36.69,34.18,5,6,7,8,39.75,-0.29,27.65
RESIDENT,15.45,13.98,15.17,12.33,8,9,10,11,14.23,-1.04,11.66
ORGANIZATION,95.87,93.21,125.37,133.93,1,2,3,4,112.09,12.69,114.44
GOVERNMENT,146.67,155.71,78.32,83.24,6,7,8,9,115.98,-21.14,67.18
RESIDENT,28.01,24.99,21.72,26.29,5,6,7,8,25.25,-0.57,15.1
RESIDENT,25.61,35.86,39.55,42.32,1,2,3,4,35.84,5.57,34.57
PUBLIC_SERVICE,84.39,158.54,112.58,129.95,1,2,3,4,121.36,15.19,116.65
RESIDENT,16.74,21.63,18.49,21.22,2,3,4,5,19.52,1.49,18.94
ORGANIZATION,93.63,27.73,67.18,59.6,10,11,12,1,62.04,-11.34,75.67
ORGANIZATION,53.05,45.31,76.39,68.15,1,2,3,4,60.73,5.03,89.32
RESIDENT,7.55,14.29,4.09,11.1,10,11,12,1,9.26,1.18,16.23
RESIDENT,14.99,7.28,6.06,5.75,8,9,10,11,8.52,-3.08,5.94
PUBLIC_SERVICE,113.56,78.3,72.03,79.94,7,8,9,10,85.96,-11.21,68.07
RESIDENT,35.66,37.7,42.67,39.79,1,2,3,4,38.95,1.38,51.18
RESIDENT,53.38,31.06,31.29,30.43,9,10,11,12,36.54,-7.65,31.63
RESIDENT,21.95,18.56,22.29,20.56,9,10,11,12,20.84,-0.46,15.32
RESIDENT,35.21,18.84,22.31,27.55,8,9,10,11,25.98,-2.55,14.22
RESIDENT,33.76,33.29,39.28,31.43,9,10,11,12,34.44,-0.78,28.9
RESIDENT,15.63,25.9,19.82,16.77,5,6,7,8,19.53,0.38,13.56
RESIDENT,17.55,12.7,8.93,4.62,7,8,9,10,10.95,-4.31,8.17
RESIDENT,34.37,31.39,30.13,24.35,4,5,6,7,30.06,-3.34,28.94
RESIDENT,17.54,20.71,27.61,29.1,1,2,3,4,23.74,3.85,22.47
RESIDENT,9.73,3.65,2.28,9.45,8,9,10,11,6.28,-0.09,5.65
ORGANIZATION,122.09,57.3,73.43,66.87,7,8,9,10,79.92,-18.41,55.43
ORGANIZATION,74.63,101.93,114.71,108.51,3,4,5,6,99.94,11.29,83.46
GOVERNMENT,204.12,221.45,193.22,280.41,8,9,10,11,224.8,25.43,226.24
GOVERNMENT,410.53,531.74,379.45,358.32,9,10,11,12,420.01,-17.4,445.0
RESIDENT,20.53,12.25,17.79,24.25,2,3,4,5,18.7,1.24,16.92
ORGANIZATION,59.14,42.58,32.21,56.84,12,1,2,3,47.69,-0.77,67.54
RESIDENT,3.05,9.17,13.08,10.52,12,1,2,3,8.95,2.49,12.9
RESIDENT,30.81,35.35,34.62,43.87,1,2,3,4,36.16,4.35,38.96
RESIDENT,12.83,11.56,14.55,4.57,5,6,7,8,10.88,-2.75,4.92
RESIDENT,30.03,25.54,30.54,22.16,5,6,7,8,27.07,-2.62,21.87
RESIDENT,30.51,30.62,26.67,27.03,3,4,5,6,28.71,-1.16,33.08
PUBLIC_SERVICE,89.49,120.4,128.25,122.2,12,1,2,3,115.08,10.9,144.37
GOVERNMENT,148.02,64.99,117.89,224.34,10,11,12,1,138.81,25.44,126.16
PUBLIC_SERVICE,91.9,93.21,98.36,96.21,4,5,6,7,94.92,1.44,76.71
ORGANIZATION,217.32,165.5,173.31,158.95,1,2,3,4,178.77,-19.46,233.86
ORGANIZATION,148.51,167.67,140.54,131.61,6,7,8,9,147.08,-5.63,150.16
RESIDENT,27.41,31.99,27.76,30.8,3,4,5,6,29.49,1.13,35.67
ORGANIZATION,106.17,113.91,128.54,106.56,3,4,5,6,113.8,0.13,131.2
RESIDENT,23.84,18.65,22.84,16.49,9,10,11,12,20.45,-2.45,28.53
ORGANIZATION,197.46,172.58,170.22,167.19,4,5,6,7,176.86,-10.09,158.35
RESIDENT,8.03,9.92,17.05,13.99,2,3,4,5,12.25,1.99,12.22
RESIDENT,32.52,35.44,40.59,34.43,3,4,5,6,35.75,0.64,34.92
RESIDENT,35.92,38.75,33.97,38.53,2,3,4,5,36.79,0.87,33.77
FACTORY,1121.95,1126.81,1333.51,1259.99,1,2,3,4,1210.57,46.01,1911.59
RESIDENT,1.99,0.5,6.96,4.4,10,11,12,1,3.46,0.8,6.12
RESIDENT,22.73,25.14,25.75,31.55,3,4,5,6,26.29,2.94,23.89
RESIDENT,38.2,38.83,37.83,31.17,5,6,7,8,36.51,-2.34,31.03
RESIDENT,22.88,28.37,25.99,20.26,2,3,4,5,24.38,-0.87,20.58
ORGANIZATION,44.33,79.88,100.06,74.84,12,1,2,3,74.78,10.17,97.14
ORGANIZATION,47.62,75.16,52.1,41.77,3,4,5,6,54.16,-1.95,48.7
RESIDENT,28.14,25.1,21.85,22.35,8,9,10,11,24.36,-1.93,17.81
RESIDENT,16.5,12.84,27.56,24.44,1,2,3,4,20.34,2.65,26.68
RESIDENT,16.51,14.68,19.23,19.24,3,4,5,6,17.41,0.91,17.95
RESIDENT,3.27,3.59,0.5,0.5,7,8,9,10,1.96,-0.92,2.25
RESIDENT,8.19,15.0,14.88,18.45,3,4,5,6,14.13,3.42,15.24
GOVERNMENT,143.02,193.87,227.77,216.76,2,3,4,5,195.35,24.58,216.22
GOVERNMENT,452.89,476.35,446.39,431.44,7,8,9,10,451.77,-7.15,497.57
RESIDENT,16.75,21.06,15.18,8.67,6,7,8,9,15.42,-2.69,3.5
RESIDENT,29.86,31.98,46.52,32.27,1,2,3,4,35.16,0.8,32.37
RESIDENT,19.96,20.89,18.39,16.34,7,8,9,10,18.89,-1.21,12.2
PUBLIC_SERVICE,114.74,124.96,127.7,151.06,4,5,6,7,129.62,12.11,124.14
FACTORY,1891.59,1776.8,1791.94,2993.2,1,2,3,4,2113.38,367.2,1949.36
RESIDENT,30.22,34.48,28.1,30.23,4,5,6,7,30.76,0.0,30.99
RESIDENT,26.15,29.86,31.98,46.52,12,1,2,3,33.63,6.79,32.27
GOVERNMENT,217.88,186.84,225.64,192.26,6,7,8,9,205.66,-8.54,159.22
FACTORY,1836.23,2144.12,2089.5,2211.21,12,1,2,3,2070.27,124.99,3100.7
RESIDENT,28.1,35.52,33.29,21.1,4,5,6,7,29.5,-2.33,20.73
GOVERNMENT,126.1,131.27,88.0,157.24,11,12,1,2,125.65,10.38,217.16
RESIDENT,17.41,19.81,13.35,22.91,3,4,5,6,18.37,1.83,17.55
RESIDENT,5.34,9.56,11.81,19.17,1,2,3,4,11.47,4.61,17.83
PUBLIC_SERVICE,145.37,125.57,73.14,110.01,7,8,9,10,113.52,-11.79,83.88
RESIDENT,16.98,15.65,22.88,28.37,12,1,2,3,20.97,3.8,25.99
RESIDENT,19.6,18.41,12.09,12.42,9,10,11,12,15.63,-2.39,18.82
ORGANIZATION,73.18,118.63,119.17,140.99,12,1,2,3,112.99,22.6,108.25
FACTORY,496.37,371.9,409.23,492.12,10,11,12,1,442.4,-1.42,434.86
RESIDENT,21.17,20.72,43.31,24.87,11,12,1,2,27.52,1.23,29.92
RESIDENT,27.3,19.02,20.35,27.44,12,1,2,3,23.53,0.05,33.63
GOVERNMENT,203.75,221.69,265.67,217.74,2,3,4,5,227.21,4.66,230.48
RESIDENT,18.21,15.84,18.14,14.84,8,9,10,11,16.76,-1.12,12.98
RESIDENT,7.98,9.83,14.03,10.75,2,3,4,5,10.65,0.92,11.54
PUBLIC_SERVICE,75.23,63.8,59.98,64.46,9,10,11,12,65.87,-3.59,79.67
RESIDENT,31.07,33.85,28.84,32.54,3,4,5,6,31.58,0.49,31.78
RESIDENT,8.99,3.26,0.5,3.44,11,12,1,2,4.05,-1.85,12.71
RESIDENT,14.71,25.29,20.88,29.72,11,12,1,2,22.65,5.0,23.57
RESIDENT,5.56,7.04,7.97,12.67,9,10,11,12,8.31,2.37,18.69
PUBLIC_SERVICE,44.91,52.99,48.97,77.58,1,2,3,4,56.11,10.89,83.94
RESIDENT,35.28,38.01,38.5,34.65,2,3,4,5,36.61,-0.21,35.55
RESIDENT,34.27,41.1,41.98,42.52,3,4,5,6,39.97,2.75,42.28
GOVERNMENT,207.72,173.45,272.05,217.61,11,12,1,2,217.71,3.3,288.2
ORGANIZATION,49.74,84.33,24.94,41.21,8,9,10,11,50.05,-2.84,52.6
ORGANIZATION,154.23,186.28,131.75,136.94,5,6,7,8,152.3,-5.76,148.24
PUBLIC_SERVICE,87.88,115.75,103.63,113.47,11,12,1,2,105.18,8.53,132.47
ORGANIZATION,182.43,136.27,166.66,154.39,9,10,11,12,159.94,-9.35,194.49
RESIDENT,5.18,16.07,11.4,12.69,11,12,1,2,11.33,2.5,16.44
ORGANIZATION,164.31,159.94,152.58,118.19,2,3,4,5,148.75,-15.37,122.36
RESIDENT,0.5,4.96,1.26,3.09,10,11,12,1,2.45,0.86,9.25
RESIDENT,45.26,36.71,42.29,36.46,3,4,5,6,40.18,-2.93,30.87
RESIDENT,29.04,27.97,24.46,17.94,6,7,8,9,24.85,-3.7,15.16
PUBLIC_SERVICE,84.16,73.65,71.6,93.49,8,9,10,11,80.72,3.11,76.01
GOVERNMENT,241.37,185.66,179.59,181.09,9,10,11,12,196.93,-20.09,202.95
RESIDENT,26.96,37.06,39.76,38.36,2,3,4,5,35.53,3.8,36.85
RESIDENT,18.78,15.03,21.62,20.1,3,4,5,6,18.88,0.44,28.32
RESIDENT,9.96,6.32,9.56,16.31,10,11,12,1,10.54,2.12,11.73
ORGANIZATION,77.03,78.32,104.09,91.2,1,2,3,4,87.66,4.72,93.44
RESIDENT,8.85,9.14,8.52,5.1,5,6,7,8,7.9,-1.25,0.5
RESIDENT,26.82,20.5,21.47,20.75,7,8,9,10,22.38,-2.02,16.44
RESIDENT,32.53,33.54,30.97,30.9,4,5,6,7,31.98,-0.54,44.08
GOVERNMENT,446.58,500.51,448.4,500.78,12,1,2,3,474.07,18.07,612.27
GOVERNMENT,265.93,225.99,234.97,280.61,11,12,1,2,251.88,4.89,253.95
RESIDENT,1.23,3.21,6.81,7.81,11,12,1,2,4.76,2.19,10.75
RESIDENT,27.55,38.59,25.7,22.43,6,7,8,9,28.57,-1.71,21.67
ORGANIZATION,78.12,118.1,96.78,144.06,12,1,2,3,109.27,21.98,141.16
RESIDENT,22.67,19.43,27.83,20.83,4,5,6,7,22.69,-0.61,21.84
RESIDENT,22.17,15.22,20.11,21.56,11,12,1,2,19.77,-0.2,26.4
RESIDENT,5.56,0.5,7.97,5.93,10,11,12,1,4.99,0.12,15.85
GOVERNMENT,432.99,457.89,583.72,531.96,1,2,3,4,501.64,32.99,535.16
PUBLIC_SERVICE,47.8,51.91,58.6,33.57,7,8,9,10,47.97,-4.74,33.3
RESIDENT,1.98,0.5,6.72,9.39,12,1,2,3,4.65,2.47,9.49
RESIDENT,27.19,25.36,23.13,25.72,9,10,11,12,25.35,-0.49,28.21
RESIDENT,18.42,11.25,13.96,8.65,7,8,9,10,13.07,-3.26,5.97
PUBLIC_SERVICE,87.46,91.79,94.66,97.28,4,5,6,7,92.8,3.27,105.62
RESIDENT,42.39,43.03,40.57,33.47,4,5,6,7,39.87,-2.97,37.87
FACTORY,790.35,711.53,580.57,626.01,7,8,9,10,677.12,-54.78,478.97
FACTORY,1265.32,1501.17,1411.19,1364.43,1,2,3,4,1385.53,33.04,1595.3
RESIDENT,30.92,32.26,29.62,33.14,4,5,6,7,31.48,0.74,26.88
RESIDENT,5.57,8.62,14.22,10.8,9,10,11,12,9.8,1.74,12.22
ORGANIZATION,151.09,130.9,118.21,126.93,5,6,7,8,131.78,-8.05,84.77
ORGANIZATION,21.23,71.05,68.71,73.05,11,12,1,2,58.51,17.27,82.05
RESIDENT,30.18,29.56,31.23,24.14,7,8,9,10,28.78,-2.01,25.56
RESIDENT,24.03,25.44,27.61,26.73,1,2,3,4,25.95,0.9,26.62
RESIDENT,13.86,15.95,9.24,3.94,7,8,9,10,10.75,-3.31,3.52
RESIDENT,10.87,1.8,3.43,5.54,8,9,10,11,5.41,-1.78,9.85
RESIDENT,10.09,13.12,16.72,16.3,2,3,4,5,14.06,2.07,18.24
RESIDENT,4.81,2.6,8.91,3.35,10,11,12,1,4.92,-0.49,8.2
RESIDENT,20.67,16.58,17.34,23.51,10,11,12,1,19.53,0.95,29.02
RESIDENT,11.82,25.36,22.19,19.81,12,1,2,3,19.8,2.66,25.49
PUBLIC_SERVICE,93.17,81.96,95.26,71.17,5,6,7,8,85.39,-7.33,79.94
RESIDENT,25.05,22.96,27.83,35.91,9,10,11,12,27.94,3.62,30.6
RESIDENT,18.34,19.87,17.09,16.81,4,5,6,7,18.03,-0.51,14.89
GOVERNMENT,240.41,258.49,246.86,256.57,11,12,1,2,250.58,5.39,346.18
RESIDENT,26.52,32.14,29.42,27.35,6,7,8,9,28.86,0.28,17.47
ORGANIZATION,82.37,93.27,119.06,114.84,11,12,1,2,102.38,10.82,140.4
FACTORY,600.51,601.4,885.4,805.66,1,2,3,4,723.24,68.38,1024.94
RESIDENT,30.79,27.98,22.84,26.86,7,8,9,10,27.12,-1.31,27.93
RESIDENT,23.39,23.11,22.63,20.53,4,5,6,7,22.41,-0.95,23.32
RESIDENT,11.45,12.55,15.82,10.83,9,10,11,12,12.66,-0.21,13.33
RESIDENT,4.37,4.23,5.47,11.99,12,1,2,3,6.52,2.54,9.77
ORGANIZATION,158.24,194.24,99.53,127.84,7,8,9,10,144.96,-10.13,115.06
RESIDENT,23.91,19.43,20.66,18.3,10,11,12,1,20.57,-1.87,26.25
RESIDENT,10.31,17.38,16.93,18.53,2,3,4,5,15.79,2.74,16.2
RESIDENT,28.14,32.09,34.19,22.11,4,5,6,7,29.13,-2.01,28.71
RESIDENT,35.3,33.09,32.45,25.86,7,8,9,10,31.68,-3.15,24.51
RESIDENT,16.15,16.25,24.91,24.11,11,12,1,2,20.36,2.65,32.84
RESIDENT,0.5,3.92,8.82,1.69,9,10,11,12,3.73,0.4,1.97
FACTORY,1479.79,2061.77,1314.32,1196.7,8,9,10,11,1513.14,-94.36,1335.64
RESIDENT,47.8,38.29,23.33,21.42,6,7,8,9,32.71,-8.79,25.84
RESIDENT,24.62,29.2,25.4,21.57,4,5,6,7,25.2,-1.02,20.34
FACTORY,895.78,745.17,812.03,605.09,6,7,8,9,764.52,-96.9,727.27
RESIDENT,28.98,21.98,25.05,22.96,7,8,9,10,24.74,-2.01,27.83
RESIDENT,13.72,9.15,16.38,19.28,2,3,4,5,14.63,1.85,17.6
RESIDENT,22.88,26.34,22.56,26.62,10,11,12,1,24.6,1.25,28.56
FACTORY,458.41,642.33,812.41,776.16,12,1,2,3,672.33,105.92,949.8
RESIDENT,25.39,21.42,27.03,24.33,5,6,7,8,24.54,-0.35,27.03
GOVERNMENT,453.66,344.82,338.32,358.51,4,5,6,7,373.83,-31.72,272.62
PUBLIC_SERVICE,65.87,75.24,53.44,65.86,4,5,6,7,65.1,-0.0,65.43
RESIDENT,18.66,19.57,13.27,17.44,9,10,11,12,17.23,-0.41,20.24
ORGANIZATION,62.73,45.72,84.68,91.98,11,12,1,2,71.28,9.75,77.13
FACTORY,656.3,715.8,731.31,872.3,5,6,7,8,743.93,72.0,438.29
ORGANIZATION,101.11,106.62,116.7,105.39,4,5,6,7,107.45,1.43,103.04
RESIDENT,28.99,27.32,31.6,39.15,2,3,4,5,31.77,3.39,27.84
GOVERNMENT,433.95,486.68,454.67,491.48,1,2,3,4,466.69,19.18,502.72
RESIDENT,12.76,8.19,16.2,19.28,11,12,1,2,14.11,2.17,21.51
RESIDENT,35.46,28.78,33.06,31.1,8,9,10,11,32.1,-1.45,32.5
RESIDENT,36.67,30.26,27.84,24.38,6,7,8,9,29.79,-4.1,24.64
RESIDENT,19.37,18.83,16.01,15.97,6,7,8,9,17.55,-1.13,12.26
RESIDENT,5.47,10.21,10.14,11.25,1,2,3,4,9.27,1.93,13.71
ORGANIZATION,97.16,73.76,201.13,115.33,9,10,11,12,121.84,6.06,93.79
ORGANIZATION,52.78,44.76,68.97,82.98,11,12,1,2,62.37,10.07,97.9
ORGANIZATION,189.39,184.23,193.33,229.97,11,12,1,2,199.23,13.53,249.68
ORGANIZATION,120.61,133.34,114.69,102.05,3,4,5,6,117.67,-6.19,148.86
ORGANIZATION,120.5,101.61,125.65,132.97,3,4,5,6,120.18,4.16,136.65
RESIDENT,23.57,23.71,35.4,28.47,11,12,1,2,27.79,1.63,25.53
RESIDENT,32.75,32.67,26.15,20.71,7,8,9,10,28.07,-4.01,22.26
RESIDENT,23.91,19.0,17.39,17.44,9,10,11,12,19.43,-2.16,23.3
RESIDENT,26.16,19.21,20.6,35.75,2,3,4,5,25.43,3.2,20.88
RESIDENT,33.4,37.37,32.61,24.06,6,7,8,9,31.86,-3.11,34.27
RESIDENT,7.29,1.15,7.65,0.5,7,8,9,10,4.15,-2.26,0.5
RESIDENT,21.45,28.99,27.32,31.6,1,2,3,4,27.34,3.38,39.15
RESIDENT,17.87,14.45,14.39,19.65,9,10,11,12,16.59,0.59,13.91
ORGANIZATION,64.61,82.1,57.8,65.73,9,10,11,12,67.56,0.37,52.29
RESIDENT,27.35,17.47,19.93,25.88,9,10,11,12,22.66,-0.49,28.29
RESIDENT,9.14,8.52,5.1,0.5,6,7,8,9,5.81,-2.88,5.21
RESIDENT,0.5,3.12,3.5,3.88,11,12,1,2,2.75,1.13,7.53
PUBLIC_SERVICE,75.44,105.47,64.28,65.4,8,9,10,11,77.65,-3.35,69.49
ORGANIZATION,137.96,138.43,131.21,131.82,5,6,7,8,134.86,-2.05,119.07
RESIDENT,11.02,12.76,17.23,14.29,1,2,3,4,13.83,1.09,9.38
RESIDENT,5.13,9.64,6.83,4.41,6,7,8,9,6.5,-0.24,0.5
RESIDENT,20.96,29.85,22.05,24.07,12,1,2,3,24.23,1.04,24.57
RESIDENT,8.26,6.53,4.38,7.67,8,9,10,11,6.71,-0.2,7.65
ORGANIZATION,102.05,157.64,104.15,113.01,7,8,9,10,119.21,3.65,78.21
ORGANIZATION,32.21,56.84,67.54,63.62,2,3,4,5,55.05,10.47,79.18
RESIDENT,20.22,7.96,9.37,14.01,6,7,8,9,12.89,-2.07,7.86
RESIDENT,8.35,3.03,9.92,15.89,10,11,12,1,9.3,2.51,23.01
FACTORY,828.28,786.21,722.44,769.13,8,9,10,11,776.52,-19.72,806.42
GOVERNMENT,91.56,104.78,55.34,54.07,10,11,12,1,76.44,-12.5,189.14
PUBLIC_SERVICE,85.49,96.32,90.88,82.15,5,6,7,8,88.71,-1.11,80.23
FACTORY,1325.63,1333.23,1961.37,1614.13,10,11,12,1,1558.59,96.17,1687.04
GOVERNMENT,405.07,467.32,398.7,545.65,2,3,4,5,454.18,46.86,418.24
RESIDENT,18.28,16.6,14.17,7.68,6,7,8,9,14.18,-3.53,4.92
ORGANIZATION,105.39,103.04,58.67,83.26,7,8,9,10,87.59,-7.38,108.2
RESIDENT,20.34,19.1,22.35,22.45,11,12,1,2,21.06,0.7,27.86
GOVERNMENT,414.72,376.55,336.12,419.75,9,10,11,12,386.78,1.68,330.88
RESIDENT,25.75,20.75,23.2,26.63,10,11,12,1,24.08,0.29,27.91
RESIDENT,23.61,21.81,17.32,9.86,5,6,7,8,18.15,-4.58,9.75
FACTORY,1042.32,896.24,923.94,654.11,6,7,8,9,879.15,-129.4,750.07
RESIDENT,41.31,32.86,34.35,30.35,5,6,7,8,34.72,-3.65,31.02
RESIDENT,10.75,11.11,10.68,2.6,6,7,8,9,8.79,-2.72,5.55
ORGANIZATION,93.08,83.44,81.85,59.47,6,7,8,9,79.46,-11.2,78.34
GOVERNMENT,88.0,157.24,217.16,209.5,1,2,3,4,167.97,40.5,254.64
RESIDENT,13.38,21.84,18.84,23.55,4,5,6,7,19.4,3.39,13.0
RESIDENT,14.46,15.95,19.23,10.58,3,4,5,6,15.05,-1.29,14.97
RESIDENT,28.46,23.62,18.3,19.24,5,6,7,8,22.4,-3.07,18.27
RESIDENT,21.65,24.33,19.41,29.2,2,3,4,5,23.65,2.52,29.54
GOVERNMENT,158.01,164.55,195.72,150.21,9,10,11,12,167.12,-2.6,197.61
RESIDENT,13.08,9.74,10.79,13.84,8,9,10,11,11.86,0.25,9.96
PUBLIC_SERVICE,25.17,47.24,47.31,47.86,2,3,4,5,41.89,7.56,48.73
RESIDENT,22.0,21.55,22.66,24.12,12,1,2,3,22.58,0.71,24.49
RESIDENT,23.1,24.81,38.53,26.76,3,4,5,6,28.3,1.22,17.95
ORGANIZATION,66.2,75.65,99.07,122.73,5,6,7,8,90.91,18.84,80.9
PUBLIC_SERVICE,156.79,134.23,127.45,120.56,6,7,8,9,134.76,-12.08,128.27
GOVERNMENT,335.64,294.2,343.88,390.44,3,4,5,6,341.04,18.27,285.82
RESIDENT,14.82,24.17,30.99,20.25,2,3,4,5,22.56,1.81,27.85
GOVERNMENT,523.02,482.88,456.06,506.83,9,10,11,12,492.2,-5.4,502.19
RESIDENT,11.81,14.44,9.64,21.92,8,9,10,11,14.45,3.37,15.99
RESIDENT,17.12,18.06,13.45,4.19,6,7,8,9,13.2,-4.31,9.5
ORGANIZATION,121.21,144.62,144.35,124.14,5,6,7,8,133.58,0.98,122.81
RESIDENT,27.83,31.93,35.77,36.11,2,3,4,5,32.91,2.76,32.89
RESIDENT,40.79,35.23,31.93,26.59,7,8,9,10,33.63,-4.73,32.33
RESIDENT,16.73,18.8,20.66,15.6,3,4,5,6,17.95,-0.38,16.35
RESIDENT,25.8,23.28,17.1,23.58,8,9,10,11,22.44,-0.74,23.56
PUBLIC_SERVICE,151.24,151.23,145.94,135.16,5,6,7,8,145.89,-5.36,134.86
RESIDENT,3.1,13.6,13.49,14.64,2,3,4,5,11.21,3.85,9.36
ORGANIZATION,219.08,194.84,174.62,191.12,6,7,8,9,194.91,-9.32,153.23
RESIDENT,35.84,30.98,28.78,30.49,5,6,7,8,31.52,-1.78,31.34
RESIDENT,12.76,17.23,14.29,9.38,2,3,4,5,13.42,-1.13,8.9
RESIDENT,36.04,37.65,48.17,34.24,3,4,5,6,39.02,-0.6,34.14
PUBLIC_SERVICE,59.48,52.64,52.3,45.63,6,7,8,9,52.51,-4.62,31.7
RESIDENT,32.74,29.49,31.51,32.58,1,2,3,4,31.58,-0.05,36.89
PUBLIC_SERVICE,84.42,116.09,137.05,118.24,2,3,4,5,113.95,11.27,103.66
RESIDENT,33.42,21.45,28.99,27.32,12,1,2,3,27.8,-2.03,31.6
RESIDENT,12.68,15.62,10.32,13.11,4,5,6,7,12.93,0.14,8.55
RESIDENT,10.59,11.24,8.43,6.29,6,7,8,9,9.14,-1.43,2.15
PUBLIC_SERVICE,126.42,143.56,133.23,163.64,12,1,2,3,141.71,12.41,154.75
RESIDENT,23.97,29.2,41.0,25.66,4,5,6,7,29.96,0.56,16.7
RESIDENT,8.22,10.46,19.73,18.32,12,1,2,3,14.18,3.37,17.25
RESIDENT,32.26,29.62,33.14,26.88,5,6,7,8,30.47,-1.79,40.26
GOVERNMENT,250.69,225.29,254.76,206.82,9,10,11,12,234.39,-14.62,292.29
RESIDENT,26.95,25.93,25.09,26.5,4,5,6,7,26.12,-0.15,18.66
ORGANIZATION,103.94,93.26,100.34,116.58,11,12,1,2,103.53,4.21,143.3
PUBLIC_SERVICE,226.84,158.03,169.34,147.37,5,6,7,8,175.4,-26.49,159.02
GOVERNMENT,438.66,417.56,435.96,433.35,11,12,1,2,431.38,-1.77,429.19
FACTORY,800.93,798.01,940.52,832.41,3,4,5,6,842.97,10.49,777.48
GOVERNMENT,440.44,423.87,545.04,498.93,11,12,1,2,477.07,19.5,516.46
RESIDENT,19.88,15.71,7.25,0.5,7,8,9,10,10.84,-6.46,13.97
RESIDENT,35.3,36.66,42.53,27.89,7,8,9,10,35.59,-2.47,30.46
RESIDENT,38.21,36.63,33.76,33.29,7,8,9,10,35.47,-1.64,39.28
RESIDENT,6.06,13.39,2.83,11.44,11,12,1,2,8.43,1.79,12.02
RESIDENT,25.74,27.73,30.66,34.2,2,3,4,5,29.58,2.82,29.54
GOVERNMENT,478.24,520.25,452.89,476.35,5,6,7,8,481.93,-0.63,446.39
RESIDENT,18.48,11.47,9.27,9.38,7,8,9,10,12.15,-3.03,6.38
ORGANIZATION,59.17,98.14,112.16,84.77,12,1,2,3,88.56,8.53,106.73
RESIDENT,4.28,0.5,6.85,10.01,11,12,1,2,5.41,1.91,8.74
RESIDENT,33.09,32.45,25.86,24.51,8,9,10,11,28.98,-2.86,25.76
FACTORY,1803.48,1783.28,1696.22,1567.07,5,6,7,8,1712.51,-78.8,2301.02
RESIDENT,7.84,11.23,12.08,15.56,3,4,5,6,11.68,2.57,8.96
RESIDENT,20.94,20.81,25.86,15.93,4,5,6,7,20.88,-1.67,17.98
GOVERNMENT,244.95,216.81,214.31,217.0,5,6,7,8,223.27,-9.32,219.88
RESIDENT,31.82,35.09,36.54,27.37,5,6,7,8,32.7,-1.48,40.25
RESIDENT,13.61,20.1,19.53,16.09,6,7,8,9,17.33,0.83,12.4
FACTORY,1943.2,1873.5,1626.47,1770.08,6,7,8,9,1803.31,-57.71,1588.48
GOVERNMENT,229.67,188.09,189.27,151.19,9,10,11,12,189.56,-26.16,192.95
RESIDENT,19.83,18.24,16.39,13.34,6,7,8,9,16.95,-2.16,10.94
RESIDENT,20.58,10.49,6.41,8.1,6,7,8,9,11.4,-4.16,4.13
RESIDENT,7.26,6.26,5.12,10.7,8,9,10,11,7.33,1.15,0.5
ORGANIZATION,71.71,95.77,71.57,74.46,5,6,7,8,78.38,0.92,54.42
RESIDENT,14.89,8.32,13.46,6.05,5,6,7,8,10.68,-2.95,5.41
ORGANIZATION,142.96,127.48,129.1,142.29,4,5,6,7,135.46,-0.22,111.1
RESIDENT,27.33,32.53,33.54,30.97,3,4,5,6,31.09,1.21,30.9
RESIDENT,15.29,10.31,22.19,26.0,1,2,3,4,18.45,3.57,26.24
ORGANIZATION,67.77,57.86,111.97,115.66,10,11,12,1,88.31,15.96,115.12
ORGANIZATION,105.38,140.61,113.45,138.46,2,3,4,5,124.47,11.03,102.23
RESIDENT,33.24,34.54,25.67,21.51,7,8,9,10,28.74,-3.91,25.51
RESIDENT,29.79,34.5,22.92,24.1,4,5,6,7,27.83,-1.9,24.02
FACTORY,1572.41,1037.68,1194.54,1237.92,9,10,11,12,1260.64,-111.5,1197.52
RESIDENT,21.71,16.15,16.25,24.91,10,11,12,1,19.75,1.07,24.11
RESIDENT,19.8,26.52,26.25,29.58,12,1,2,3,25.54,3.26,28.35
PUBLIC_SERVICE,104.79,140.08,150.52,129.71,3,4,5,6,131.28,8.31,122.59
RESIDENT,13.14,9.5,12.69,15.21,9,10,11,12,12.63,0.69,9.3
RESIDENT,24.62,22.53,32.64,35.72,11,12,1,2,28.88,3.7,52.85
PUBLIC_SERVICE,133.96,152.39,150.95,154.17,1,2,3,4,147.87,6.74,174.37
RESIDENT,19.54,21.41,25.26,26.27,2,3,4,5,23.12,2.24,22.39
RESIDENT,28.98,21.88,19.56,15.12,7,8,9,10,21.39,-4.62,15.96
PUBLIC_SERVICE,139.46,143.1,120.18,169.66,7,8,9,10,143.1,10.07,114.14
RESIDENT,29.1,29.49,26.63,25.44,5,6,7,8,27.66,-1.22,25.36
PUBLIC_SERVICE,154.04,138.4,150.5,115.57,6,7,8,9,139.63,-12.82,174.86
ORGANIZATION,111.25,69.84,93.42,100.33,7,8,9,10,93.71,-3.64,101.35
FACTORY,1136.64,979.81,1095.33,1021.46,10,11,12,1,1058.31,-38.39,1001.37
RESIDENT,31.61,29.21,32.24,35.43,9,10,11,12,32.12,1.27,52.55
ORGANIZATION,185.71,210.18,220.21,212.8,12,1,2,3,207.23,9.03,245.53
PUBLIC_SERVICE,105.71,100.99,98.55,132.87,8,9,10,11,109.53,9.05,112.24
RESIDENT,10.98,13.93,14.9,16.22,11,12,1,2,14.01,1.75,14.41
RESIDENT,19.27,14.99,16.8,12.43,6,7,8,9,15.87,-2.28,12.04
PUBLIC_SERVICE,66.81,76.81,72.81,89.57,12,1,2,3,76.5,7.59,84.82
RESIDENT,5.74,7.26,8.48,6.26,6,7,8,9,6.94,0.17,4.05
GOVERNMENT,175.35,168.13,176.54,212.93,12,1,2,3,183.24,12.53,178.36
RESIDENT,26.37,30.51,28.12,27.21,1,2,3,4,28.05,0.28,26.03
RESIDENT,18.82,18.54,15.47,15.66,5,6,7,8,17.12,-1.05,15.08
RESIDENT,0.5,1.38,0.5,9.49,10,11,12,1,2.97,3.0,7.15
RESIDENT,39.9,43.31,38.24,33.57,3,4,5,6,38.76,-2.11,38.43
RESIDENT,12.04,8.09,7.77,10.02,9,10,11,12,9.48,-0.67,6.23
RESIDENT,27.64,23.91,35.0,35.92,10,11,12,1,30.62,2.76,38.43
RESIDENT,32.74,38.53,28.39,33.74,5,6,7,8,33.35,0.33,29.09
ORGANIZATION,126.27,85.36,110.3,103.82,4,5,6,7,106.44,-7.48,96.17
RESIDENT,14.15,11.32,16.16,19.82,12,1,2,3,15.36,1.89,26.59
RESIDENT,10.37,14.62,12.05,12.44,3,4,5,6,12.37,0.69,19.79
RESIDENT,19.83,15.35,8.62,14.0,8,9,10,11,14.45,-1.94,10.3
RESIDENT,16.68,13.4,17.59,15.73,5,6,7,8,15.85,-0.32,10.73
RESIDENT,15.88,20.34,17.99,14.46,3,4,5,6,17.17,-0.47,19.51
RESIDENT,25.91,30.05,27.99,27.59,7,8,9,10,27.89,0.56,23.91
RESIDENT,34.87,34.71,29.45,27.19,6,7,8,9,31.55,-2.56,25.36
PUBLIC_SERVICE,69.31,52.91,35.88,42.33,6,7,8,9,50.11,-8.99,66.01
RESIDENT,25.38,26.86,29.08,32.2,2,3,4,5,28.38,2.27,42.35
GOVERNMENT,121.58,106.5,121.63,147.24,9,10,11,12,124.24,8.55,117.07
RESIDENT,12.68,12.09,20.22,16.63,11,12,1,2,15.4,1.32,22.96
RESIDENT,25.76,27.01,39.02,31.76,1,2,3,4,30.89,2.0,33.98
PUBLIC_SERVICE,117.67,111.2,130.69,150.16,12,1,2,3,127.43,10.83,118.25
ORGANIZATION,123.64,125.88,163.0,165.43,2,3,4,5,144.49,13.93,96.13
RESIDENT,10.05,4.52,2.67,11.13,11,12,1,2,7.09,0.36,13.16
RESIDENT,1.03,3.61,0.61,3.15,10,11,12,1,2.1,0.71,3.61
RESIDENT,40.27,36.77,34.45,42.06,3,4,5,6,38.39,0.6,36.3
RESIDENT,16.24,14.79,11.54,12.58,6,7,8,9,13.79,-1.22,4.21
GOVERNMENT,183.45,202.04,216.54,258.51,3,4,5,6,215.13,25.02,240.51
RESIDENT,21.48,16.9,22.41,21.03,2,3,4,5,20.45,-0.15,24.39
RESIDENT,13.11,9.03,2.77,7.83,9,10,11,12,8.19,-1.76,11.9
RESIDENT,30.01,38.05,29.28,37.94,1,2,3,4,33.82,2.64,42.65
GOVERNMENT,588.26,492.18,502.54,490.78,7,8,9,10,518.44,-32.49,519.53
ORGANIZATION,97.53,85.76,104.77,141.34,11,12,1,2,107.35,14.6,120.04
RESIDENT,6.77,11.14,3.63,19.29,12,1,2,3,10.21,4.17,16.94
RESIDENT,24.85,25.32,19.8,18.6,8,9,10,11,22.14,-2.08,21.26
ORGANIZATION,180.18,184.47,194.0,189.66,11,12,1,2,187.08,3.16,206.15
PUBLIC_SERVICE,92.83,83.76,73.03,99.29,9,10,11,12,87.23,2.15,83.5
RESIDENT,18.0,14.82,14.08,29.12,10,11,12,1,19.0,3.71,19.71
RESIDENT,22.34,27.42,25.72,24.64,3,4,5,6,25.03,0.77,23.68
RESIDENT,28.25,31.34,21.64,18.7,7,8,9,10,24.98,-3.18,12.61
RESIDENT,28.69,29.01,26.1,36.45,12,1,2,3,30.06,2.59,35.46
RESIDENT,5.4,2.56,3.78,1.71,9,10,11,12,3.36,-1.23,7.24
RESIDENT,26.93,28.7,35.65,34.12,1,2,3,4,31.35,2.4,37.61
GOVERNMENT,211.51,232.62,279.6,255.16,2,3,4,5,244.72,14.55,273.04
RESIDENT,12.09,3.2,5.56,0.5,8,9,10,11,5.34,-3.86,7.97
PUBLIC_SERVICE,12.59,26.63,19.55,43.95,11,12,1,2,25.68,10.45,35.67
ORGANIZATION,71.05,68.71,73.05,82.05,12,1,2,3,73.72,3.67,91.28
FACTORY,1728.31,1887.71,1671.06,1895.47,11,12,1,2,1795.64,55.72,2052.66
ORGANIZATION,198.41,167.93,186.45,215.95,2,3,4,5,192.19,5.85,206.57
FACTORY,482.01,458.41,642.33,812.41,11,12,1,2,598.79,110.13,776.16
RESIDENT,12.32,8.21,10.58,9.76,10,11,12,1,10.22,-0.85,12.38
RESIDENT,24.13,21.05,23.84,18.65,7,8,9,10,21.92,-1.83,22.84
FACTORY,900.98,750.97,516.58,796.83,6,7,8,9,741.34,-34.72,440.41
RESIDENT,5.41,5.29,9.38,3.38,1,2,3,4,5.86,-0.68,11.21
RESIDENT,34.3,56.45,34.06,36.42,7,8,9,10,40.31,0.71,28.69
GOVERNMENT,296.06,304.11,371.38,362.17,12,1,2,3,333.43,22.04,390.17
RESIDENT,20.3,14.8,23.07,13.93,5,6,7,8,18.02,-2.12,9.69
RESIDENT,5.46,9.72,8.81,16.16,12,1,2,3,10.04,3.57,15.27
RESIDENT,41.1,41.98,42.52,42.28,4,5,6,7,41.97,0.39,38.67
RESIDENT,28.84,28.48,25.98,26.72,5,6,7,8,27.5,-0.71,25.99
RESIDENT,33.85,47.03,30.13,36.25,9,10,11,12,36.81,0.8,32.77
RESIDENT,1.29,8.02,6.45,8.77,12,1,2,3,6.13,2.49,11.55
RESIDENT,24.12,29.18,30.79,31.19,4,5,6,7,28.82,2.36,28.75
PUBLIC_SERVICE,67.64,50.18,85.49,70.43,11,12,1,2,68.44,0.93,78.28
RESIDENT,7.6,16.58,19.29,19.46,2,3,4,5,15.73,3.95,13.6
ORGANIZATION,104.3,77.66,87.46,69.05,11,12,1,2,84.62,-11.75,118.85
RESIDENT,24.53,21.52,27.41,31.99,1,2,3,4,26.36,2.49,27.76
RESIDENT,27.08,26.71,28.89,19.91,6,7,8,9,25.65,-2.39,13.48
RESIDENT,7.14,9.16,11.14,4.52,8,9,10,11,7.99,-0.87,2.43
RESIDENT,2.9,5.48,7.46,7.03,11,12,1,2,5.72,1.38,14.29
FACTORY,471.1,549.09,429.82,640.73,11,12,1,2,522.68,56.54,815.65
FACTORY,911.11,853.5,907.32,899.82,6,7,8,9,892.94,-3.76,942.29
PUBLIC_SERVICE,56.16,47.13,58.22,54.88,2,3,4,5,54.1,-0.43,51.76
GOVERNMENT,330.07,335.1,369.2,359.21,3,4,5,6,348.4,9.71,294.63
FACTORY,901.37,953.27,1260.13,895.78,3,4,5,6,1002.64,-1.86,745.17
RESIDENT,10.77,8.98,17.82,23.73,1,2,3,4,15.32,4.32,16.27
RESIDENT,33.71,32.05,26.07,24.47,5,6,7,8,29.07,-3.08,23.68
ORGANIZATION,154.88,132.9,141.38,119.27,7,8,9,10,137.11,-11.87,120.03
PUBLIC_SERVICE,102.64,106.66,110.41,80.11,6,7,8,9,99.96,-7.51,73.05
RESIDENT,25.19,25.83,34.54,32.55,1,2,3,4,29.53,2.45,35.68
ORGANIZATION,102.2,128.8,106.45,155.08,12,1,2,3,123.13,17.63,117.25
RESIDENT,29.23,19.15,26.86,20.16,6,7,8,9,23.85,-3.02,14.53
RESIDENT,18.51,18.28,15.77,16.75,4,5,6,7,17.33,-0.59,13.39
RESIDENT,6.29,2.15,4.59,1.76,9,10,11,12,3.7,-1.51,4.58
RESIDENT,36.34,47.8,38.29,23.33,5,6,7,8,36.44,-4.34,21.42
RESIDENT,27.85,35.54,32.42,30.68,5,6,7,8,31.62,0.94,24.96
ORGANIZATION,256.22,262.07,225.81,243.3,5,6,7,8,246.85,-4.31,201.94
FACTORY,1714.73,1752.31,1917.33,1952.45,12,1,2,3,1834.2,79.24,2108.16
RESIDENT,25.8,26.44,27.3,26.59,4,5,6,7,26.53,0.26,14.25
RESIDENT,35.65,27.69,30.54,32.88,8,9,10,11,31.69,-0.92,23.5
FACTORY,582.54,632.56,447.69,401.78,8,9,10,11,516.14,-60.25,285.0
GOVERNMENT,319.29,367.13,385.08,416.89,2,3,4,5,372.1,32.53,449.49
RESIDENT,15.68,12.24,12.48,11.95,9,10,11,12,13.09,-1.24,19.27
RESIDENT,28.05,24.88,33.31,14.92,8,9,10,11,25.29,-4.38,20.42
RESIDENT,24.76,30.23,24.27,35.35,12,1,2,3,28.65,3.53,32.08
RESIDENT,31.76,33.11,27.27,25.89,8,9,10,11,29.51,-1.96,24.62
RESIDENT,10.77,10.57,4.89,3.49,8,9,10,11,7.43,-2.43,9.3
RESIDENT,34.74,30.0,23.75,24.03,7,8,9,10,28.13,-3.57,28.78
RESIDENT,11.02,9.13,12.48,7.18,8,9,10,11,9.95,-1.28,10.13
RESIDENT,30.36,45.33,35.91,35.81,1,2,3,4,36.85,1.82,37.4
RESIDENT,8.63,9.36,12.27,15.97,10,11,12,1,11.56,2.45,14.63
PUBLIC_SERVICE,52.91,35.88,42.33,66.01,7,8,9,10,49.28,4.37,37.25
PUBLIC_SERVICE,46.83,51.82,61.89,52.55,5,6,7,8,53.27,1.91,33.79
ORGANIZATION,99.85,132.44,119.14,104.97,3,4,5,6,114.1,1.71,105.24
GOVERNMENT,207.26,193.52,189.6,159.37,6,7,8,9,187.44,-15.96,174.16
PUBLIC_SERVICE,111.16,99.99,92.5,91.66,3,4,5,6,98.83,-6.5,67.07
RESIDENT,22.63,20.53,23.32,22.94,6,7,8,9,22.35,0.1,13.03
RESIDENT,28.37,29.62,30.01,26.22,3,4,5,6,28.55,-0.72,31.34
GOVERNMENT,396.12,452.7,516.17,417.16,3,4,5,6,445.54,7.01,395.98
RESIDENT,19.2,13.42,14.96,19.29,10,11,12,1,16.72,0.03,22.06
GOVERNMENT,104.82,114.92,139.66,182.45,2,3,4,5,135.46,25.88,176.83
RESIDENT,18.99,19.01,18.72,19.83,12,1,2,3,19.14,0.28,22.64
RESIDENT,7.98,13.69,7.0,17.35,1,2,3,4,11.51,3.12,7.45
PUBLIC_SERVICE,71.2,111.83,120.22,105.95,1,2,3,4,102.3,11.58,126.58
RESIDENT,33.53,23.71,25.79,28.36,7,8,9,10,27.85,-1.72,22.48
FACTORY,737.13,481.22,544.84,586.61,9,10,11,12,587.45,-50.17,606.55
RESIDENT,27.51,22.54,20.7,19.11,7,8,9,10,22.46,-2.8,17.07
RESIDENT,19.51,16.22,15.99,16.45,10,11,12,1,17.04,-1.02,24.25
RESIDENT,26.88,24.33,21.7,26.05,10,11,12,1,24.74,-0.28,36.04
GOVERNMENT,216.93,247.63,213.77,236.34,5,6,7,8,228.67,6.47,144.38
ORGANIZATION,112.15,120.6,113.0,138.14,11,12,1,2,120.97,8.66,99.8
RESIDENT,26.6,19.4,20.54,20.4,4,5,6,7,21.73,-2.07,20.95
FACTORY,1361.35,1530.96,1614.59,1678.1,1,2,3,4,1546.25,105.58,1554.46
RESIDENT,33.53,34.72,35.48,43.98,1,2,3,4,36.93,3.48,37.61
PUBLIC_SERVICE,169.51,150.14,137.93,153.23,5,6,7,8,152.7,-5.43,145.5
RESIDENT,13.19,13.53,13.85,12.41,8,9,10,11,13.25,-0.26,11.35
ORGANIZATION,175.26,130.92,173.88,132.79,5,6,7,8,153.21,-14.16,122.2
FACTORY,663.68,582.54,632.56,447.69,7,8,9,10,581.62,-72.0,401.78
RESIDENT,29.92,23.88,27.21,24.3,5,6,7,8,26.33,-1.87,23.78
RESIDENT,35.32,35.45,43.71,37.46,4,5,6,7,37.99,0.71,32.54
FACTORY,1569.61,1196.96,1493.39,1673.24,10,11,12,1,1483.3,34.54,1532.92
RESIDENT,2.55,0.5,4.96,1.26,9,10,11,12,2.32,-0.43,3.09
RESIDENT,31.2,29.99,39.64,35.51,1,2,3,4,34.09,1.44,45.84
ORGANIZATION,152.25,146.37,132.38,175.9,10,11,12,1,151.72,7.88,159.56
RESIDENT,18.71,20.36,23.42,23.51,3,4,5,6,21.5,1.6,15.76
RESIDENT,6.17,20.49,9.31,12.63,10,11,12,1,12.15,2.15,13.99
PUBLIC_SERVICE,95.49,115.3,124.33,127.34,2,3,4,5,115.62,10.62,130.45
PUBLIC_SERVICE,63.15,39.01,24.33,43.67,6,7,8,9,42.54,-6.49,43.69
RESIDENT,1.4,1.85,6.52,5.95,12,1,2,3,3.93,1.52,2.56
RESIDENT,37.41,34.32,31.5,25.22,7,8,9,10,32.11,-4.06,34.41
ORGANIZATION,157.66,131.82,145.17,151.44,9,10,11,12,146.52,-2.07,143.31
ORGANIZATION,133.97,192.81,135.81,176.65,12,1,2,3,159.81,14.23,170.58
PUBLIC_SERVICE,68.87,96.98,90.17,91.62,12,1,2,3,86.91,7.58,97.48
RESIDENT,15.92,6.26,10.44,9.46,5,6,7,8,10.52,-2.15,7.22
RESIDENT,20.89,18.39,16.34,12.2,8,9,10,11,16.96,-2.9,16.93
GOVERNMENT,159.86,158.86,104.69,111.21,5,6,7,8,133.66,-16.22,122.65
PUBLIC_SERVICE,88.81,118.14,81.66,80.75,5,6,7,8,92.34,-2.69,79.45
RESIDENT,25.62,29.86,24.07,30.75,3,4,5,6,27.58,1.71,29.14
RESIDENT,30.4,28.43,26.55,28.6,9,10,11,12,28.49,-0.6,26.01
ORGANIZATION,183.25,178.96,141.12,163.3,7,8,9,10,166.66,-6.65,154.68
RESIDENT,10.67,7.14,11.97,16.35,12,1,2,3,11.53,1.89,18.59
GOVERNMENT,429.14,344.39,366.07,277.36,8,9,10,11,354.24,-50.59,345.18
FACTORY,948.55,680.67,884.87,914.22,8,9,10,11,857.08,-11.44,837.45
PUBLIC_SERVICE,144.92,147.15,158.82,195.33,1,2,3,4,161.56,16.8,202.84
RESIDENT,2.93,10.37,11.11,13.76,1,2,3,4,9.54,3.61,16.58
RESIDENT,14.48,16.35,14.11,28.0,12,1,2,3,18.23,4.51,17.61
RESIDENT,35.82,27.74,30.31,30.89,8,9,10,11,31.19,-1.64,24.8
RESIDENT,24.33,26.56,32.0,35.17,1,2,3,4,29.52,3.61,50.38
RESIDENT,10.21,10.14,11.25,13.71,2,3,4,5,11.33,1.17,10.39
RESIDENT,21.09,19.15,25.22,30.42,2,3,4,5,23.97,3.11,24.63
ORGANIZATION,123.01,118.79,144.8,147.85,2,3,4,5,133.61,8.28,163.49
RESIDENT,16.39,13.34,10.94,9.97,8,9,10,11,12.66,-2.14,18.31
RESIDENT,14.0,10.3,14.74,30.77,11,12,1,2,17.45,5.59,21.66
RESIDENT,22.04,25.13,24.31,25.04,9,10,11,12,24.13,1.0,29.97
ORGANIZATION,76.07,113.6,77.72,82.55,7,8,9,10,87.48,2.16,64.61
RESIDENT,32.38,27.85,28.88,34.1,9,10,11,12,30.8,0.57,28.31
RESIDENT,22.55,19.85,21.95,23.97,9,10,11,12,22.08,0.47,20.47
FACTORY,2079.76,2051.34,1970.97,1905.7,7,8,9,10,2001.94,-58.02,1904.07
RESIDENT,14.56,12.75,15.3,13.96,6,7,8,9,14.14,-0.2,13.18
RESIDENT,25.15,19.9,24.17,20.32,9,10,11,12,22.38,-1.61,25.85
RESIDENT,5.88,13.05,17.86,19.27,1,2,3,4,14.02,4.46,15.84
RESIDENT,31.2,28.88,31.27,32.86,10,11,12,1,31.05,0.55,35.41
RESIDENT,16.66,22.14,24.65,25.37,12,1,2,3,22.2,2.9,36.26
PUBLIC_SERVICE,35.88,42.33,66.01,37.25,8,9,10,11,45.37,0.46,37.02
PUBLIC_SERVICE,65.29,64.28,78.29,64.41,9,10,11,12,68.07,-0.29,69.1
GOVERNMENT,288.77,284.38,288.52,242.71,4,5,6,7,276.09,-15.35,267.42
ORGANIZATION,120.7,95.01,85.46,112.69,12,1,2,3,103.47,-2.67,162.93
RESIDENT,4.51,9.6,7.02,8.47,11,12,1,2,7.4,1.32,19.53
ORGANIZATION,85.09,87.72,71.37,77.04,8,9,10,11,80.31,-2.68,52.54
PUBLIC_SERVICE,111.3,134.04,112.49,101.69,5,6,7,8,114.88,-3.2,80.7
RESIDENT,11.46,14.57,16.32,26.83,1,2,3,4,17.3,5.12,20.14
RESIDENT,33.12,39.46,31.74,31.92,4,5,6,7,34.06,-0.4,31.06
RESIDENT,22.84,29.1,31.75,31.49,3,4,5,6,28.79,2.88,26.35
GOVERNMENT,248.42,276.88,249.3,281.38,10,11,12,1,264.0,10.99,284.31
RESIDENT,9.46,8.51,20.16,21.81,3,4,5,6,14.98,4.12,15.19
FACTORY,594.21,692.42,660.66,636.76,8,9,10,11,646.01,14.18,787.22
RESIDENT,20.69,20.88,11.84,13.98,5,6,7,8,16.85,-2.24,10.02
FACTORY,883.73,954.08,789.54,915.79,4,5,6,7,885.78,10.69,704.23
ORGANIZATION,122.38,144.61,127.84,116.87,7,8,9,10,127.93,-1.84,111.83
GOVERNMENT,416.59,452.94,454.44,487.75,1,2,3,4,452.93,23.72,559.79
FACTORY,1655.79,1496.76,1339.91,1415.35,8,9,10,11,1476.95,-80.15,1328.13
FACTORY,1759.91,1907.47,2067.11,2108.17,1,2,3,4,1960.66,116.09,2185.8
FACTORY,599.1,365.9,526.18,473.27,9,10,11,12,491.11,-41.94,697.31
ORGANIZATION,174.43,158.04,121.36,105.8,6,7,8,9,139.91,-22.88,128.66
FACTORY,1350.84,1200.64,984.49,1021.69,6,7,8,9,1139.41,-109.72,953.59
RESIDENT,10.32,13.11,8.55,6.34,6,7,8,9,9.58,-1.33,5.14
RESIDENT,39.05,31.15,33.85,32.99,8,9,10,11,34.26,-2.02,33.46
GOVERNMENT,386.58,383.66,413.02,388.81,2,3,4,5,393.02,0.74,380.3
RESIDENT,21.19,24.64,25.61,24.7,2,3,4,5,24.04,1.17,24.71
ORGANIZATION,144.43,125.16,132.33,184.6,12,1,2,3,146.63,13.39,153.97
ORGANIZATION,91.97,121.21,144.62,144.35,4,5,6,7,125.54,17.46,124.14
RESIDENT,23.3,9.64,13.38,20.31,7,8,9,10,16.66,-1.0,17.09
RESIDENT,10.59,15.79,23.23,21.96,12,1,2,3,17.89,3.79,27.33
FACTORY,651.77,671.2,579.77,639.05,6,7,8,9,635.45,-4.24,503.07
ORGANIZATION,118.95,106.85,120.61,133.34,1,2,3,4,119.94,4.8,114.69
GOVERNMENT,241.1,233.61,263.91,338.04,11,12,1,2,269.17,32.31,311.01
RESIDENT,13.51,18.7,20.22,25.68,2,3,4,5,19.53,4.06,23.39
RESIDENT,20.62,18.36,16.1,24.22,8,9,10,11,19.83,1.2,17.94
RESIDENT,22.11,17.08,16.55,13.17,8,9,10,11,17.23,-2.98,13.1
RESIDENT,8.92,7.05,8.61,14.41,10,11,12,1,9.75,1.83,12.53
RESIDENT,15.7,14.89,8.32,13.46,4,5,6,7,13.09,-0.75,6.05
RESIDENT,11.29,12.1,20.0,15.94,10,11,12,1,14.83,1.55,20.33
RESIDENT,0.5,0.5,0.53,3.19,9,10,11,12,1.18,0.9,0.5
ORGANIZATION,171.07,175.11,137.91,147.76,6,7,8,9,157.96,-7.77,159.94
RESIDENT,5.72,0.91,13.76,16.71,12,1,2,3,9.28,3.66,14.39
GOVERNMENT,361.19,364.96,365.16,361.03,8,9,10,11,363.08,-0.05,380.12
ORGANIZATION,122.58,116.08,82.54,114.9,11,12,1,2,109.03,-2.56,129.98
RESIDENT,25.53,26.62,26.95,21.28,4,5,6,7,25.1,-1.42,21.6
GOVERNMENT,241.27,260.33,271.98,220.74,7,8,9,10,248.58,-6.84,251.83
PUBLIC_SERVICE,52.37,59.78,72.53,92.67,10,11,12,1,69.34,13.43,75.25
RESIDENT,26.09,25.46,33.45,30.83,1,2,3,4,28.96,1.58,28.46
RESIDENT,41.95,35.23,36.31,42.21,3,4,5,6,38.93,0.09,34.95
RESIDENT,16.54,18.92,20.95,19.37,3,4,5,6,18.95,0.94,18.83
RESIDENT,23.13,23.79,21.01,17.73,4,5,6,7,21.42,-1.8,16.99
GOVERNMENT,398.06,370.57,382.22,380.29,3,4,5,6,382.78,-5.92,360.35
GOVERNMENT,130.12,70.29,112.62,125.15,12,1,2,3,109.55,-1.66,102.27
FACTORY,889.25,817.19,968.61,710.47,9,10,11,12,846.38,-59.59,863.85
RESIDENT,6.2,5.66,12.91,13.64,12,1,2,3,9.6,2.48,16.44
GOVERNMENT,218.67,137.1,193.62,218.57,4,5,6,7,191.99,-0.03,181.84
RESIDENT,34.21,33.57,33.55,35.0,10,11,12,1,34.08,0.26,42.06
RESIDENT,35.35,34.62,43.87,38.96,2,3,4,5,38.2,1.2,37.56
RESIDENT,9.39,9.49,10.26,12.09,3,4,5,6,10.31,0.9,8.06
RESIDENT,28.88,26.41,27.35,22.26,5,6,7,8,26.23,-2.21,29.84
RESIDENT,9.78,19.76,2.24,7.43,9,10,11,12,9.8,-0.78,3.2
RESIDENT,18.54,6.03,9.38,2.25,9,10,11,12,9.05,-5.43,9.02
ORGANIZATION,182.61,170.7,213.42,165.58,9,10,11,12,183.08,-5.68,168.12
RESIDENT,23.19,33.6,20.42,29.12,8,9,10,11,26.58,1.98,28.98
GOVERNMENT,408.71,308.1,373.2,293.24,4,5,6,7,345.81,-38.49,347.94
ORGANIZATION,168.43,164.54,143.5,155.64,9,10,11,12,158.03,-4.26,179.41
PUBLIC_SERVICE,205.94,131.72,111.57,98.0,9,10,11,12,136.81,-35.98,137.73
RESIDENT,21.69,16.74,8.28,18.62,8,9,10,11,16.33,-1.02,21.1
FACTORY,1895.05,1931.7,1812.09,2008.4,11,12,1,2,1911.81,37.78,2164.09
RESIDENT,16.32,15.08,13.78,15.81,9,10,11,12,15.25,-0.17,14.72
GOVERNMENT,241.31,243.56,237.32,310.3,11,12,1,2,258.12,23.0,297.01
RESIDENT,10.8,8.81,6.34,10.57,9,10,11,12,9.13,-0.08,13.58
RESIDENT,11.14,4.52,2.43,7.82,10,11,12,1,6.48,-1.11,12.32
GOVERNMENT,177.92,124.76,133.39,91.56,7,8,9,10,131.91,-28.79,104.78
PUBLIC_SERVICE,136.93,100.32,93.95,110.09,11,12,1,2,110.32,-8.95,113.33
GOVERNMENT,339.24,289.31,290.92,283.14,4,5,6,7,300.65,-18.7,367.7
ORGANIZATION,141.83,157.41,160.4,169.16,12,1,2,3,157.2,9.11,174.31
PUBLIC_SERVICE,150.95,154.17,174.37,149.87,3,4,5,6,157.34,-0.36,158.41
RESIDENT,25.2,26.14,27.14,21.69,5,6,7,8,25.04,-1.17,16.74
GOVERNMENT,567.47,485.03,594.9,484.09,9,10,11,12,532.87,-27.79,434.78
PUBLIC_SERVICE,48.97,77.58,83.94,90.91,3,4,5,6,75.35,13.98,93.73
ORGANIZATION,92.68,172.02,99.42,105.38,10,11,12,1,117.38,4.23,116.69
FACTORY,1614.3,1649.29,1565.33,1736.54,8,9,10,11,1641.37,40.75,1565.16
GOVERNMENT,437.11,499.89,503.51,493.99,11,12,1,2,483.62,18.96,725.69
RESIDENT,10.62,11.24,18.36,15.07,12,1,2,3,13.82,1.48,13.1
RESIDENT,30.81,29.61,35.74,33.45,3,4,5,6,32.4,0.88,32.23
GOVERNMENT,361.69,460.58,378.32,355.01,4,5,6,7,388.9,-2.23,322.66
RESIDENT,24.96,28.95,28.53,31.56,2,3,4,5,28.5,2.2,26.71
RESIDENT,2.64,6.48,10.51,7.28,2,3,4,5,6.73,1.55,9.15
RESIDENT,25.74,24.44,28.58,24.66,9,10,11,12,25.85,-0.36,27.2
RESIDENT,2.03,7.86,2.07,11.82,11,12,1,2,5.95,3.26,12.42
FACTORY,830.49,867.53,849.62,1049.68,11,12,1,2,899.33,73.06,989.6
ORGANIZATION,198.21,168.26,166.83,176.23,7,8,9,10,177.38,-7.33,183.5
RESIDENT,24.12,26.02,24.38,24.39,4,5,6,7,24.73,0.09,20.46
PUBLIC_SERVICE,36.14,45.49,44.85,48.03,5,6,7,8,43.63,3.96,37.0
FACTORY,1031.1,1172.95,1188.63,1021.69,8,9,10,11,1103.59,-3.14,946.47
RESIDENT,25.86,15.93,17.98,15.08,6,7,8,9,18.71,-3.59,11.01
RESIDENT,23.56,20.36,24.79,20.28,8,9,10,11,22.25,-1.09,26.31
ORGANIZATION,95.51,119.38,97.55,131.82,11,12,1,2,111.06,12.1,158.38
GOVERNMENT,262.63,303.3,335.64,294.2,1,2,3,4,298.94,10.52,343.88
GOVERNMENT,338.85,381.11,352.4,383.69,12,1,2,3,364.01,14.95,389.86
RESIDENT,6.51,1.5,0.5,0.5,8,9,10,11,2.25,-2.0,0.89
RESIDENT,15.81,16.06,17.28,10.81,6,7,8,9,14.99,-1.67,4.45
RESIDENT,18.11,21.56,18.76,26.93,10,11,12,1,21.34,2.94,15.78
RESIDENT,22.79,22.3,22.38,10.35,6,7,8,9,19.45,-4.15,11.97
RESIDENT,34.97,24.95,38.66,27.08,10,11,12,1,31.41,-2.63,31.23
RESIDENT,12.18,9.7,9.52,7.71,8,9,10,11,9.78,-1.49,0.5
FACTORY,985.31,1181.17,1625.07,1075.51,11,12,1,2,1216.77,30.07,1151.42
RESIDENT,21.34,27.32,24.76,30.82,3,4,5,6,26.06,3.16,20.32
GOVERNMENT,262.54,209.67,176.96,190.02,8,9,10,11,209.8,-24.17,288.15
RESIDENT,11.06,11.39,15.54,19.07,4,5,6,7,14.27,2.67,7.28
PUBLIC_SERVICE,152.66,158.24,129.51,128.28,7,8,9,10,142.17,-8.13,115.34
RESIDENT,5.51,4.4,7.25,9.61,11,12,1,2,6.69,1.37,14.63
RESIDENT,18.86,21.43,26.76,28.59,11,12,1,2,23.91,3.24,32.63
ORGANIZATION,120.18,95.51,119.38,97.55,10,11,12,1,108.16,-7.54,131.82
ORGANIZATION,129.12,171.3,154.26,162.61,9,10,11,12,154.32,11.16,173.12
GOVERNMENT,419.39,500.57,471.98,483.18,3,4,5,6,468.78,21.26,490.96
RESIDENT,22.92,30.67,30.34,30.54,3,4,5,6,28.62,2.54,24.46
RESIDENT,34.2,29.54,24.09,25.39,5,6,7,8,28.3,-2.94,21.35
RESIDENT,35.01,38.47,32.88,35.79,4,5,6,7,35.54,0.26,27.28
ORGANIZATION,149.54,154.53,159.75,119.05,6,7,8,9,145.72,-10.16,190.8
PUBLIC_SERVICE,74.12,70.22,40.66,43.54,6,7,8,9,57.13,-10.19,33.13
RESIDENT,10.18,6.81,14.76,18.69,11,12,1,2,12.61,2.84,25.47
PUBLIC_SERVICE,87.27,99.49,89.56,81.0,4,5,6,7,89.33,-2.09,69.77
RESIDENT,35.73,60.47,40.73,40.41,3,4,5,6,44.33,1.56,48.89
RESIDENT,13.59,14.09,10.92,11.0,9,10,11,12,12.4,-0.86,16.11
RESIDENT,34.07,29.89,31.66,30.9,6,7,8,9,31.63,-1.06,22.57
FACTORY,1214.19,1163.1,1166.49,1392.52,10,11,12,1,1234.07,59.44,1224.22
ORGANIZATION,170.43,129.12,138.39,117.18,7,8,9,10,138.78,-17.75,125.54
RESIDENT,19.42,20.98,25.09,21.52,2,3,4,5,21.75,0.7,20.14
RESIDENT,37.38,40.84,35.22,37.18,5,6,7,8,37.66,-0.07,31.47
PUBLIC_SERVICE,132.87,112.24,119.41,149.3,11,12,1,2,128.45,5.48,142.89
RESIDENT,8.94,11.07,10.63,6.69,4,5,6,7,9.33,-0.75,5.43
ORGANIZATION,181.02,201.78,192.42,212.13,1,2,3,4,196.84,10.37,202.93
RESIDENT,30.32,27.72,30.0,29.2,8,9,10,11,29.31,-0.37,38.23
RESIDENT,17.03,9.35,8.8,16.59,8,9,10,11,12.94,-0.15,12.0
ORGANIZATION,109.52,83.62,112.77,131.76,3,4,5,6,109.42,7.41,68.3
ORGANIZATION,50.13,50.81,30.23,56.33,10,11,12,1,46.88,2.07,69.28
RESIDENT,10.8,12.76,9.42,15.21,4,5,6,7,12.05,1.47,5.9
RESIDENT,27.98,22.84,26.86,27.93,8,9,10,11,26.4,-0.02,22.39
RESIDENT,11.77,13.42,4.89,0.5,8,9,10,11,7.64,-3.76,9.41
RESIDENT,16.43,16.16,19.34,32.86,12,1,2,3,21.2,5.48,22.55
RESIDENT,26.63,25.31,30.44,23.57,6,7,8,9,26.49,-1.02,18.74
ORGANIZATION,170.54,135.85,151.47,140.27,9,10,11,12,149.53,-10.09,172.87
FACTORY,1523.91,1625.35,1600.89,1779.85,10,11,12,1,1632.5,85.31,1931.09
RESIDENT,25.3,31.9,25.37,26.56,3,4,5,6,27.28,0.42,19.1
RESIDENT,8.61,8.49,7.61,11.32,9,10,11,12,9.01,0.9,8.79
RESIDENT,24.17,25.58,31.88,37.04,11,12,1,2,29.67,4.29,45.36
RESIDENT,26.9,26.63,26.3,21.33,7,8,9,10,25.29,-1.86,23.05
RESIDENT,10.78,18.21,14.94,11.63,1,2,3,4,13.89,0.28,21.67
RESIDENT,9.33,14.03,14.95,14.14,12,1,2,3,13.11,1.6,24.61
GOVERNMENT,247.85,250.69,225.29,254.76,8,9,10,11,244.65,2.3,206.82
RESIDENT,20.68,24.34,26.62,23.86,3,4,5,6,23.88,1.06,22.26
RESIDENT,26.38,28.82,49.92,36.41,12,1,2,3,35.38,3.34,37.38
RESIDENT,21.51,22.61,20.73,12.55,7,8,9,10,19.35,-2.99,10.68
ORGANIZATION,88.6,72.62,73.79,8.17,7,8,9,10,60.79,-26.81,36.2
RESIDENT,20.12,10.23,11.94,10.51,7,8,9,10,13.2,-3.2,7.57
RESIDENT,23.0,22.85,24.81,23.79,6,7,8,9,23.61,0.26,18.67
PUBLIC_SERVICE,43.51,38.66,41.45,43.76,9,10,11,12,41.84,0.08,41.73
RESIDENT,29.06,31.36,36.4,30.57,4,5,6,7,31.85,0.5,24.99
RESIDENT,30.26,36.54,49.6,27.14,7,8,9,10,35.89,-1.04,35.91
RESIDENT,24.04,27.7,25.33,24.66,6,7,8,9,25.43,0.21,15.42
ORGANIZATION,108.16,121.7,97.86,123.38,2,3,4,5,112.78,5.07,131.09
FACTORY,1601.71,1592.28,1734.04,1774.76,1,2,3,4,1675.7,57.68,1744.03
RESIDENT,23.59,22.61,25.28,24.37,11,12,1,2,23.96,0.26,27.3
RESIDENT,11.24,8.43,6.29,2.15,7,8,9,10,7.03,-3.03,4.59
ORGANIZATION,90.63,78.19,71.48,48.74,7,8,9,10,72.26,-13.96,55.96
PUBLIC_SERVICE,130.94,144.1,131.83,138.15,5,6,7,8,136.25,2.4,124.65
GOVERNMENT,160.57,218.67,137.1,193.62,3,4,5,6,177.49,11.02,218.57
ORGANIZATION,88.25,84.36,112.6,93.62,12,1,2,3,94.71,1.79,105.54
ORGANIZATION,157.58,150.57,172.57,141.9,4,5,6,7,155.66,-5.23,117.36
FACTORY,1887.71,1671.06,1895.47,2052.66,12,1,2,3,1876.72,54.98,2180.43
RESIDENT,18.89,23.4,23.46,20.08,10,11,12,1,21.46,0.4,27.18
RESIDENT,30.04,27.37,35.53,24.34,3,4,5,6,29.32,-1.9,25.62
FACTORY,976.03,819.35,993.18,1453.88,2,3,4,5,1060.61,159.28,930.18
GOVERNMENT,441.85,423.9,419.83,433.23,9,10,11,12,429.7,-2.87,460.94
ORGANIZATION,86.62,140.73,96.79,104.97,12,1,2,3,107.28,6.12,135.41
PUBLIC_SERVICE,120.22,105.95,126.58,109.27,3,4,5,6,115.5,-3.65,119.29
ORGANIZATION,101.52,127.58,134.06,117.9,12,1,2,3,120.26,5.46,152.26
RESIDENT,16.44,19.9,11.14,13.94,2,3,4,5,15.36,-0.83,16.4
RESIDENT,12.86,6.29,1.88,0.5,8,9,10,11,5.38,-4.12,5.69
PUBLIC_SERVICE,104.26,91.4,110.63,109.37,8,9,10,11,103.92,1.7,101.08
RESIDENT,33.28,17.31,14.2,15.87,7,8,9,10,20.17,-5.8,16.58
RESIDENT,17.81,17.61,13.11,11.83,6,7,8,9,15.09,-1.99,10.12
RESIDENT,28.78,34.34,26.93,33.47,1,2,3,4,30.88,1.56,43.5
RESIDENT,3.17,10.55,10.89,12.93,2,3,4,5,9.38,3.25,10.66
RESIDENT,15.2,21.65,24.33,19.41,1,2,3,4,20.15,1.4,29.2
FACTORY,1954.46,2119.55,2153.13,2239.29,2,3,4,5,2116.61,94.94,2273.46
GOVERNMENT,184.68,191.47,132.77,180.11,8,9,10,11,172.26,-1.52,203.58
RESIDENT,29.99,27.94,24.75,29.03,5,6,7,8,27.93,-0.32,33.24
GOVERNMENT,243.24,285.23,223.6,193.79,6,7,8,9,236.47,-16.48,164.77
ORGANIZATION,178.01,203.07,169.59,195.63,9,10,11,12,186.57,5.87,188.99
GOVERNMENT,186.84,225.64,192.26,159.22,7,8,9,10,190.99,-9.21,219.19
RESIDENT,26.13,23.4,27.29,26.72,3,4,5,6,25.88,0.2,29.82
RESIDENT,16.58,19.29,19.46,13.6,3,4,5,6,17.23,-0.99,16.28
PUBLIC_SERVICE,138.4,150.5,115.57,174.86,7,8,9,10,144.83,12.15,112.34
RESIDENT,11.48,11.23,5.58,11.1,5,6,7,8,9.85,-0.13,3.26
ORGANIZATION,59.57,65.75,52.0,51.49,6,7,8,9,57.2,-2.69,44.98
RESIDENT,37.55,35.2,32.24,28.17,4,5,6,7,33.29,-3.13,25.89
ORGANIZATION,92.14,106.28,95.17,129.83,12,1,2,3,105.86,12.56,154.98
RESIDENT,39.82,35.96,37.68,30.36,7,8,9,10,35.95,-3.15,30.15
GOVERNMENT,462.09,482.72,613.22,576.55,3,4,5,6,533.64,38.15,454.46
GOVERNMENT,167.62,247.61,245.66,192.93,7,8,9,10,213.45,8.44,158.1
GOVERNMENT,324.25,300.12,350.67,327.61,5,6,7,8,325.66,1.12,357.83
RESIDENT,12.15,11.42,7.3,10.45,4,5,6,7,10.33,-0.57,8.29
RESIDENT,7.65,0.5,0.5,0.5,9,10,11,12,2.29,-2.38,1.19
RESIDENT,5.8,4.26,7.64,8.32,12,1,2,3,6.5,0.84,11.08
RESIDENT,11.24,18.36,15.07,13.1,1,2,3,4,14.44,0.62,14.42
RESIDENT,23.86,19.54,24.94,18.42,7,8,9,10,21.69,-1.81,22.25
GOVERNMENT,419.38,423.25,373.16,342.16,6,7,8,9,389.49,-25.74,372.14
FACTORY,770.07,1130.97,1078.67,985.78,3,4,5,6,991.37,71.9,968.78
RESIDENT,20.6,20.28,15.31,15.8,9,10,11,12,18.0,-1.6,21.55
RESIDENT,10.37,18.68,17.21,17.53,3,4,5,6,15.95,2.39,11.76
RESIDENT,8.8,16.59,12.0,11.13,10,11,12,1,12.13,0.78,14.17
RESIDENT,9.76,4.02,2.73,0.5,7,8,9,10,4.25,-3.09,0.9
RESIDENT,28.89,19.91,13.48,19.66,8,9,10,11,20.48,-3.08,17.58
ORGANIZATION,134.12,90.78,109.51,107.1,10,11,12,1,110.38,-9.01,122.82
PUBLIC_SERVICE,102.5,96.9,104.23,83.47,4,5,6,7,96.78,-6.34,107.27
ORGANIZATION,150.88,137.07,179.58,149.05,3,4,5,6,154.14,-0.61,164.02
RESIDENT,24.5,17.96,20.33,23.09,10,11,12,1,21.47,-0.47,24.08
RESIDENT,1.9,7.99,3.94,0.5,7,8,9,10,3.58,-0.47,1.38
RESIDENT,32.52,32.76,39.82,40.27,1,2,3,4,36.34,2.58,44.98
RESIDENT,22.54,20.7,19.11,17.07,8,9,10,11,19.85,-1.82,16.74
GOVERNMENT,484.02,420.0,506.95,467.1,2,3,4,5,469.52,-5.64,489.69
RESIDENT,2.93,2.25,2.5,0.5,9,10,11,12,2.04,-0.81,6.39
FACTORY,817.83,830.49,867.53,849.62,10,11,12,1,841.37,10.6,1049.68
ORGANIZATION,56.33,20.88,73.02,40.81,9,10,11,12,47.76,-5.17,63.29
GOVERNMENT,257.9,202.4,292.17,302.54,10,11,12,1,263.75,14.88,319.16
RESIDENT,24.41,23.82,22.48,26.37,2,3,4,5,24.27,0.65,26.94
RESIDENT,4.86,14.79,7.38,17.04,1,2,3,4,11.02,4.06,8.31
PUBLIC_SERVICE,104.88,83.56,104.56,102.55,8,9,10,11,98.89,-0.78,93.02
PUBLIC_SERVICE,149.85,135.53,158.52,139.14,8,9,10,11,145.76,-3.57,139.0
PUBLIC_SERVICE,112.7,103.9,93.46,86.94,6,7,8,9,99.25,-8.59,118.0
RESIDENT,13.54,16.7,18.18,11.18,4,5,6,7,14.9,-0.79,15.14
RESIDENT,10.94,14.15,14.76,17.98,1,2,3,4,14.46,2.35,20.25
RESIDENT,9.76,13.83,19.12,20.46,11,12,1,2,15.79,3.57,19.5
FACTORY,1877.36,1965.59,1786.54,1633.13,6,7,8,9,1815.65,-81.41,1705.43
RESIDENT,34.29,23.88,28.57,23.92,9,10,11,12,27.67,-3.46,29.32
FACTORY,1801.6,1990.35,1780.22,1800.44,3,4,5,6,1843.15,-0.39,1966.8
FACTORY,1623.48,1940.34,1981.06,1978.68,11,12,1,2,1880.89,118.4,2180.2
ORGANIZATION,94.41,103.53,65.64,47.76,9,10,11,12,77.83,-15.55,112.43
GOVERNMENT,72.05,206.75,163.86,214.25,4,5,6,7,164.23,47.4,174.88
FACTORY,869.98,779.59,697.53,1357.05,12,1,2,3,926.04,162.36,1173.24
RESIDENT,29.55,25.31,26.52,31.88,10,11,12,1,28.31,0.78,36.24
RESIDENT,5.88,7.88,9.5,8.89,3,4,5,6,8.04,1.0,2.97
ORGANIZATION,211.36,199.55,200.22,181.02,4,5,6,7,198.04,-10.11,196.02
GOVERNMENT,368.55,363.88,367.4,534.4,7,8,9,10,408.56,55.28,287.71
ORGANIZATION,77.74,122.09,57.3,73.43,6,7,8,9,82.64,-1.44,66.87
GOVERNMENT,294.05,270.9,193.34,207.72,8,9,10,11,241.5,-28.78,173.45
RESIDENT,23.3,25.93,24.08,23.22,3,4,5,6,24.13,-0.03,28.02
ORGANIZATION,169.55,122.86,220.08,150.34,10,11,12,1,165.71,-6.4,159.42
RESIDENT,17.81,24.92,19.28,33.78,12,1,2,3,23.95,5.32,30.37
FACTORY,746.07,559.76,684.04,371.32,7,8,9,10,590.3,-124.92,464.98
RESIDENT,18.36,16.1,24.22,17.94,9,10,11,12,19.16,-0.14,24.6
RESIDENT,34.3,31.84,28.09,29.33,8,9,10,11,30.89,-1.66,32.26
RESIDENT,21.76,18.03,24.13,9.69,7,8,9,10,18.4,-4.02,12.2
FACTORY,1625.07,1075.51,1151.42,1094.64,1,2,3,4,1236.66,-176.81,1113.35
RESIDENT,31.82,30.17,26.82,28.41,5,6,7,8,29.3,-1.14,26.92
ORGANIZATION,224.86,205.23,230.36,207.69,5,6,7,8,217.04,-5.72,210.65
ORGANIZATION,144.28,180.63,194.9,162.87,1,2,3,4,170.67,6.2,137.95
RESIDENT,25.77,30.87,26.02,19.4,6,7,8,9,25.52,-2.12,14.86
RESIDENT,35.89,33.47,33.41,32.81,3,4,5,6,33.89,-1.03,37.25
ORGANIZATION,211.54,202.68,195.95,164.08,6,7,8,9,193.56,-15.82,186.7
RESIDENT,2.95,6.43,2.46,1.51,9,10,11,12,3.34,-0.48,6.3
ORGANIZATION,197.13,183.25,178.96,141.12,6,7,8,9,175.12,-18.67,163.3
PUBLIC_SERVICE,32.9,53.26,60.64,62.84,2,3,4,5,52.41,9.98,59.0
RESIDENT,4.02,8.05,8.75,11.16,10,11,12,1,8.0,2.38,8.93
RESIDENT,4.8,11.39,11.79,12.74,1,2,3,4,10.18,2.65,16.05
RESIDENT,18.39,16.34,12.2,16.93,9,10,11,12,15.97,-0.49,20.36
RESIDENT,17.99,14.46,19.51,11.01,5,6,7,8,15.74,-2.33,11.15
RESIDENT,23.95,20.25,20.66,20.96,9,10,11,12,21.45,-1.0,29.85
RESIDENT,11.72,7.59,2.95,6.43,7,8,9,10,7.17,-1.76,2.46
RESIDENT,11.57,19.26,18.17,18.17,10,11,12,1,16.79,2.2,20.45
ORGANIZATION,38.11,31.59,28.39,75.34,10,11,12,1,43.36,12.41,70.91
PUBLIC_SERVICE,153.33,123.39,157.01,165.93,1,2,3,4,149.92,4.2,221.74
GOVERNMENT,231.24,224.0,175.74,276.4,9,10,11,12,226.84,15.05,247.06
RESIDENT,26.7,26.59,32.98,38.69,11,12,1,2,31.24,4.0,41.82
RESIDENT,30.01,29.89,34.91,26.16,3,4,5,6,30.24,-1.28,31.66
FACTORY,2160.2,2088.23,2227.71,2287.28,4,5,6,7,2190.86,42.36,2319.01
RESIDENT,14.86,9.94,8.27,4.67,6,7,8,9,9.43,-3.4,4.76
RESIDENT,28.68,28.81,30.34,24.85,4,5,6,7,28.17,-1.28,30.07
RESIDENT,11.17,15.65,9.05,8.45,7,8,9,10,11.08,-0.91,13.48
RESIDENT,37.25,44.32,40.15,38.92,3,4,5,6,40.16,0.56,46.29
GOVERNMENT,390.9,380.66,401.39,356.56,4,5,6,7,382.38,-11.45,347.18
RESIDENT,12.15,12.81,8.76,6.83,9,10,11,12,10.14,-1.77,10.35
GOVERNMENT,415.67,412.49,474.02,379.99,5,6,7,8,420.54,-11.89,352.59
RESIDENT,2.06,5.41,5.29,9.38,12,1,2,3,5.54,2.44,3.38
GOVERNMENT,182.83,167.56,119.24,194.87,9,10,11,12,166.12,4.01,176.37
RESIDENT,10.41,8.59,20.4,23.29,1,2,3,4,15.67,4.29,14.84
RESIDENT,12.54,17.11,22.1,11.35,6,7,8,9,15.78,-0.4,9.23
RESIDENT,28.1,34.94,31.55,37.13,3,4,5,6,32.93,3.01,30.32
RESIDENT,13.08,13.06,21.31,17.97,2,3,4,5,16.36,1.63,17.92
RESIDENT,12.0,8.26,8.2,5.92,8,9,10,11,8.59,-2.03,11.17
RESIDENT,29.81,33.61,26.38,32.5,4,5,6,7,30.57,0.9,27.08
FACTORY,451.67,414.5,496.37,371.9,8,9,10,11,433.61,-26.59,409.23
FACTORY,1900.58,1861.44,1888.24,1780.72,7,8,9,10,1857.75,-39.95,1690.27
RESIDENT,31.51,32.58,36.89,31.45,3,4,5,6,33.11,-0.02,32.54
RESIDENT,30.77,27.55,38.59,25.7,5,6,7,8,30.65,-1.69,22.43
ORGANIZATION,131.82,145.17,151.44,143.31,10,11,12,1,142.94,3.83,184.61
FACTORY,691.25,904.5,781.59,1004.27,1,2,3,4,845.4,104.34,1086.61
PUBLIC_SERVICE,101.57,91.9,93.21,98.36,3,4,5,6,96.26,-1.07,96.21
GOVERNMENT,371.75,406.18,438.48,411.65,12,1,2,3,407.01,13.3,477.58
RESIDENT,28.16,30.06,30.25,23.9,5,6,7,8,28.09,-1.42,20.12
FACTORY,770.25,641.68,393.77,491.03,7,8,9,10,574.18,-93.07,642.64
RESIDENT,11.47,10.55,7.77,9.08,6,7,8,9,9.72,-0.8,0.5
RESIDENT,7.28,11.38,21.56,11.57,2,3,4,5,12.95,1.43,16.11
RESIDENT,6.73,10.4,10.94,6.71,10,11,12,1,8.7,-0.01,13.2
RESIDENT,38.98,41.01,43.33,43.26,3,4,5,6,41.64,1.43,38.07
RESIDENT,6.34,6.27,7.98,13.69,11,12,1,2,8.57,2.45,7.0
RESIDENT,15.5,10.14,11.29,13.31,8,9,10,11,12.56,-0.73,17.64
RESIDENT,33.3,32.45,36.22,38.52,3,4,5,6,35.12,1.74,31.17
RESIDENT,20.42,21.99,20.81,23.11,4,5,6,7,21.58,0.9,26.2
RESIDENT,30.15,38.33,25.34,25.92,9,10,11,12,29.93,-1.41,13.88
PUBLIC_SERVICE,137.93,167.22,166.89,159.56,3,4,5,6,157.9,7.21,209.2
RESIDENT,28.26,30.3,34.78,35.3,12,1,2,3,32.16,2.35,42.99
RESIDENT,0.61,1.59,4.42,0.5,10,11,12,1,1.78,-0.04,1.82
RESIDENT,36.95,41.28,42.56,37.36,2,3,4,5,39.54,0.14,55.43
ORGANIZATION,88.24,105.57,172.13,133.85,2,3,4,5,124.95,15.2,150.48
RESIDENT,13.56,14.87,4.16,7.0,6,7,8,9,9.9,-2.19,2.97
RESIDENT,38.42,35.05,36.55,31.4,9,10,11,12,35.35,-2.34,34.01
FACTORY,1000.75,1160.96,1263.51,1240.12,12,1,2,3,1166.34,79.79,1526.74
RESIDENT,20.53,22.21,21.87,22.13,3,4,5,6,21.68,0.53,19.63
RESIDENT,10.37,11.11,13.76,16.58,2,3,4,5,12.95,2.07,13.25
RESIDENT,26.87,30.87,34.01,32.39,3,4,5,6,31.04,1.84,27.17
RESIDENT,24.23,16.35,11.11,15.2,7,8,9,10,16.72,-3.01,11.61
RESIDENT,7.3,4.32,10.83,8.94,1,2,3,4,7.85,0.55,15.42
RESIDENT,7.72,8.56,8.18,3.84,9,10,11,12,7.08,-1.29,9.03
RESIDENT,8.13,4.99,5.9,6.41,9,10,11,12,6.36,-0.57,3.98
PUBLIC_SERVICE,113.74,98.59,96.63,66.89,7,8,9,10,93.96,-15.62,67.35
RESIDENT,14.03,15.82,6.9,1.28,6,7,8,9,9.51,-4.25,6.63
GOVERNMENT,378.32,539.82,405.41,353.62,1,2,3,4,419.29,-8.23,591.42
RESIDENT,12.09,10.86,8.71,8.17,6,7,8,9,9.96,-1.31,10.59
RESIDENT,24.91,20.82,20.22,22.13,9,10,11,12,22.02,-0.93,27.65
RESIDENT,21.52,21.72,28.88,28.78,10,11,12,1,25.22,2.42,34.34
RESIDENT,27.59,19.97,27.23,33.56,3,4,5,6,27.09,1.99,19.7
RESIDENT,12.82,14.01,6.35,5.42,8,9,10,11,9.65,-2.47,4.15
RESIDENT,37.28,34.4,36.36,32.46,3,4,5,6,35.12,-1.61,41.56
PUBLIC_SERVICE,37.22,64.89,53.95,63.86,11,12,1,2,54.98,8.88,62.51
PUBLIC_SERVICE,101.69,80.7,95.97,138.4,8,9,10,11,104.19,12.24,97.78
PUBLIC_SERVICE,115.11,156.52,146.41,166.36,1,2,3,4,146.1,17.08,176.22
RESIDENT,24.75,29.03,33.24,17.46,7,8,9,10,26.12,-2.43,21.85
RESIDENT,18.16,19.69,23.85,23.24,3,4,5,6,21.23,1.69,19.53
GOVERNMENT,304.03,254.13,300.88,282.27,10,11,12,1,285.33,-7.25,278.8
RESIDENT,36.38,31.51,32.7,22.91,7,8,9,10,30.88,-4.49,28.64
RESIDENT,23.48,23.94,23.72,23.8,3,4,5,6,23.73,0.11,22.56
RESIDENT,29.87,33.58,31.0,38.46,1,2,3,4,33.23,2.86,40.57
RESIDENT,19.01,18.72,19.83,22.64,1,2,3,4,20.05,1.21,26.53
RESIDENT,21.95,23.97,20.47,21.68,11,12,1,2,22.02,-0.09,27.06
RESIDENT,22.01,17.74,14.85,14.01,7,8,9,10,17.15,-2.67,8.59
ORGANIZATION,137.91,147.76,159.94,176.23,8,9,10,11,155.46,12.77,179.39
RESIDENT,26.13,25.84,30.46,20.52,3,4,5,6,25.74,-1.87,27.6
RESIDENT,15.51,15.78,11.8,21.63,9,10,11,12,16.18,2.04,20.33
RESIDENT,18.09,15.52,16.11,13.21,9,10,11,12,15.73,-1.63,14.4
RESIDENT,15.03,21.62,20.1,28.32,4,5,6,7,21.27,4.43,13.49
RESIDENT,32.79,34.92,33.2,30.24,3,4,5,6,32.79,-0.85,31.03
RESIDENT,15.54,19.07,7.28,9.39,6,7,8,9,12.82,-2.05,2.72
ORGANIZATION,114.75,112.64,115.32,122.58,8,9,10,11,116.32,2.61,116.08
GOVERNMENT,280.61,253.95,266.53,315.42,2,3,4,5,279.13,11.6,314.6
ORGANIZATION,83.39,71.71,95.77,71.57,4,5,6,7,80.61,-3.94,74.46
FACTORY,1940.34,1981.06,1978.68,2180.2,12,1,2,3,2020.07,79.95,2308.73
PUBLIC_SERVICE,77.95,117.14,86.79,81.72,12,1,2,3,90.9,1.26,84.1
RESIDENT,24.81,23.79,18.67,19.26,8,9,10,11,21.63,-1.85,16.3
RESIDENT,34.31,40.05,39.96,36.5,3,4,5,6,37.7,0.73,36.6
ORGANIZATION,174.89,185.88,190.2,219.93,1,2,3,4,192.73,15.01,229.54
FACTORY,1744.23,1655.79,1496.76,1339.91,7,8,9,10,1559.17,-134.77,1415.35
GOVERNMENT,253.29,243.24,285.23,223.6,5,6,7,8,251.34,-9.9,193.79
ORGANIZATION,122.86,220.08,150.34,159.42,11,12,1,2,163.17,12.19,192.5
GOVERNMENT,139.57,161.6,74.67,102.37,8,9,10,11,119.55,-12.4,79.61
RESIDENT,29.81,32.92,30.85,26.21,4,5,6,7,29.95,-1.2,21.38
RESIDENT,25.32,19.93,23.4,21.53,9,10,11,12,22.55,-1.26,25.18
RESIDENT,33.95,30.24,25.71,20.22,7,8,9,10,27.53,-4.58,25.04
RESIDENT,10.02,8.49,4.74,7.82,9,10,11,12,7.77,-0.73,14.17
FACTORY,1624.39,2196.51,1541.37,1461.91,6,7,8,9,1706.05,-54.16,1506.42
PUBLIC_SERVICE,158.52,162.14,149.85,135.53,6,7,8,9,151.51,-7.66,158.52
RESIDENT,8.07,6.67,3.62,8.93,9,10,11,12,6.82,0.29,14.76
PUBLIC_SERVICE,124.85,128.69,132.3,130.0,8,9,10,11,128.96,1.72,132.55
RESIDENT,15.58,13.48,16.78,12.12,9,10,11,12,14.49,-1.15,26.31
GOVERNMENT,274.17,322.12,350.81,319.12,9,10,11,12,316.55,14.98,305.98
RESIDENT,11.19,8.77,8.91,0.5,6,7,8,9,7.34,-3.56,0.5
RESIDENT,18.89,16.25,18.14,26.3,11,12,1,2,19.89,2.47,22.41
ORGANIZATION,175.12,166.19,135.25,151.25,9,10,11,12,156.95,-7.96,171.63
PUBLIC_SERVICE,144.42,118.89,104.14,74.62,4,5,6,7,110.52,-23.27,103.57
RESIDENT,26.34,22.56,26.62,28.56,11,12,1,2,26.02,0.74,28.76
RESIDENT,14.66,19.6,18.41,12.09,8,9,10,11,16.19,-0.86,12.42
ORGANIZATION,34.53,66.84,16.97,64.18,10,11,12,1,45.63,9.88,83.58
FACTORY,602.54,644.54,302.38,554.52,8,9,10,11,526.0,-16.01,401.12
ORGANIZATION,188.71,185.71,210.18,220.21,11,12,1,2,201.2,10.5,212.8
PUBLIC_SERVICE,61.53,51.93,20.81,30.12,8,9,10,11,41.1,-10.47,40.94
RESIDENT,2.92,10.35,8.44,4.7,8,9,10,11,6.6,0.59,3.53
PUBLIC_SERVICE,66.35,39.0,51.57,23.89,8,9,10,11,45.2,-14.15,32.08
RESIDENT,11.01,10.39,11.99,10.94,10,11,12,1,11.08,-0.02,14.15
RESIDENT,26.97,21.61,26.76,33.2,11,12,1,2,27.14,2.08,38.35
RESIDENT,10.51,6.62,6.7,4.97,8,9,10,11,7.2,-1.85,12.73
RESIDENT,19.33,12.69,19.85,9.92,4,5,6,7,15.45,-3.14,8.96
RESIDENT,30.27,26.22,29.35,31.14,12,1,2,3,29.25,0.29,33.25
ORGANIZATION,56.3,59.68,96.95,76.36,12,1,2,3,72.32,6.69,112.29
ORGANIZATION,167.51,154.46,171.63,263.06,11,12,1,2,189.17,31.85,209.07
FACTORY,1379.88,1294.19,1322.06,1302.55,8,9,10,11,1324.67,-25.78,1212.31
RESIDENT,21.43,17.93,12.05,14.67,5,6,7,8,16.52,-2.25,3.55
RESIDENT,2.6,8.91,3.35,8.2,11,12,1,2,5.76,1.87,12.37
RESIDENT,12.3,2.48,2.97,5.89,8,9,10,11,5.91,-2.14,6.1
RESIDENT,28.57,23.92,29.32,28.57,11,12,1,2,27.59,0.0,31.17
RESIDENT,21.37,22.59,20.44,16.25,7,8,9,10,20.16,-1.71,17.34
RESIDENT,0.5,5.78,11.31,8.88,11,12,1,2,6.62,2.79,9.34
RESIDENT,36.36,33.53,23.71,25.79,6,7,8,9,29.85,-3.52,28.36
RESIDENT,9.5,12.69,15.21,9.3,10,11,12,1,11.68,-0.07,27.39
RESIDENT,0.5,3.44,12.71,11.01,1,2,3,4,6.92,3.5,12.44
RESIDENT,16.96,10.78,9.43,10.96,7,8,9,10,12.03,-2.0,11.5
RESIDENT,11.39,11.79,12.74,16.05,2,3,4,5,12.99,1.55,11.85
RESIDENT,29.33,29.36,29.95,33.43,6,7,8,9,30.52,1.37,30.66
ORGANIZATION,115.5,135.2,122.51,113.74,2,3,4,5,121.74,-0.59,138.78
RESIDENT,20.29,24.79,16.55,20.8,11,12,1,2,20.61,0.17,19.86
RESIDENT,20.88,11.84,13.98,10.02,6,7,8,9,14.18,-3.62,8.29
RESIDENT,8.19,16.2,19.28,21.51,12,1,2,3,16.3,4.44,24.25
RESIDENT,37.99,66.26,38.84,30.72,4,5,6,7,43.45,-2.42,30.31
RESIDENT,11.51,6.92,12.25,13.89,12,1,2,3,11.14,0.79,10.5
RESIDENT,25.85,39.88,27.18,29.56,9,10,11,12,30.62,1.24,28.57
GOVERNMENT,335.85,363.92,307.25,320.0,5,6,7,8,331.75,-5.28,290.25
PUBLIC_SERVICE,33.95,35.6,36.18,54.4,1,2,3,4,40.03,6.82,33.55
PUBLIC_SERVICE,50.99,46.67,57.91,61.87,9,10,11,12,54.36,3.63,63.11
GOVERNMENT,337.58,318.74,386.71,370.01,6,7,8,9,353.26,10.81,362.4
ORGANIZATION,101.93,114.71,108.51,83.46,4,5,6,7,102.15,-6.16,72.8
GOVERNMENT,137.99,259.62,285.45,303.54,1,2,3,4,246.65,55.18,258.25
ORGANIZATION,46.94,35.1,31.65,20.85,9,10,11,12,33.63,-8.7,63.5
ORGANIZATION,86.48,111.14,107.41,95.42,1,2,3,4,100.11,2.98,109.96
GOVERNMENT,371.79,464.15,377.41,469.4,10,11,12,1,420.69,32.54,477.6
GOVERNMENT,239.53,220.01,262.71,258.96,12,1,2,3,245.3,6.48,243.52
RESIDENT,20.41,19.1,23.24,25.57,2,3,4,5,22.08,1.72,30.21
RESIDENT,4.79,5.32,5.71,2.87,10,11,12,1,4.67,-0.64,8.41
GOVERNMENT,460.49,540.02,452.36,414.21,5,6,7,8,466.77,-15.43,432.19
RESIDENT,32.54,28.04,24.62,27.66,6,7,8,9,28.21,-1.63,19.57
RESIDENT,19.28,17.6,11.56,11.08,5,6,7,8,14.88,-2.73,3.28
RESIDENT,15.27,13.63,28.04,10.47,9,10,11,12,16.85,-1.6,21.54
PUBLIC_SERVICE,57.99,48.74,73.85,77.28,11,12,1,2,64.47,6.43,65.89
RESIDENT,30.03,28.98,30.94,31.91,12,1,2,3,30.46,0.63,33.98
RESIDENT,30.41,21.14,17.75,17.52,8,9,10,11,21.7,-4.3,15.33
PUBLIC_SERVICE,79.09,99.6,88.06,79.04,4,5,6,7,86.45,-0.02,66.45
ORGANIZATION,79.37,142.29,133.97,108.49,1,2,3,4,116.03,9.71,127.85
RESIDENT,16.04,13.02,9.82,6.19,9,10,11,12,11.27,-3.28,12.29
